timestamp,txn_amount,hour_of_day,device_change_count_30d,velocity_last_1h,agent_distance_km,failed_pin_attempts_24h,is_cash_out,is_fraud
2026-09-07T03:57:25.509910+00:00,3459.05,3,1,0,13.57,0,0,0
2026-09-07T03:58:14.975871+00:00,326.93,3,1,0,5.32,1,1,0
2026-09-07T03:59:12.280033+00:00,21280.76,3,0,2,1.32,0,0,1
2026-09-07T04:02:44.476892+00:00,4814.57,4,0,0,3.5,0,0,0
2026-09-07T04:03:44.226570+00:00,2467.14,4,0,0,4.99,0,1,0
2026-09-07T04:06:43.835686+00:00,8478.11,4,0,0,1.24,0,1,0
2026-09-07T04:07:19.699374+00:00,1851.78,4,0,0,5.0,1,0,0
2026-09-07T04:07:20.036768+00:00,6584.09,4,0,1,1.23,0,0,0
2026-09-07T04:07:25.038678+00:00,1967.01,4,1,2,5.16,1,0,0
2026-09-07T04:14:16.154738+00:00,28000.0,4,0,1,3.63,0,1,1
2026-09-07T04:14:38.822850+00:00,10347.18,4,0,2,7.08,0,1,0
2026-09-07T04:22:45.210084+00:00,1337.41,4,0,0,3.69,0,1,1
2026-09-07T04:25:08.941477+00:00,20042.12,4,0,2,6.84,0,1,1
2026-09-07T04:27:53.450391+00:00,6080.23,4,0,1,3.82,0,1,0
2026-09-07T04:31:01.765378+00:00,817.07,4,0,2,1.56,0,0,0
2026-09-07T04:36:03.277582+00:00,3192.6,4,0,0,6.62,0,0,0
2026-09-07T04:37:39.718855+00:00,301.47,4,0,2,4.4,1,0,0
2026-09-07T04:37:40.684998+00:00,5859.14,4,0,1,0.4,0,0,0
2026-09-07T04:44:57.900781+00:00,673.83,4,0,0,1.91,1,0,0
2026-09-07T04:52:24.583589+00:00,295.03,4,0,0,9.83,0,0,0
2026-09-07T04:55:23.950478+00:00,1695.81,4,0,1,16.04,0,0,0
2026-09-07T04:58:37.617885+00:00,2812.64,4,2,1,2.99,0,0,1
2026-09-07T05:00:35.499472+00:00,6237.44,5,0,0,4.34,0,0,0
2026-09-07T05:04:32.105280+00:00,11768.9,5,1,1,4.62,0,0,0
2026-09-07T05:22:58.967112+00:00,1912.52,5,0,0,3.41,0,0,0
2026-09-07T05:29:24.615567+00:00,259.52,5,0,1,1.16,0,0,0
2026-09-07T05:38:20.004888+00:00,4484.84,5,0,0,1.96,1,0,0
2026-09-07T05:42:57.640686+00:00,18261.58,5,3,1,1.26,0,0,1
2026-09-07T05:50:37.899886+00:00,1960.83,5,0,1,1.67,0,0,0
2026-09-07T06:07:25.451179+00:00,1244.01,6,0,1,1.45,0,1,0
2026-09-07T06:11:46.672940+00:00,2293.46,6,0,3,4.0,0,0,0
2026-09-07T06:15:57.091886+00:00,1383.25,6,0,3,1.54,0,0,0
2026-09-07T06:23:16.654595+00:00,4587.18,6,1,2,8.19,1,0,0
2026-09-07T06:34:52.511629+00:00,2572.09,6,1,2,3.6,1,0,0
2026-09-07T06:37:36.713464+00:00,26460.89,6,0,2,2.19,0,1,1
2026-09-07T06:38:42.638116+00:00,2569.64,6,0,1,2.25,0,0,0
2026-09-07T06:41:56.592155+00:00,18222.45,6,0,1,1.04,0,0,0
2026-09-07T06:42:23.465601+00:00,25614.23,6,4,1,2.12,1,0,1
2026-09-07T06:46:11.780497+00:00,2666.98,6,0,2,9.58,0,1,0
2026-09-07T06:46:40.153750+00:00,801.54,6,1,2,9.82,0,1,0
2026-09-07T06:55:12.937541+00:00,3185.95,6,0,2,1.14,0,0,0
2026-09-07T06:57:49.206508+00:00,1476.72,6,0,1,4.4,0,1,0
2026-09-07T07:05:15.383871+00:00,6013.61,7,0,3,6.45,0,0,0
2026-09-07T07:05:24.947558+00:00,1992.33,7,1,0,5.25,2,1,1
2026-09-07T07:05:52.714702+00:00,4207.97,7,0,1,4.29,0,0,0
2026-09-07T07:17:01.556252+00:00,381.32,7,1,2,1.31,0,0,0
2026-09-07T07:17:33.852780+00:00,1673.51,7,0,0,7.19,0,0,0
2026-09-07T07:30:19.783206+00:00,13144.31,7,0,1,3.22,0,0,0
2026-09-07T07:34:01.457347+00:00,5348.51,7,0,0,4.24,0,0,0
2026-09-07T07:35:34.977953+00:00,617.71,7,0,1,8.45,0,0,0
2026-09-07T07:42:50.510927+00:00,1101.29,7,0,3,3.96,0,1,0
2026-09-07T07:46:27.881556+00:00,1340.65,7,0,3,10.9,0,0,0
2026-09-07T07:46:55.654584+00:00,3422.77,7,0,1,1.62,0,1,0
2026-09-07T07:47:34.408609+00:00,24413.54,7,0,1,11.09,0,0,0
2026-09-07T07:47:59.931319+00:00,4490.09,7,0,1,2.46,0,1,0
2026-09-07T07:54:46.384048+00:00,2341.9,7,0,0,4.57,0,0,0
2026-09-07T07:55:28.680208+00:00,5388.19,7,0,0,12.76,0,1,0
2026-09-07T07:58:35.404670+00:00,18439.78,7,0,0,3.07,0,0,0
2026-09-07T08:00:11.715267+00:00,483.21,8,0,1,2.39,0,0,0
2026-09-07T08:01:05.608372+00:00,18591.47,8,0,2,2.99,0,0,0
2026-09-07T08:04:04.007181+00:00,9797.13,8,1,0,3.08,0,1,0
2026-09-07T08:05:41.800635+00:00,5100.02,8,0,2,6.28,0,0,0
2026-09-07T08:06:12.906695+00:00,2826.12,8,0,2,4.96,0,0,0
2026-09-07T08:07:38.721465+00:00,3390.36,8,0,2,14.94,0,1,0
2026-09-07T08:10:16.727308+00:00,25238.89,8,2,1,1.27,0,0,1
2026-09-07T08:18:09.288557+00:00,1849.49,8,0,1,5.77,0,1,0
2026-09-07T08:24:03.820909+00:00,19570.56,8,1,2,0.49,0,1,1
2026-09-07T08:32:29.833134+00:00,12165.02,8,0,1,7.07,0,0,0
2026-09-07T08:32:47.532114+00:00,6431.25,8,0,0,1.74,0,0,0
2026-09-07T08:36:10.968015+00:00,1308.47,8,0,3,0.83,2,0,0
2026-09-07T08:50:10.299693+00:00,2054.28,8,0,1,1.18,0,0,0
2026-09-07T08:54:03.030697+00:00,17713.36,8,0,1,17.53,0,0,0
2026-09-07T08:57:15.274961+00:00,576.66,8,0,1,2.68,0,0,0
2026-09-07T08:57:29.418914+00:00,28000.0,8,1,0,4.34,0,1,1
2026-09-07T08:58:33.375418+00:00,1717.72,8,0,1,11.46,0,0,0
2026-09-07T09:03:17.331335+00:00,26954.59,9,0,1,6.76,0,1,0
2026-09-07T09:03:29.564851+00:00,731.77,9,1,0,8.54,0,1,0
2026-09-07T09:08:49.455258+00:00,2600.12,9,1,2,5.96,0,0,0
2026-09-07T09:14:34.444109+00:00,137.61,9,0,1,2.14,0,0,0
2026-09-07T09:14:46.847013+00:00,4683.55,9,0,2,21.54,0,0,0
2026-09-07T09:19:19.812585+00:00,2842.97,9,0,1,6.77,0,1,0
2026-09-07T09:23:38.324567+00:00,18462.18,9,0,1,5.18,0,1,1
2026-09-07T09:28:00.525251+00:00,20949.86,9,0,0,2.0,0,0,0
2026-09-07T09:32:08.361115+00:00,818.52,9,0,1,7.51,0,0,0
2026-09-07T09:35:40.755905+00:00,307.16,9,0,1,3.26,0,0,0
2026-09-07T09:47:11.798953+00:00,19132.88,9,0,2,5.87,1,0,0
2026-09-07T09:52:09.709184+00:00,23244.88,9,0,0,4.29,0,1,0
2026-09-07T09:52:43.690830+00:00,2732.45,9,0,0,3.31,0,0,0
2026-09-07T09:56:20.642877+00:00,3090.84,9,0,0,0.55,2,1,0
2026-09-07T09:57:37.872260+00:00,2609.9,9,0,0,5.25,0,0,0
2026-09-07T09:57:50.745838+00:00,1080.38,9,0,0,2.38,0,1,0
2026-09-07T09:58:14.016049+00:00,957.23,9,1,0,4.8,0,0,0
2026-09-07T10:02:01.630418+00:00,531.71,10,1,1,4.15,0,1,0
2026-09-07T10:03:55.892374+00:00,6111.02,10,1,1,1.16,0,0,0
2026-09-07T10:09:15.807342+00:00,3126.76,10,0,2,5.72,1,0,0
2026-09-07T10:17:43.400523+00:00,720.55,10,0,0,2.43,2,1,0
2026-09-07T10:19:48.987638+00:00,684.17,10,0,1,4.33,3,1,0
2026-09-07T10:25:58.034398+00:00,6664.32,10,0,4,1.42,0,0,0
2026-09-07T10:27:23.064478+00:00,4404.42,10,0,0,3.6,0,0,0
2026-09-07T10:28:03.739440+00:00,3506.54,10,0,1,9.76,0,0,0
2026-09-07T10:29:28.947218+00:00,1731.46,10,3,1,5.88,0,0,0
2026-09-07T10:29:57.838504+00:00,1032.09,10,0,0,1.84,0,0,0
2026-09-07T10:32:52.458700+00:00,26323.11,10,0,1,2.01,0,0,0
2026-09-07T10:34:14.110414+00:00,5166.34,10,0,3,5.11,0,0,0
2026-09-07T10:34:24.079269+00:00,1209.5,10,0,2,14.01,0,1,0
2026-09-07T10:36:09.549771+00:00,6079.25,10,0,1,4.16,1,1,0
2026-09-07T10:36:37.890778+00:00,4612.56,10,0,0,0.74,0,1,0
2026-09-07T10:39:07.626280+00:00,1188.04,10,2,0,5.81,0,1,0
2026-09-07T10:40:02.911216+00:00,16851.48,10,1,1,4.71,0,0,1
2026-09-07T10:40:37.472060+00:00,718.36,10,0,0,0.92,1,0,0
2026-09-07T10:49:00.321458+00:00,436.69,10,2,1,3.69,0,0,0
2026-09-07T10:55:58.672585+00:00,4165.21,10,0,1,3.72,0,1,0
2026-09-07T10:59:01.389135+00:00,1056.19,10,0,0,7.63,0,0,0
2026-09-07T11:01:28.368885+00:00,5548.41,11,0,1,3.44,0,0,0
2026-09-07T11:05:03.875337+00:00,17430.02,11,0,3,16.62,0,1,0
2026-09-07T11:05:37.896987+00:00,315.09,11,0,2,3.57,0,1,0
2026-09-07T11:07:11.001826+00:00,2109.99,11,0,2,6.43,0,0,0
2026-09-07T11:07:35.609056+00:00,5243.37,11,0,1,11.2,0,1,0
2026-09-07T11:08:00.341723+00:00,5038.13,11,0,0,4.23,0,0,0
2026-09-07T11:10:57.127518+00:00,4626.73,11,0,1,2.15,0,0,0
2026-09-07T11:14:35.381624+00:00,1433.56,11,0,2,5.38,0,0,0
2026-09-07T11:19:01.508435+00:00,1995.58,11,0,1,2.95,0,0,0
2026-09-07T11:21:12.766089+00:00,2952.13,11,0,0,2.91,2,0,0
2026-09-07T11:31:05.630636+00:00,11731.6,11,0,0,8.15,0,0,0
2026-09-07T11:37:52.321824+00:00,1329.84,11,0,1,1.71,0,0,0
2026-09-07T11:39:49.404250+00:00,8270.62,11,0,2,8.46,1,1,0
2026-09-07T11:43:57.681406+00:00,1064.26,11,0,0,2.29,0,0,0
2026-09-07T11:45:06.545261+00:00,28000.0,11,0,0,6.54,0,0,0
2026-09-07T11:50:33.141541+00:00,3610.28,11,1,2,15.84,0,0,0
2026-09-07T11:51:56.540507+00:00,2052.67,11,0,2,2.2,0,0,0
2026-09-07T11:53:20.147049+00:00,3101.09,11,0,1,3.25,0,0,0
2026-09-07T11:53:28.390023+00:00,1078.19,11,0,0,2.07,0,0,0
2026-09-07T11:58:48.042936+00:00,16508.0,11,1,2,6.13,0,1,1
2026-09-07T12:00:43.951847+00:00,445.71,12,0,0,5.87,0,0,0
2026-09-07T12:05:11.527463+00:00,14822.39,12,0,1,6.98,0,0,0
2026-09-07T12:07:23.999861+00:00,1427.06,12,1,3,3.04,0,1,0
2026-09-07T12:08:57.372310+00:00,4665.07,12,0,0,1.5,0,0,0
2026-09-07T12:10:10.765737+00:00,3056.54,12,0,2,7.58,1,1,0
2026-09-07T12:14:50.781049+00:00,406.36,12,0,1,2.84,0,0,0
2026-09-07T12:18:55.792066+00:00,6178.86,12,3,1,5.24,0,1,1
2026-09-07T12:19:58.932136+00:00,3003.09,12,1,2,2.36,2,0,0
2026-09-07T12:22:38.887639+00:00,10429.59,12,0,1,7.74,0,1,0
2026-09-07T12:25:10.477223+00:00,3609.52,12,0,1,3.75,0,0,0
2026-09-07T12:25:48.791959+00:00,676.27,12,0,0,2.42,0,1,0
2026-09-07T12:29:45.883191+00:00,2114.54,12,0,3,2.43,0,0,0
2026-09-07T12:35:27.199315+00:00,3405.72,12,0,1,1.49,0,1,0
2026-09-07T12:38:20.624923+00:00,151.75,12,0,1,7.09,0,0,0
2026-09-07T12:39:46.631308+00:00,20053.68,12,0,1,5.96,1,1,1
2026-09-07T12:40:00.520433+00:00,16852.34,12,1,1,1.99,0,1,1
2026-09-07T12:40:32.400501+00:00,21692.73,12,0,1,1.4,0,0,0
2026-09-07T12:41:59.751020+00:00,1856.25,12,0,1,6.66,0,0,0
2026-09-07T12:42:05.704293+00:00,2198.68,12,1,1,7.69,0,0,0
2026-09-07T12:43:05.486024+00:00,535.3,12,0,1,6.9,0,0,0
2026-09-07T12:47:52.746339+00:00,3640.78,12,1,2,1.44,0,0,0
2026-09-07T12:52:46.614655+00:00,2961.38,12,0,1,4.78,1,1,0
2026-09-07T13:01:34.044401+00:00,1176.15,13,0,2,7.34,0,0,0
2026-09-07T13:08:00.148026+00:00,104.01,13,2,1,15.01,2,1,1
2026-09-07T13:08:23.338158+00:00,17986.43,13,0,1,7.15,0,0,0
2026-09-07T13:10:49.068155+00:00,1650.65,13,0,0,2.81,0,1,0
2026-09-07T13:14:05.594318+00:00,595.06,13,0,1,5.05,1,0,0
2026-09-07T13:18:36.338364+00:00,1573.34,13,0,3,3.52,0,1,0
2026-09-07T13:18:57.825824+00:00,3225.93,13,0,0,2.68,0,1,0
2026-09-07T13:22:36.184101+00:00,2595.64,13,0,1,4.14,0,1,0
2026-09-07T13:28:24.435675+00:00,15008.41,13,0,1,3.08,0,0,0
2026-09-07T13:30:40.231989+00:00,1408.24,13,1,1,2.56,0,0,0
2026-09-07T13:46:09.833031+00:00,20473.63,13,1,2,1.48,1,0,0
2026-09-07T13:48:00.171684+00:00,6371.16,13,0,0,2.07,0,0,0
2026-09-07T13:50:43.828621+00:00,4537.54,13,0,1,1.3,1,0,0
2026-09-07T13:55:46.008910+00:00,2639.49,13,1,1,9.37,0,1,0
2026-09-07T13:59:31.209073+00:00,1499.6,13,0,1,1.34,0,0,0
2026-09-07T14:00:55.952646+00:00,1513.48,14,0,3,3.52,0,0,0
2026-09-07T14:02:20.982052+00:00,6829.34,14,0,0,1.43,0,0,0
2026-09-07T14:05:09.839853+00:00,188.11,14,0,1,7.16,0,0,0
2026-09-07T14:10:13.029175+00:00,14208.49,14,0,0,4.12,0,1,0
2026-09-07T14:15:20.552337+00:00,3553.64,14,0,0,7.09,0,0,0
2026-09-07T14:18:12.060843+00:00,3717.59,14,0,1,9.27,1,1,0
2026-09-07T14:18:43.275152+00:00,183.96,14,0,1,4.5,0,0,0
2026-09-07T14:22:03.255399+00:00,3036.67,14,1,4,2.39,0,1,0
2026-09-07T14:25:15.126035+00:00,2182.1,14,0,0,7.05,1,1,0
2026-09-07T14:31:40.616018+00:00,417.77,14,0,1,6.15,0,1,0
2026-09-07T14:37:35.133647+00:00,1101.99,14,0,0,4.72,1,0,0
2026-09-07T14:38:42.422163+00:00,7132.44,14,0,1,12.86,0,1,0
2026-09-07T14:42:45.677726+00:00,2615.14,14,0,0,5.31,1,0,0
2026-09-07T14:43:14.778504+00:00,22715.37,14,0,5,4.4,0,0,1
2026-09-07T14:44:51.465602+00:00,301.47,14,0,1,4.31,0,1,0
2026-09-07T14:49:42.246108+00:00,4067.0,14,0,5,0.61,0,0,0
2026-09-07T14:56:21.816987+00:00,21464.64,14,0,2,1.34,0,1,1
2026-09-07T15:00:44.674528+00:00,3106.5,15,1,1,1.02,0,0,0
2026-09-07T15:01:58.911888+00:00,2344.44,15,0,1,10.52,0,0,0
2026-09-07T15:04:38.902667+00:00,1880.1,15,0,2,1.19,0,1,0
2026-09-07T15:05:45.886708+00:00,2938.75,15,2,1,1.88,0,0,0
2026-09-07T15:12:42.774061+00:00,910.51,15,0,2,5.87,0,0,0
2026-09-07T15:21:07.632513+00:00,9130.78,15,0,3,1.29,0,0,0
2026-09-07T15:29:20.334156+00:00,15918.67,15,0,0,4.59,0,1,1
2026-09-07T15:33:30.436021+00:00,1252.94,15,0,1,5.39,0,0,0
2026-09-07T15:36:46.782528+00:00,1971.22,15,0,1,2.35,0,0,0
2026-09-07T15:38:38.357423+00:00,5302.48,15,0,2,0.36,0,0,0
2026-09-07T15:51:19.579485+00:00,624.09,15,0,0,14.59,0,0,0
2026-09-07T15:53:31.005205+00:00,21633.41,15,1,1,7.31,0,1,1
2026-09-07T15:53:43.062424+00:00,3701.27,15,0,1,1.94,0,0,0
2026-09-07T15:57:08.011778+00:00,1272.96,15,0,1,1.53,0,0,0
2026-09-07T16:07:33.330021+00:00,5092.42,16,0,1,2.77,0,1,0
2026-09-07T16:09:03.700018+00:00,507.31,16,0,2,4.87,0,1,0
2026-09-07T16:09:59.335810+00:00,4662.79,16,0,0,9.21,0,1,0
2026-09-07T16:32:50.723279+00:00,286.56,16,1,2,5.64,0,1,0
2026-09-07T16:35:11.078470+00:00,100.55,16,0,0,5.68,0,1,0
2026-09-07T16:41:45.274254+00:00,22251.08,16,3,0,1.55,0,1,1
2026-09-07T16:49:04.591453+00:00,2846.22,16,0,0,0.57,0,0,0
2026-09-07T16:49:16.383242+00:00,19955.74,16,0,3,5.65,0,0,0
2026-09-07T16:52:42.135464+00:00,907.17,16,0,1,2.59,0,0,0
2026-09-07T16:54:48.344740+00:00,3130.15,16,0,1,3.83,0,0,0
2026-09-07T16:55:46.543846+00:00,2336.21,16,0,0,2.3,0,0,0
2026-09-07T16:55:54.322091+00:00,15353.63,16,0,1,6.97,0,0,0
2026-09-07T16:58:01.543621+00:00,13139.45,16,0,0,4.27,0,1,0
2026-09-07T16:59:16.949088+00:00,3285.36,16,0,0,4.71,0,0,0
2026-09-07T16:59:52.867015+00:00,1931.86,16,0,0,0.71,0,0,0
2026-09-07T17:01:20.799478+00:00,2221.87,17,0,1,3.0,0,0,0
2026-09-07T17:04:06.324713+00:00,3731.08,17,0,0,4.74,0,0,0
2026-09-07T17:04:34.206921+00:00,402.76,17,0,0,8.57,0,1,0
2026-09-07T17:09:53.390215+00:00,1333.67,17,0,0,1.92,0,1,0
2026-09-07T17:10:00.283950+00:00,310.42,17,1,1,1.42,1,1,0
2026-09-07T17:11:23.986235+00:00,303.81,17,0,0,5.25,0,0,0
2026-09-07T17:14:14.390784+00:00,757.46,17,2,1,14.89,0,0,0
2026-09-07T17:17:11.055550+00:00,2185.06,17,1,1,2.76,0,0,0
2026-09-07T17:19:10.655663+00:00,4975.42,17,0,4,4.87,0,0,0
2026-09-07T17:32:34.589894+00:00,2186.57,17,0,2,2.67,0,1,0
2026-09-07T17:39:35.869463+00:00,1367.79,17,1,0,11.16,0,1,0
2026-09-07T17:42:44.269386+00:00,335.02,17,1,0,0.79,0,0,0
2026-09-07T17:43:17.633629+00:00,2617.33,17,0,1,2.92,0,1,0
2026-09-07T17:43:58.850472+00:00,18193.28,17,1,1,5.69,1,1,0
2026-09-07T17:44:26.371173+00:00,3113.89,17,1,2,5.34,0,0,0
2026-09-07T17:45:11.537288+00:00,12157.46,17,0,2,1.63,0,1,0
2026-09-07T17:46:01.734149+00:00,437.64,17,1,0,1.66,0,1,0
2026-09-07T17:51:52.571962+00:00,822.93,17,0,2,3.3,0,0,0
2026-09-07T17:55:03.381266+00:00,2110.35,17,0,1,6.26,0,1,0
2026-09-07T18:04:05.852797+00:00,11136.44,18,0,0,0.91,0,1,0
2026-09-07T18:05:51.995904+00:00,4788.24,18,0,1,5.78,0,0,0
2026-09-07T18:07:14.246893+00:00,7372.1,18,0,2,3.89,0,0,0
2026-09-07T18:08:25.066483+00:00,1359.32,18,0,0,4.34,0,1,0
2026-09-07T18:16:39.998478+00:00,15526.03,18,0,1,3.34,0,1,1
2026-09-07T18:19:45.193866+00:00,407.24,18,1,0,1.15,0,1,0
2026-09-07T18:21:25.740270+00:00,234.17,18,0,0,0.97,1,1,0
2026-09-07T18:23:59.897264+00:00,6252.6,18,0,0,3.44,0,0,0
2026-09-07T18:26:10.855667+00:00,8446.98,18,0,0,9.31,0,0,0
2026-09-07T18:26:52.657101+00:00,363.85,18,0,0,1.91,1,0,0
2026-09-07T18:30:19.164847+00:00,445.26,18,1,1,11.47,0,1,0
2026-09-07T18:31:07.667627+00:00,167.96,18,0,1,4.94,0,0,0
2026-09-07T18:33:01.044629+00:00,413.22,18,0,3,4.08,0,1,0
2026-09-07T18:35:39.436863+00:00,811.96,18,0,0,3.66,0,0,0
2026-09-07T18:38:16.327528+00:00,11289.17,18,0,2,7.16,0,1,0
2026-09-07T18:42:59.655502+00:00,3587.04,18,0,0,2.88,0,0,0
2026-09-07T18:46:10.361839+00:00,4884.23,18,0,1,5.29,0,1,0
2026-09-07T18:57:26.214206+00:00,4849.54,18,0,2,3.04,0,0,0
2026-09-07T19:00:12.808597+00:00,2510.8,19,0,2,11.73,0,0,0
2026-09-07T19:01:16.586031+00:00,5170.28,19,0,1,1.42,0,1,0
2026-09-07T19:01:44.691616+00:00,2958.77,19,0,1,2.32,0,0,0
2026-09-07T19:04:31.087533+00:00,1268.56,19,0,2,7.56,0,0,0
2026-09-07T19:05:11.652937+00:00,18298.69,19,1,0,6.68,0,0,0
2026-09-07T19:05:43.003802+00:00,2500.05,19,0,1,1.96,0,0,0
2026-09-07T19:10:35.694746+00:00,20870.46,19,0,1,5.43,1,0,0
2026-09-07T19:11:11.958465+00:00,12867.5,19,1,2,4.73,0,0,0
2026-09-07T19:15:45.665548+00:00,1754.08,19,1,0,2.61,0,0,0
2026-09-07T19:31:12.517085+00:00,4672.3,19,0,3,3.57,0,0,0
2026-09-07T19:39:41.597066+00:00,396.31,19,0,2,3.29,0,1,0
2026-09-07T19:40:42.030092+00:00,4859.45,19,0,1,4.44,0,1,0
2026-09-07T19:43:34.700809+00:00,1545.72,19,2,2,2.23,0,1,0
2026-09-07T19:46:32.216611+00:00,188.6,19,0,1,1.05,0,0,0
2026-09-07T19:46:44.417750+00:00,1504.39,19,2,2,0.33,1,0,0
2026-09-07T19:50:10.810008+00:00,3078.43,19,0,1,7.38,1,1,0
2026-09-07T19:52:39.598187+00:00,466.34,19,0,1,1.17,0,0,0
2026-09-07T19:53:07.849692+00:00,8307.92,19,1,0,5.44,0,1,0
2026-09-07T19:54:12.868755+00:00,20748.81,19,1,2,5.06,0,1,1
2026-09-07T19:56:05.043889+00:00,8569.94,19,0,0,3.91,0,0,0
2026-09-07T20:00:21.371721+00:00,3989.77,20,1,3,6.19,0,0,0
2026-09-07T20:05:43.257332+00:00,1340.15,20,0,2,10.44,0,0,0
2026-09-07T20:07:35.799790+00:00,1645.69,20,0,1,3.39,0,1,0
2026-09-07T20:09:06.569319+00:00,4380.61,20,0,2,3.15,0,1,0
2026-09-07T20:11:42.566964+00:00,3003.92,20,0,2,4.6,1,0,0
2026-09-07T20:11:53.120285+00:00,3623.69,20,0,4,4.24,0,0,0
2026-09-07T20:11:56.006142+00:00,1637.37,20,0,1,5.72,0,0,0
2026-09-07T20:32:33.405774+00:00,22496.42,20,0,0,5.99,0,0,0
2026-09-07T20:34:12.918214+00:00,14754.42,20,0,5,3.5,0,0,0
2026-09-07T20:35:08.315049+00:00,830.24,20,0,2,12.17,0,0,0
2026-09-07T20:35:18.205293+00:00,18896.4,20,1,1,9.84,1,0,0
2026-09-07T20:42:16.210051+00:00,1164.2,20,0,1,8.48,0,1,0
2026-09-07T20:45:43.986307+00:00,4695.66,20,0,0,7.79,0,0,0
2026-09-07T20:49:13.572936+00:00,4680.73,20,0,0,1.01,1,1,0
2026-09-07T20:50:21.136925+00:00,1167.01,20,0,1,2.78,0,0,0
2026-09-07T20:56:13.500985+00:00,331.66,20,0,1,2.28,0,1,0
2026-09-07T20:58:06.567656+00:00,96.8,20,0,1,18.4,0,0,0
2026-09-07T21:01:05.850071+00:00,1844.5,21,0,0,3.51,0,0,0
2026-09-07T21:01:28.158537+00:00,1750.26,21,1,1,9.64,0,1,0
2026-09-07T21:08:43.176523+00:00,14318.81,21,0,0,14.37,0,0,0
2026-09-07T21:11:24.072205+00:00,2090.42,21,0,1,5.56,0,1,0
2026-09-07T21:12:39.712224+00:00,1008.09,21,0,0,12.26,0,0,0
2026-09-07T21:13:56.428862+00:00,7159.25,21,0,1,4.17,0,1,0
2026-09-07T21:22:00.404630+00:00,2221.41,21,0,0,5.41,0,0,0
2026-09-07T21:27:22.337614+00:00,2985.54,21,0,1,1.74,1,0,0
2026-09-07T21:30:36.806765+00:00,381.79,21,0,0,2.09,0,0,0
2026-09-07T21:31:02.178419+00:00,1604.8,21,0,2,3.16,1,0,0
2026-09-07T21:32:09.833206+00:00,9296.5,21,0,1,4.73,0,0,0
2026-09-07T21:39:04.640085+00:00,2909.26,21,0,1,8.89,0,0,0
2026-09-07T21:41:33.649441+00:00,1411.55,21,0,1,2.9,0,0,0
2026-09-07T21:43:50.748226+00:00,18272.31,21,1,1,6.37,0,1,1
2026-09-07T21:48:41.136094+00:00,7780.08,21,0,1,5.41,0,0,0
2026-09-07T21:49:01.564690+00:00,1084.62,21,0,1,2.55,0,1,0
2026-09-07T21:51:33.638806+00:00,16129.72,21,1,3,0.81,0,0,0
2026-09-07T21:55:39.926549+00:00,10257.33,21,1,2,6.3,0,0,0
2026-09-07T21:55:41.900831+00:00,665.51,21,0,1,0.8,0,0,0
2026-09-07T21:57:06.013133+00:00,4129.65,21,0,0,2.78,0,1,0
2026-09-07T22:05:16.681606+00:00,3110.13,22,0,0,17.66,1,1,0
2026-09-07T22:05:31.406400+00:00,3702.94,22,0,1,4.41,0,0,0
2026-09-07T22:11:58.934876+00:00,1444.52,22,0,0,1.84,0,0,0
2026-09-07T22:12:04.479557+00:00,1265.45,22,1,3,3.52,0,0,0
2026-09-07T22:12:58.249630+00:00,3748.57,22,0,1,7.03,0,1,0
2026-09-07T22:13:36.786496+00:00,836.84,22,0,1,1.43,0,0,0
2026-09-07T22:15:01.729145+00:00,1801.22,22,0,1,5.1,1,0,0
2026-09-07T22:16:15.946300+00:00,14979.72,22,0,2,1.61,0,0,0
2026-09-07T22:24:14.144324+00:00,17264.7,22,0,0,6.42,0,0,0
2026-09-07T22:24:39.587194+00:00,11287.11,22,0,1,12.31,0,0,0
2026-09-07T22:26:42.912126+00:00,1868.36,22,0,1,5.03,0,1,0
2026-09-07T22:28:59.678689+00:00,11212.35,22,0,2,1.31,0,0,0
2026-09-07T22:30:10.152621+00:00,543.84,22,0,1,1.59,0,0,0
2026-09-07T22:31:47.532576+00:00,2892.63,22,0,0,9.68,0,0,0
2026-09-07T22:31:59.815437+00:00,777.96,22,0,1,5.53,0,1,0
2026-09-07T22:33:09.968618+00:00,5055.2,22,0,0,4.47,0,1,0
2026-09-07T22:48:37.221139+00:00,4959.53,22,0,2,3.28,1,0,0
2026-09-07T22:55:07.637671+00:00,15904.94,22,1,0,0.97,0,1,1
2026-09-07T22:55:58.550521+00:00,7839.68,22,0,0,4.74,0,1,0
2026-09-07T22:59:25.724157+00:00,752.65,22,1,0,3.27,0,1,0
2026-09-07T23:02:12.669548+00:00,3097.67,23,0,0,9.1,0,0,0
2026-09-07T23:03:06.825065+00:00,13637.17,23,0,1,6.13,0,0,0
2026-09-07T23:06:24.237497+00:00,6909.4,23,0,3,7.48,0,0,0
2026-09-07T23:27:28.165193+00:00,10096.69,23,1,2,3.61,3,1,1
2026-09-07T23:27:55.795480+00:00,1402.27,23,1,0,2.68,0,0,0
2026-09-07T23:30:33.308441+00:00,417.04,23,1,0,2.88,0,0,0
2026-09-07T23:46:30.530526+00:00,727.78,23,0,1,6.05,0,0,0
2026-09-07T23:50:37.063387+00:00,2281.24,23,1,2,5.14,0,0,0
2026-09-07T23:59:39.357497+00:00,5103.67,23,1,1,0.73,0,0,0
2026-09-08T00:00:08.360832+00:00,580.64,0,0,2,16.42,0,1,0
2026-09-08T00:11:46.296896+00:00,3509.67,0,0,0,7.82,1,0,0
2026-09-08T00:14:47.307063+00:00,1311.0,0,0,1,4.54,0,1,0
2026-09-08T00:21:06.024018+00:00,1395.48,0,0,1,9.32,0,0,0
2026-09-08T00:26:16.912283+00:00,3530.29,0,0,0,5.9,0,1,0
2026-09-08T00:28:59.257006+00:00,2073.54,0,1,1,8.78,0,0,0
2026-09-08T00:33:47.407046+00:00,5408.77,0,1,1,9.04,0,1,0
2026-09-08T00:34:42.444905+00:00,602.42,0,2,0,5.99,0,1,0
2026-09-08T00:40:20.049628+00:00,5053.28,0,0,0,2.19,0,0,0
2026-09-08T00:49:34.913943+00:00,272.45,0,0,1,3.92,0,1,0
2026-09-08T00:57:03.379993+00:00,750.36,0,0,3,10.02,0,1,0
2026-09-08T00:57:05.725568+00:00,3476.16,0,0,1,2.38,0,1,0
2026-09-08T01:00:24.310250+00:00,19574.17,1,0,2,4.48,1,0,1
2026-09-08T01:02:39.509148+00:00,992.04,1,0,2,2.1,0,0,0
2026-09-08T01:13:08.135265+00:00,1328.14,1,0,0,6.29,0,0,0
2026-09-08T01:31:46.897574+00:00,2524.92,1,0,0,3.55,0,0,0
2026-09-08T01:33:47.777683+00:00,820.69,1,0,0,13.17,0,0,0
2026-09-08T01:34:02.758438+00:00,5393.87,1,2,0,3.98,0,1,1
2026-09-08T01:37:24.589396+00:00,4813.96,1,0,4,11.45,0,0,1
2026-09-08T01:41:13.056378+00:00,562.38,1,0,1,2.25,0,1,1
2026-09-08T01:48:12.416566+00:00,2054.57,1,2,1,6.25,0,0,1
2026-09-08T01:49:38.611358+00:00,4830.85,1,0,1,6.72,0,1,0
2026-09-08T01:50:05.451815+00:00,1376.73,1,0,0,5.56,0,0,0
2026-09-08T01:51:13.167407+00:00,3268.59,1,0,2,3.24,0,1,0
2026-09-08T01:52:57.227537+00:00,224.86,1,0,0,5.19,0,0,0
2026-09-08T01:54:22.404658+00:00,3062.41,1,0,1,8.72,0,1,0
2026-09-08T01:54:32.000466+00:00,17231.4,1,1,1,4.0,0,0,1
2026-09-08T02:01:06.638341+00:00,24710.78,2,0,3,2.42,1,0,1
2026-09-08T02:06:45.153624+00:00,1465.45,2,0,0,2.24,0,0,0
2026-09-08T02:06:54.139111+00:00,21251.69,2,0,2,2.43,0,0,1
2026-09-08T02:08:32.764293+00:00,5942.09,2,0,3,2.41,0,0,1
2026-09-08T02:14:12.762687+00:00,224.62,2,0,2,1.28,0,0,0
2026-09-08T02:14:51.156695+00:00,1676.61,2,0,2,3.36,1,0,0
2026-09-08T02:18:34.775307+00:00,19220.8,2,0,1,2.67,0,1,1
2026-09-08T02:19:03.946218+00:00,1132.62,2,0,0,10.64,0,0,0
2026-09-08T02:21:54.895461+00:00,7828.42,2,0,0,0.49,0,1,0
2026-09-08T02:22:33.801144+00:00,4508.05,2,0,0,9.42,0,0,0
2026-09-08T02:23:40.717042+00:00,271.38,2,0,2,1.09,0,1,0
2026-09-08T02:24:02.038703+00:00,4073.34,2,0,1,6.55,0,0,0
2026-09-08T02:25:20.901022+00:00,21244.07,2,0,1,3.88,0,0,1
2026-09-08T02:34:39.801924+00:00,7456.17,2,0,0,2.93,0,0,0
2026-09-08T02:41:26.640012+00:00,1261.09,2,1,1,4.81,0,1,1
2026-09-08T02:48:15.192471+00:00,2791.83,2,0,0,2.72,0,1,0
2026-09-08T02:53:08.081097+00:00,2282.91,2,2,1,4.03,0,1,1
2026-09-08T02:54:20.741805+00:00,2211.95,2,0,1,12.12,1,1,1
2026-09-08T02:59:04.993318+00:00,2008.8,2,2,0,2.14,0,1,1
2026-09-08T03:02:03.988933+00:00,796.66,3,0,0,1.03,0,1,0
2026-09-08T03:04:03.385233+00:00,4570.08,3,0,0,2.26,0,1,0
2026-09-08T03:04:29.760352+00:00,1980.86,3,1,8,4.01,0,1,1
2026-09-08T03:18:28.764778+00:00,10243.85,3,0,0,3.98,0,0,0
2026-09-08T03:19:39.592849+00:00,1027.03,3,1,2,2.67,0,0,0
2026-09-08T03:20:20.611245+00:00,3733.75,3,0,2,8.37,0,0,0
2026-09-08T03:22:03.209865+00:00,9101.39,3,0,0,9.91,0,0,0
2026-09-08T03:27:47.638177+00:00,3544.91,3,0,2,2.23,0,0,0
2026-09-08T03:33:52.626750+00:00,22532.76,3,0,1,2.57,0,0,1
2026-09-08T03:34:59.045563+00:00,5683.19,3,0,1,3.03,0,0,0
2026-09-08T03:41:31.590649+00:00,18458.61,3,3,2,6.53,0,0,1
2026-09-08T03:50:42.159650+00:00,21830.14,3,1,5,1.27,0,0,1
2026-09-08T03:51:17.810611+00:00,603.72,3,0,1,5.37,0,0,0
2026-09-08T03:59:30.539636+00:00,2513.92,3,0,0,3.42,0,0,0
2026-09-08T03:59:55.945673+00:00,898.12,3,0,1,2.56,0,1,0
2026-09-08T04:00:34.794900+00:00,4416.96,4,0,1,11.21,4,0,1
2026-09-08T04:00:49.252377+00:00,21284.15,4,0,1,2.54,0,0,1
2026-09-08T04:00:56.926402+00:00,1755.09,4,0,5,2.93,0,1,1
2026-09-08T04:01:26.611198+00:00,1061.81,4,0,1,11.95,0,0,1
2026-09-08T04:05:31.423459+00:00,21321.52,4,1,1,4.51,0,0,1
2026-09-08T04:09:01.804299+00:00,298.12,4,0,2,10.98,0,1,1
2026-09-08T04:11:44.591467+00:00,202.52,4,0,0,7.66,0,0,0
2026-09-08T04:16:36.831882+00:00,843.84,4,0,2,2.05,0,1,1
2026-09-08T04:23:23.329118+00:00,11397.48,4,0,3,4.36,0,1,1
2026-09-08T04:33:18.479418+00:00,12458.84,4,0,0,5.6,1,0,0
2026-09-08T04:38:35.512802+00:00,3464.8,4,0,1,11.22,0,1,1
2026-09-08T04:42:00.169472+00:00,6847.69,4,0,5,2.35,1,0,1
2026-09-08T04:42:30.399355+00:00,830.4,4,1,1,6.85,1,0,0
2026-09-08T04:44:21.304446+00:00,11506.58,4,0,1,24.71,0,1,1
2026-09-08T04:54:40.683979+00:00,553.01,4,1,0,3.07,0,1,1
2026-09-08T04:54:47.001978+00:00,401.16,4,0,0,4.98,0,0,0
2026-09-08T05:00:14.878683+00:00,440.87,5,0,2,4.66,0,0,0
2026-09-08T05:05:06.097109+00:00,2784.07,5,1,0,7.07,0,0,0
2026-09-08T05:11:43.700481+00:00,4919.41,5,0,1,4.48,0,0,0
2026-09-08T05:15:48.129327+00:00,1521.63,5,0,0,5.12,1,0,0
2026-09-08T05:22:22.384629+00:00,12258.39,5,0,0,5.36,1,0,0
2026-09-08T05:34:25.230874+00:00,1883.69,5,0,1,1.76,0,0,0
2026-09-08T05:35:22.046131+00:00,581.75,5,0,2,11.2,0,1,0
2026-09-08T05:41:15.191080+00:00,2067.35,5,0,0,4.71,0,0,0
2026-09-08T05:49:37.726305+00:00,3696.58,5,0,2,1.05,0,1,0
2026-09-08T05:52:56.129635+00:00,5772.44,5,0,1,11.52,0,0,0
2026-09-08T05:53:44.235102+00:00,2024.5,5,1,2,5.58,1,0,0
2026-09-08T05:59:03.058944+00:00,2941.39,5,1,4,4.07,1,0,0
2026-09-08T06:06:50.572260+00:00,1055.46,6,0,1,6.89,0,0,0
2026-09-08T06:12:02.396364+00:00,3382.31,6,0,0,3.41,2,0,0
2026-09-08T06:15:52.091686+00:00,13713.43,6,2,1,12.38,1,0,0
2026-09-08T06:21:07.691236+00:00,220.95,6,0,1,1.67,0,1,0
2026-09-08T06:21:38.214516+00:00,7023.91,6,1,1,11.12,0,0,0
2026-09-08T06:22:55.302132+00:00,2703.78,6,0,1,4.33,0,0,0
2026-09-08T06:23:17.124226+00:00,989.55,6,0,1,11.07,0,0,0
2026-09-08T06:30:26.320167+00:00,26371.87,6,1,1,6.73,0,0,0
2026-09-08T06:30:42.757481+00:00,2173.27,6,0,2,3.76,0,1,0
2026-09-08T06:35:39.141807+00:00,1349.61,6,0,2,2.32,0,0,0
2026-09-08T06:46:17.411176+00:00,18050.23,6,0,0,1.23,0,0,0
2026-09-08T06:50:21.857862+00:00,957.0,6,0,0,2.84,0,0,0
2026-09-08T06:56:24.136830+00:00,5784.35,6,1,0,10.31,0,0,0
2026-09-08T06:58:09.632946+00:00,23500.38,6,0,2,13.66,1,1,0
2026-09-08T06:59:20.685391+00:00,25938.94,6,0,1,5.03,0,0,0
2026-09-08T06:59:47.019602+00:00,19045.16,6,3,0,0.54,0,1,1
2026-09-08T06:59:59.618938+00:00,473.21,6,2,1,2.68,0,0,0
2026-09-08T07:05:26.988600+00:00,79.54,7,1,0,1.17,0,1,0
2026-09-08T07:07:36.398204+00:00,2328.79,7,0,3,7.65,0,0,0
2026-09-08T07:09:08.805847+00:00,20479.88,7,0,1,3.38,0,1,1
2026-09-08T07:09:12.055561+00:00,23136.42,7,0,4,3.71,0,1,1
2026-09-08T07:09:12.793720+00:00,1239.97,7,0,1,3.07,0,1,0
2026-09-08T07:10:45.146567+00:00,6762.15,7,0,1,3.39,0,1,0
2026-09-08T07:27:16.968123+00:00,4930.36,7,0,1,1.25,0,0,0
2026-09-08T07:34:08.502634+00:00,109.71,7,0,1,1.57,0,1,0
2026-09-08T07:34:14.481258+00:00,5492.02,7,1,1,5.15,1,0,0
2026-09-08T07:35:50.426654+00:00,1203.77,7,0,1,4.15,2,0,0
2026-09-08T07:36:56.449134+00:00,14500.61,7,0,1,2.7,0,0,0
2026-09-08T07:44:04.681168+00:00,881.16,7,0,1,15.07,0,0,0
2026-09-08T07:48:06.764427+00:00,2083.05,7,1,2,6.92,0,0,0
2026-09-08T07:53:03.539281+00:00,19013.17,7,1,0,2.39,0,1,1
2026-09-08T07:53:38.513352+00:00,1150.96,7,0,2,2.9,0,0,0
2026-09-08T07:56:15.975291+00:00,664.82,7,1,0,3.82,3,1,1
2026-09-08T07:58:41.817564+00:00,4656.66,7,0,0,6.13,0,0,0
2026-09-08T07:59:02.691878+00:00,14831.87,7,0,1,2.64,0,0,0
2026-09-08T07:59:54.090359+00:00,4873.25,7,1,2,4.47,0,1,0
2026-09-08T08:00:49.751778+00:00,1182.84,8,0,2,10.01,0,0,0
2026-09-08T08:01:33.017218+00:00,958.51,8,0,0,4.14,0,1,0
2026-09-08T08:01:59.995241+00:00,845.51,8,0,1,3.51,0,1,0
2026-09-08T08:12:39.266184+00:00,21205.81,8,0,3,2.26,0,0,0
2026-09-08T08:13:10.366497+00:00,2624.7,8,0,2,7.41,1,1,0
2026-09-08T08:13:21.674338+00:00,3035.63,8,0,0,5.3,0,1,0
2026-09-08T08:14:20.074455+00:00,3971.95,8,0,2,2.2,1,0,0
2026-09-08T08:15:12.419092+00:00,3708.32,8,0,2,5.32,0,1,0
2026-09-08T08:16:33.810037+00:00,1166.5,8,0,0,6.64,0,0,0
2026-09-08T08:17:21.345117+00:00,1343.01,8,0,2,8.14,0,1,0
2026-09-08T08:18:38.985556+00:00,3721.37,8,1,3,4.54,0,0,0
2026-09-08T08:19:45.733256+00:00,1435.79,8,0,3,3.25,0,0,0
2026-09-08T08:20:09.647691+00:00,824.95,8,3,0,9.01,0,0,0
2026-09-08T08:21:14.814600+00:00,1560.61,8,0,0,8.22,2,0,0
2026-09-08T08:21:34.461877+00:00,1076.22,8,0,0,7.65,0,1,0
2026-09-08T08:25:48.409634+00:00,355.87,8,0,0,4.97,0,0,0
2026-09-08T08:28:27.347927+00:00,5732.88,8,0,2,6.57,0,0,0
2026-09-08T08:32:26.802651+00:00,6197.86,8,0,0,18.98,0,0,0
2026-09-08T08:36:09.506678+00:00,854.05,8,0,0,4.89,0,0,0
2026-09-08T08:36:46.603667+00:00,274.29,8,0,4,3.56,2,0,1
2026-09-08T08:41:34.557029+00:00,4356.24,8,0,2,5.82,0,1,0
2026-09-08T08:42:40.499382+00:00,820.51,8,0,0,7.39,0,0,0
2026-09-08T08:45:29.386971+00:00,1659.82,8,1,0,2.32,0,1,0
2026-09-08T08:47:28.589203+00:00,272.11,8,0,0,6.76,0,1,0
2026-09-08T08:47:54.424439+00:00,880.9,8,1,0,3.75,0,0,0
2026-09-08T08:49:38.376765+00:00,5098.61,8,0,3,14.42,0,1,0
2026-09-08T08:50:55.275373+00:00,5281.33,8,0,3,1.69,0,1,0
2026-09-08T08:56:04.096424+00:00,16695.81,8,2,4,8.64,0,0,1
2026-09-08T08:56:56.350434+00:00,16729.31,8,0,3,18.01,2,1,1
2026-09-08T08:57:15.417297+00:00,521.27,8,0,2,1.49,1,0,0
2026-09-08T08:58:58.373981+00:00,306.62,8,0,1,10.69,1,0,0
2026-09-08T08:59:11.130070+00:00,15580.04,8,0,1,2.98,0,1,1
2026-09-08T08:59:20.697367+00:00,3470.99,8,0,1,0.98,1,0,0
2026-09-08T09:00:04.695844+00:00,2559.51,9,0,0,2.54,1,0,0
2026-09-08T09:05:59.793283+00:00,4700.94,9,2,1,7.3,0,0,0
2026-09-08T09:06:55.128888+00:00,5925.8,9,0,0,6.86,0,1,0
2026-09-08T09:10:13.518477+00:00,5319.48,9,0,1,4.16,1,0,0
2026-09-08T09:16:24.408235+00:00,113.37,9,0,2,1.49,0,0,0
2026-09-08T09:18:24.519534+00:00,721.72,9,1,2,1.2,0,0,0
2026-09-08T09:18:50.107449+00:00,3464.6,9,0,2,5.1,0,0,0
2026-09-08T09:22:26.805987+00:00,1567.9,9,3,1,1.73,1,1,1
2026-09-08T09:27:10.904696+00:00,28000.0,9,0,1,3.19,0,0,0
2026-09-08T09:31:40.842589+00:00,18332.42,9,0,0,1.56,0,0,0
2026-09-08T09:49:36.420346+00:00,10095.58,9,0,2,6.29,0,0,0
2026-09-08T09:52:52.203283+00:00,779.85,9,1,0,2.3,0,0,0
2026-09-08T09:53:08.016546+00:00,6443.31,9,0,0,10.0,0,1,0
2026-09-08T09:53:52.071241+00:00,1300.49,9,0,2,2.05,0,0,0
2026-09-08T09:57:11.510985+00:00,14660.23,9,0,1,6.18,0,0,0
2026-09-08T10:06:09.333454+00:00,609.14,10,0,1,0.4,1,0,0
2026-09-08T10:07:39.594353+00:00,2384.39,10,0,0,11.74,0,1,0
2026-09-08T10:09:12.923759+00:00,5097.71,10,1,0,8.88,0,0,0
2026-09-08T10:10:08.659047+00:00,1873.65,10,0,1,8.92,0,1,0
2026-09-08T10:11:34.301774+00:00,2080.06,10,1,0,6.82,0,0,0
2026-09-08T10:12:23.310668+00:00,13802.21,10,0,0,6.19,1,0,0
2026-09-08T10:13:15.464053+00:00,1832.55,10,0,0,5.1,0,0,0
2026-09-08T10:15:20.900161+00:00,3024.87,10,0,0,2.23,0,0,0
2026-09-08T10:17:49.233392+00:00,239.47,10,0,0,0.99,1,0,0
2026-09-08T10:19:58.967187+00:00,5968.77,10,0,0,4.11,0,1,0
2026-09-08T10:25:46.357231+00:00,3402.73,10,1,4,2.65,0,0,0
2026-09-08T10:25:47.532403+00:00,1716.15,10,0,2,2.02,0,0,0
2026-09-08T10:29:33.949576+00:00,112.17,10,2,1,5.49,0,1,1
2026-09-08T10:45:09.583921+00:00,2926.17,10,0,0,7.09,1,0,0
2026-09-08T10:55:07.548297+00:00,100.76,10,1,0,5.08,0,1,0
2026-09-08T10:58:50.835018+00:00,17511.42,10,0,3,0.9,0,0,0
2026-09-08T11:01:25.844400+00:00,3123.58,11,0,1,11.11,1,1,0
2026-09-08T11:02:01.675810+00:00,730.43,11,0,2,1.32,0,0,0
2026-09-08T11:11:40.839500+00:00,741.77,11,0,1,0.99,0,1,0
2026-09-08T11:12:20.637784+00:00,3449.48,11,3,1,5.49,0,0,0
2026-09-08T11:23:04.479848+00:00,236.62,11,0,3,4.23,0,1,0
2026-09-08T11:26:27.028049+00:00,1263.24,11,0,1,3.98,0,0,0
2026-09-08T11:31:06.394295+00:00,14823.14,11,0,1,4.48,0,0,0
2026-09-08T11:32:35.133676+00:00,2837.35,11,0,1,4.53,0,1,0
2026-09-08T11:33:24.003955+00:00,3528.85,11,0,2,2.15,0,1,0
2026-09-08T11:33:36.111155+00:00,4146.5,11,0,1,3.84,0,0,0
2026-09-08T11:36:29.847707+00:00,1002.98,11,0,0,2.25,1,1,0
2026-09-08T11:40:34.065814+00:00,359.16,11,0,2,2.86,0,1,0
2026-09-08T11:44:00.649555+00:00,322.25,11,0,1,5.43,0,0,0
2026-09-08T11:54:47.879424+00:00,1837.25,11,0,3,2.05,0,1,0
2026-09-08T12:01:46.141777+00:00,27029.21,12,0,1,2.78,2,0,1
2026-09-08T12:02:20.898151+00:00,845.77,12,1,2,1.1,0,1,0
2026-09-08T12:03:07.688991+00:00,1009.48,12,1,1,3.69,0,0,0
2026-09-08T12:10:11.069361+00:00,400.32,12,2,3,6.76,0,1,1
2026-09-08T12:10:55.016105+00:00,3037.01,12,1,2,1.62,0,1,0
2026-09-08T12:14:53.917995+00:00,3704.92,12,0,0,2.66,0,1,0
2026-09-08T12:15:46.947321+00:00,3355.45,12,0,0,1.18,0,0,0
2026-09-08T12:17:05.439621+00:00,24196.53,12,1,0,3.18,0,1,1
2026-09-08T12:20:47.113266+00:00,18539.56,12,0,1,3.52,0,1,1
2026-09-08T12:27:27.689181+00:00,522.07,12,0,0,5.35,0,1,0
2026-09-08T12:30:22.145539+00:00,1153.29,12,0,0,4.48,2,0,0
2026-09-08T12:30:44.485480+00:00,3535.14,12,3,1,9.15,0,0,0
2026-09-08T12:34:03.345953+00:00,3098.87,12,1,0,0.99,0,0,0
2026-09-08T12:40:12.370469+00:00,18544.88,12,0,1,1.66,1,0,0
2026-09-08T12:41:56.468120+00:00,3735.97,12,2,1,0.54,0,1,0
2026-09-08T12:44:41.356886+00:00,3306.18,12,3,0,1.72,0,1,0
2026-09-08T12:46:12.082027+00:00,6880.37,12,0,0,8.09,0,1,0
2026-09-08T12:48:56.900966+00:00,2882.17,12,1,0,9.63,0,0,0
2026-09-08T12:52:58.704266+00:00,4884.93,12,1,1,5.53,0,0,0
2026-09-08T13:04:14.200744+00:00,975.07,13,0,3,2.7,1,0,0
2026-09-08T13:07:06.640423+00:00,3688.07,13,0,1,4.02,0,1,0
2026-09-08T13:23:34.822394+00:00,7499.27,13,0,2,4.76,0,0,0
2026-09-08T13:29:10.562512+00:00,1619.44,13,0,2,4.08,0,0,0
2026-09-08T13:33:42.405803+00:00,4892.21,13,1,1,2.23,0,0,0
2026-09-08T13:34:16.096582+00:00,4188.7,13,0,4,2.06,0,0,0
2026-09-08T13:40:55.499528+00:00,256.39,13,0,1,2.31,0,0,0
2026-09-08T13:45:47.135505+00:00,2847.51,13,1,0,2.17,0,1,0
2026-09-08T13:45:51.138505+00:00,506.34,13,2,2,8.02,1,1,0
2026-09-08T13:49:57.977521+00:00,25970.76,13,0,0,5.44,0,0,0
2026-09-08T13:55:49.203424+00:00,5398.13,13,1,1,7.72,0,0,0
2026-09-08T14:05:16.681499+00:00,431.92,14,0,1,4.01,0,0,0
2026-09-08T14:09:41.379305+00:00,475.44,14,0,1,5.8,0,0,0
2026-09-08T14:12:30.987704+00:00,2948.22,14,1,4,5.72,2,0,1
2026-09-08T14:21:04.649878+00:00,1413.44,14,1,1,4.12,0,1,0
2026-09-08T14:24:42.984989+00:00,173.69,14,0,2,4.26,2,0,0
2026-09-08T14:28:41.795101+00:00,2556.33,14,0,1,5.46,0,1,0
2026-09-08T14:29:07.264462+00:00,17277.84,14,0,1,4.87,1,1,0
2026-09-08T14:36:41.583480+00:00,17387.75,14,2,2,11.74,0,1,1
2026-09-08T14:38:33.496747+00:00,5241.08,14,0,2,3.07,0,0,0
2026-09-08T14:39:40.957351+00:00,22932.5,14,0,1,4.03,2,0,1
2026-09-08T14:46:11.499662+00:00,4581.68,14,1,2,3.93,0,0,0
2026-09-08T14:50:34.643201+00:00,5590.71,14,0,1,3.99,0,1,0
2026-09-08T15:00:32.399677+00:00,840.71,15,0,1,9.67,0,0,0
2026-09-08T15:03:37.650988+00:00,1039.02,15,0,0,1.75,0,1,0
2026-09-08T15:13:55.392390+00:00,808.35,15,1,0,8.81,0,0,0
2026-09-08T15:19:12.261592+00:00,23957.68,15,3,0,2.87,0,0,1
2026-09-08T15:20:07.980399+00:00,9515.74,15,0,0,20.21,0,1,0
2026-09-08T15:20:34.245851+00:00,4097.55,15,0,1,1.87,0,0,0
2026-09-08T15:20:40.221794+00:00,6884.2,15,0,0,3.77,0,1,0
2026-09-08T15:23:15.963114+00:00,3317.74,15,1,2,1.96,0,0,0
2026-09-08T15:25:32.662711+00:00,1629.5,15,0,0,15.78,0,0,0
2026-09-08T15:26:20.214094+00:00,1835.07,15,0,1,2.61,0,0,0
2026-09-08T15:26:26.677869+00:00,310.59,15,0,1,5.47,0,0,0
2026-09-08T15:26:40.077589+00:00,162.28,15,0,3,3.18,0,1,0
2026-09-08T15:27:04.247213+00:00,3864.81,15,1,1,4.19,0,1,0
2026-09-08T15:33:03.108497+00:00,1906.45,15,0,1,8.22,0,1,0
2026-09-08T15:39:53.867066+00:00,2631.02,15,1,1,0.58,0,0,0
2026-09-08T15:40:15.808318+00:00,21342.46,15,0,2,1.05,0,1,1
2026-09-08T15:47:27.708572+00:00,1099.57,15,0,2,4.28,1,0,0
2026-09-08T15:50:52.852091+00:00,2127.39,15,0,0,5.17,0,0,0
2026-09-08T15:53:34.435463+00:00,2096.2,15,0,2,5.49,1,0,0
2026-09-08T15:56:00.994910+00:00,1633.51,15,0,3,9.43,0,0,0
2026-09-08T15:57:44.136402+00:00,5559.38,15,1,1,7.3,0,0,0
2026-09-08T15:59:42.606850+00:00,1979.86,15,0,0,0.15,2,0,0
2026-09-08T16:04:29.860653+00:00,3021.42,16,1,1,0.48,0,0,0
2026-09-08T16:06:41.174339+00:00,7288.03,16,0,2,1.25,0,1,0
2026-09-08T16:07:25.234085+00:00,6497.31,16,0,2,2.39,2,1,0
2026-09-08T16:10:52.394791+00:00,7135.59,16,0,2,3.74,0,0,0
2026-09-08T16:12:01.326529+00:00,1067.1,16,1,2,4.44,0,0,0
2026-09-08T16:14:55.629801+00:00,173.95,16,0,0,2.22,0,1,0
2026-09-08T16:18:50.717021+00:00,1028.15,16,0,0,7.87,0,0,0
2026-09-08T16:21:40.837736+00:00,1105.47,16,0,2,1.84,0,1,0
2026-09-08T16:23:48.800745+00:00,7742.76,16,0,2,14.15,0,1,0
2026-09-08T16:33:48.839841+00:00,3412.51,16,0,2,4.75,0,1,0
2026-09-08T16:45:48.558597+00:00,332.75,16,0,2,9.61,0,0,0
2026-09-08T16:45:58.261322+00:00,15679.93,16,0,3,3.23,0,0,0
2026-09-08T16:46:36.685592+00:00,601.5,16,0,1,4.81,0,0,0
2026-09-08T16:47:16.345331+00:00,3245.26,16,1,1,3.81,0,0,0
2026-09-08T16:49:02.209725+00:00,18094.17,16,1,2,0.89,1,0,0
2026-09-08T16:49:48.728904+00:00,6343.43,16,0,1,4.6,0,0,0
2026-09-08T16:51:30.238808+00:00,9097.05,16,0,2,1.26,0,1,0
2026-09-08T16:52:49.009183+00:00,780.88,16,0,1,3.48,0,0,0
2026-09-08T16:54:34.043095+00:00,1246.35,16,1,0,3.79,0,1,0
2026-09-08T16:58:31.061175+00:00,13941.0,16,0,3,15.2,0,0,0
2026-09-08T17:00:48.275864+00:00,1481.93,17,0,0,7.33,0,0,0
2026-09-08T17:08:31.222265+00:00,7935.75,17,1,0,4.06,0,1,0
2026-09-08T17:09:00.679161+00:00,2798.98,17,3,1,4.97,0,0,0
2026-09-08T17:09:34.373893+00:00,22122.21,17,1,1,7.48,1,1,1
2026-09-08T17:09:44.634954+00:00,2215.45,17,4,1,6.78,0,0,0
2026-09-08T17:12:19.635926+00:00,153.7,17,1,0,4.36,0,0,0
2026-09-08T17:15:41.960068+00:00,272.32,17,0,1,2.64,0,0,0
2026-09-08T17:16:13.743942+00:00,17221.39,17,0,2,6.94,0,0,0
2026-09-08T17:21:26.801645+00:00,4119.68,17,2,1,0.8,0,0,0
2026-09-08T17:21:51.478980+00:00,835.98,17,1,4,5.93,0,0,0
2026-09-08T17:22:04.919849+00:00,4155.39,17,0,2,14.94,0,1,0
2026-09-08T17:22:51.752950+00:00,5385.57,17,0,1,2.46,2,1,1
2026-09-08T17:24:20.925660+00:00,1758.73,17,0,2,2.3,0,0,0
2026-09-08T17:25:18.166680+00:00,4450.63,17,2,0,3.87,0,1,0
2026-09-08T17:26:27.029550+00:00,14816.87,17,0,2,20.91,1,1,0
2026-09-08T17:31:19.022433+00:00,3689.74,17,0,1,0.75,0,0,0
2026-09-08T17:34:27.775733+00:00,4680.52,17,0,0,6.38,0,1,0
2026-09-08T17:34:55.738944+00:00,15481.39,17,3,1,1.65,0,0,1
2026-09-08T17:35:15.709554+00:00,1415.92,17,0,0,1.38,0,0,0
2026-09-08T17:35:22.788297+00:00,1754.07,17,0,3,5.4,0,0,0
2026-09-08T17:37:42.118747+00:00,639.41,17,0,2,8.01,0,0,0
2026-09-08T17:38:19.239118+00:00,16663.08,17,0,2,4.78,1,1,0
2026-09-08T17:38:23.356194+00:00,3843.02,17,0,2,0.3,2,0,0
2026-09-08T17:38:39.564950+00:00,28000.0,17,0,0,1.18,0,0,0
2026-09-08T17:53:59.127924+00:00,1666.0,17,0,1,4.53,0,0,0
2026-09-08T17:55:27.676628+00:00,694.44,17,0,1,10.03,0,0,0
2026-09-08T17:56:22.900996+00:00,1133.96,17,0,3,4.97,0,1,0
2026-09-08T17:59:00.069635+00:00,2002.61,17,0,0,0.22,0,1,0
2026-09-08T17:59:02.123681+00:00,1158.9,17,2,1,11.22,1,0,0
2026-09-08T18:03:45.297618+00:00,911.28,18,0,1,5.91,0,1,0
2026-09-08T18:11:44.010548+00:00,4321.59,18,0,1,3.74,0,0,0
2026-09-08T18:21:13.055133+00:00,85.2,18,0,0,4.03,0,1,0
2026-09-08T18:21:33.360819+00:00,21059.09,18,0,1,1.05,0,1,1
2026-09-08T18:25:17.842022+00:00,24974.1,18,0,0,6.85,0,1,1
2026-09-08T18:30:03.087738+00:00,1050.58,18,0,1,7.32,1,1,0
2026-09-08T18:31:25.795126+00:00,3018.57,18,0,1,9.45,0,0,0
2026-09-08T18:33:40.140467+00:00,3597.07,18,0,0,7.0,0,0,0
2026-09-08T18:33:56.732246+00:00,3465.7,18,0,0,13.19,0,0,0
2026-09-08T18:42:24.073187+00:00,1949.02,18,1,0,7.42,0,1,0
2026-09-08T18:45:19.721325+00:00,1421.7,18,0,2,7.37,1,0,0
2026-09-08T18:46:48.607348+00:00,5843.76,18,1,2,1.76,0,0,0
2026-09-08T18:51:46.802714+00:00,4606.12,18,0,2,1.18,0,0,0
2026-09-08T18:55:31.739203+00:00,1300.03,18,0,2,4.81,1,1,0
2026-09-08T19:04:03.986885+00:00,407.91,19,0,1,4.34,0,1,0
2026-09-08T19:11:43.399680+00:00,14456.36,19,0,1,0.45,0,1,0
2026-09-08T19:14:08.890893+00:00,376.87,19,1,1,4.37,0,0,0
2026-09-08T19:16:05.258553+00:00,2857.94,19,0,0,9.85,0,0,0
2026-09-08T19:17:07.769267+00:00,229.74,19,0,0,8.35,1,0,0
2026-09-08T19:21:22.528974+00:00,1374.78,19,0,0,15.88,0,0,0
2026-09-08T19:21:54.346641+00:00,4537.36,19,0,3,7.01,0,1,0
2026-09-08T19:22:37.520451+00:00,1175.63,19,0,4,10.41,0,1,0
2026-09-08T19:28:48.829865+00:00,4671.19,19,0,1,8.95,0,0,0
2026-09-08T19:31:28.019953+00:00,4438.64,19,0,3,11.0,0,1,0
2026-09-08T19:37:18.531756+00:00,962.83,19,1,2,2.75,0,0,0
2026-09-08T19:39:41.235464+00:00,4235.94,19,0,3,1.67,0,0,0
2026-09-08T19:42:19.441161+00:00,4467.81,19,0,2,13.07,0,1,0
2026-09-08T19:47:16.900151+00:00,1681.09,19,0,3,1.41,0,0,0
2026-09-08T19:48:27.998128+00:00,816.02,19,0,2,3.35,0,1,0
2026-09-08T19:53:49.730464+00:00,2417.18,19,0,1,3.37,0,1,0
2026-09-08T19:59:04.864820+00:00,8198.73,19,2,0,4.14,0,1,1
2026-09-08T20:00:30.757604+00:00,3325.88,20,0,0,3.56,0,0,0
2026-09-08T20:04:41.837316+00:00,667.54,20,0,2,4.5,2,0,0
2026-09-08T20:04:55.645123+00:00,3733.88,20,0,3,5.94,0,0,0
2026-09-08T20:12:56.452156+00:00,1843.12,20,0,1,5.54,0,1,0
2026-09-08T20:23:43.745109+00:00,2925.07,20,0,2,0.51,0,0,0
2026-09-08T20:25:21.795576+00:00,4298.4,20,0,0,2.94,0,0,0
2026-09-08T20:25:48.724878+00:00,2375.19,20,0,2,3.66,0,0,0
2026-09-08T20:29:13.443191+00:00,19028.46,20,0,1,10.67,0,1,1
2026-09-08T20:30:31.208680+00:00,4158.22,20,0,3,0.87,0,1,0
2026-09-08T20:32:20.639943+00:00,3115.05,20,1,1,8.04,0,0,0
2026-09-08T20:32:37.117812+00:00,583.05,20,0,0,7.31,0,0,0
2026-09-08T20:38:24.023169+00:00,5844.25,20,1,0,5.1,0,0,0
2026-09-08T20:41:25.373356+00:00,8851.67,20,0,0,5.23,2,1,0
2026-09-08T20:43:08.797347+00:00,13623.6,20,1,1,2.95,0,1,0
2026-09-08T20:45:31.032798+00:00,2203.69,20,0,0,3.33,1,0,0
2026-09-08T20:52:26.111911+00:00,1018.73,20,1,1,7.33,0,0,0
2026-09-08T20:54:11.935664+00:00,4554.57,20,1,1,2.14,0,0,0
2026-09-08T20:58:24.213001+00:00,4152.17,20,1,1,4.88,0,1,0
2026-09-08T20:59:25.541159+00:00,545.93,20,1,0,2.62,0,0,0
2026-09-08T21:00:29.113721+00:00,6766.54,21,0,1,6.17,0,1,0
2026-09-08T21:01:41.189848+00:00,698.84,21,0,3,3.67,0,0,0
2026-09-08T21:03:04.483608+00:00,5166.64,21,0,2,1.7,4,1,0
2026-09-08T21:03:36.163954+00:00,2013.95,21,0,0,7.88,0,0,0
2026-09-08T21:05:03.361162+00:00,1333.29,21,0,0,1.96,0,0,0
2026-09-08T21:16:15.011464+00:00,611.23,21,0,0,4.67,0,0,0
2026-09-08T21:23:27.658587+00:00,21292.37,21,0,2,12.37,0,1,1
2026-09-08T21:27:17.885684+00:00,3530.03,21,0,0,7.55,0,1,0
2026-09-08T21:30:57.109336+00:00,2618.29,21,0,0,4.8,0,0,0
2026-09-08T21:33:02.566727+00:00,476.66,21,0,1,2.94,0,0,0
2026-09-08T21:33:22.359299+00:00,15844.24,21,0,0,14.82,0,1,0
2026-09-08T21:35:43.570276+00:00,300.19,21,0,0,4.67,1,1,0
2026-09-08T21:35:48.165591+00:00,4417.34,21,2,3,4.82,0,1,0
2026-09-08T21:46:08.075364+00:00,4042.03,21,1,0,5.1,0,1,0
2026-09-08T21:46:29.692416+00:00,16928.7,21,0,1,2.14,1,0,0
2026-09-08T21:48:18.138966+00:00,2689.1,21,0,1,4.28,0,1,0
2026-09-08T21:49:35.910574+00:00,343.13,21,0,0,4.24,0,0,0
2026-09-08T21:49:46.183229+00:00,7550.44,21,0,1,2.64,0,0,0
2026-09-08T21:52:47.810110+00:00,7664.54,21,0,0,9.29,0,0,0
2026-09-08T21:55:21.705035+00:00,3893.92,21,2,1,9.99,0,0,0
2026-09-08T22:02:18.455542+00:00,24556.18,22,2,0,3.64,0,0,1
2026-09-08T22:05:42.220031+00:00,5398.91,22,1,2,10.2,1,1,0
2026-09-08T22:06:19.361224+00:00,5702.87,22,0,3,5.75,0,0,0
2026-09-08T22:06:56.623922+00:00,2758.53,22,0,1,3.13,1,0,0
2026-09-08T22:08:02.933569+00:00,1229.18,22,0,0,7.68,0,0,0
2026-09-08T22:16:54.627508+00:00,846.06,22,0,0,1.08,0,0,0
2026-09-08T22:48:23.375925+00:00,20171.84,22,0,1,4.9,0,1,1
2026-09-08T22:51:05.108963+00:00,3228.62,22,0,0,10.14,0,0,0
2026-09-08T22:52:23.459917+00:00,16146.23,22,0,1,2.23,0,0,0
2026-09-08T22:58:39.167294+00:00,1017.66,22,1,1,1.6,0,0,0
2026-09-08T23:06:28.388457+00:00,19363.55,23,0,0,4.49,1,0,0
2026-09-08T23:12:05.005000+00:00,909.07,23,1,0,4.3,0,0,0
2026-09-08T23:15:04.304645+00:00,2902.55,23,0,0,1.51,2,1,1
2026-09-08T23:18:43.593806+00:00,8271.96,23,0,0,0.24,0,0,0
2026-09-08T23:20:28.428255+00:00,4471.78,23,0,2,0.46,0,1,0
2026-09-08T23:24:07.954328+00:00,3573.26,23,0,3,10.52,0,1,0
2026-09-08T23:27:46.877110+00:00,2856.8,23,0,4,0.44,0,1,0
2026-09-08T23:38:25.867344+00:00,23166.51,23,0,3,8.97,0,0,0
2026-09-08T23:48:02.520690+00:00,720.76,23,3,2,1.3,0,0,0
2026-09-08T23:55:29.424568+00:00,7263.33,23,0,1,2.69,0,1,0
2026-09-09T00:01:28.930532+00:00,974.34,0,1,0,1.79,2,0,0
2026-09-09T00:07:13.586095+00:00,16918.91,0,0,0,2.4,0,0,0
2026-09-09T00:11:24.136643+00:00,4496.34,0,0,0,8.12,1,0,0
2026-09-09T00:13:58.221525+00:00,677.98,0,0,1,2.15,0,1,0
2026-09-09T00:15:34.897101+00:00,1548.16,0,0,2,7.61,0,1,0
2026-09-09T00:18:23.250502+00:00,151.82,0,0,0,2.83,1,0,0
2026-09-09T00:21:30.680512+00:00,531.74,0,0,2,4.26,0,0,0
2026-09-09T00:27:02.882730+00:00,668.63,0,1,3,1.37,1,1,0
2026-09-09T00:33:00.728781+00:00,239.03,0,0,1,6.11,2,0,0
2026-09-09T00:36:54.643950+00:00,3480.88,0,0,1,7.36,0,0,0
2026-09-09T00:37:06.705375+00:00,5864.97,0,0,0,4.93,0,0,0
2026-09-09T00:44:06.114843+00:00,1555.4,0,0,1,2.68,0,1,0
2026-09-09T00:47:07.243070+00:00,6703.39,0,0,0,3.55,0,0,0
2026-09-09T00:47:55.693377+00:00,18238.07,0,0,1,2.13,0,1,1
2026-09-09T00:52:20.778431+00:00,1319.59,0,0,0,1.34,0,0,0
2026-09-09T00:53:57.352928+00:00,582.84,0,0,1,5.69,0,0,0
2026-09-09T00:55:05.435285+00:00,3160.98,0,2,1,2.09,0,1,1
2026-09-09T00:58:03.511189+00:00,1802.41,0,0,0,5.4,0,0,0
2026-09-09T00:59:43.423657+00:00,3100.2,0,1,2,6.62,1,0,0
2026-09-09T01:03:32.455980+00:00,4649.18,1,0,1,3.84,0,1,1
2026-09-09T01:05:06.851868+00:00,2584.81,1,0,0,9.43,1,1,1
2026-09-09T01:14:31.530463+00:00,3221.18,1,2,0,4.62,0,1,1
2026-09-09T01:19:58.579903+00:00,8819.12,1,0,1,4.65,1,0,0
2026-09-09T01:29:28.188489+00:00,1197.09,1,1,0,2.06,1,0,0
2026-09-09T01:29:52.197983+00:00,1483.94,1,0,1,6.45,0,1,0
2026-09-09T01:34:43.276089+00:00,4107.35,1,0,0,13.22,0,1,1
2026-09-09T01:41:39.945147+00:00,20104.1,1,0,0,2.13,0,0,1
2026-09-09T01:42:38.596565+00:00,689.32,1,1,1,2.32,0,0,0
2026-09-09T01:44:30.275715+00:00,1569.89,1,1,1,6.6,0,0,0
2026-09-09T01:46:12.589495+00:00,21504.07,1,0,0,4.33,0,1,1
2026-09-09T01:52:50.842433+00:00,1799.76,1,0,2,5.65,0,0,0
2026-09-09T02:01:59.803034+00:00,688.32,2,0,1,4.1,0,0,0
2026-09-09T02:03:36.166482+00:00,8324.63,2,0,2,15.38,0,1,1
2026-09-09T02:05:48.843630+00:00,4657.84,2,0,2,1.86,0,1,1
2026-09-09T02:10:44.917523+00:00,2160.92,2,0,0,7.86,0,0,0
2026-09-09T02:15:30.779142+00:00,3706.8,2,0,1,3.17,0,1,0
2026-09-09T02:22:55.196366+00:00,7342.48,2,0,3,3.41,0,0,1
2026-09-09T02:37:45.647718+00:00,528.43,2,1,0,3.59,2,1,1
2026-09-09T02:38:35.869524+00:00,982.17,2,2,1,8.08,2,1,1
2026-09-09T02:40:34.285188+00:00,2563.74,2,0,1,9.77,1,1,0
2026-09-09T02:44:57.397580+00:00,5194.41,2,1,0,1.69,0,1,0
2026-09-09T02:46:54.475079+00:00,178.17,2,0,0,1.28,0,0,0
2026-09-09T02:47:09.081642+00:00,13296.17,2,2,1,3.57,0,0,1
2026-09-09T02:53:15.095887+00:00,2001.75,2,0,3,7.74,1,0,1
2026-09-09T02:53:45.653171+00:00,1484.28,2,0,1,2.25,0,0,0
2026-09-09T02:56:52.708236+00:00,1168.27,2,0,0,4.03,0,0,0
2026-09-09T03:00:18.987975+00:00,673.1,3,1,1,1.26,0,1,1
2026-09-09T03:00:44.433031+00:00,5078.15,3,1,1,2.38,0,1,0
2026-09-09T03:10:52.535362+00:00,10013.09,3,0,0,6.07,0,0,0
2026-09-09T03:11:58.173181+00:00,1768.25,3,0,1,1.5,0,1,0
2026-09-09T03:12:03.116534+00:00,9805.14,3,0,1,1.13,0,0,0
2026-09-09T03:14:56.427034+00:00,5615.59,3,1,1,5.92,1,1,0
2026-09-09T03:15:32.146022+00:00,2159.04,3,0,4,5.1,0,1,1
2026-09-09T03:20:46.306621+00:00,3647.0,3,0,1,3.31,0,0,0
2026-09-09T03:21:18.243030+00:00,1886.88,3,0,1,5.68,0,1,1
2026-09-09T03:23:27.844387+00:00,2677.87,3,0,0,6.13,0,0,0
2026-09-09T03:28:32.868636+00:00,251.36,3,0,2,2.59,3,1,1
2026-09-09T03:30:30.710499+00:00,3873.1,3,2,3,1.14,3,0,1
2026-09-09T03:35:15.522083+00:00,233.67,3,0,0,5.55,0,0,0
2026-09-09T03:35:24.679336+00:00,5495.95,3,0,1,1.34,0,0,0
2026-09-09T03:45:38.028794+00:00,5636.53,3,3,4,9.96,0,1,1
2026-09-09T03:47:17.797194+00:00,925.92,3,0,2,4.9,0,0,0
2026-09-09T03:48:08.293036+00:00,1311.4,3,0,0,6.92,0,1,0
2026-09-09T03:49:33.677639+00:00,2160.64,3,0,3,3.58,2,1,1
2026-09-09T03:52:31.127378+00:00,2965.54,3,0,0,2.91,0,0,0
2026-09-09T03:55:15.124504+00:00,16278.78,3,0,1,9.73,0,0,1
2026-09-09T03:56:17.441757+00:00,2932.58,3,1,1,5.13,0,0,0
2026-09-09T03:56:37.631526+00:00,1191.26,3,0,2,7.44,0,1,0
2026-09-09T04:00:32.013197+00:00,242.69,4,0,2,9.49,0,0,0
2026-09-09T04:02:33.376888+00:00,68.1,4,0,1,7.92,0,0,0
2026-09-09T04:10:10.954994+00:00,401.25,4,0,1,15.25,0,1,1
2026-09-09T04:10:56.269298+00:00,5088.55,4,0,2,6.93,0,0,0
2026-09-09T04:12:02.218475+00:00,10477.01,4,0,1,1.66,0,0,0
2026-09-09T04:12:32.133489+00:00,1841.79,4,1,0,3.25,0,0,0
2026-09-09T04:14:37.582015+00:00,2360.3,4,0,2,5.36,1,0,0
2026-09-09T04:15:22.307601+00:00,568.22,4,0,2,1.69,0,1,1
2026-09-09T04:21:26.347419+00:00,16986.07,4,0,2,5.75,0,1,1
2026-09-09T04:21:43.076087+00:00,560.0,4,0,4,3.59,1,1,1
2026-09-09T04:22:22.681627+00:00,3083.13,4,0,0,3.09,0,0,0
2026-09-09T04:23:37.069317+00:00,8722.18,4,0,1,12.69,0,0,0
2026-09-09T04:26:28.111631+00:00,756.9,4,1,2,7.32,0,1,1
2026-09-09T04:33:01.953628+00:00,4688.21,4,0,0,5.33,0,0,0
2026-09-09T04:37:26.863256+00:00,19168.85,4,0,2,6.32,0,0,1
2026-09-09T04:37:47.117455+00:00,1566.56,4,1,3,1.64,0,1,1
2026-09-09T04:40:11.746669+00:00,435.6,4,0,0,12.17,0,0,0
2026-09-09T04:45:43.610610+00:00,17775.66,4,0,1,5.97,0,0,1
2026-09-09T04:47:29.009825+00:00,669.92,4,0,0,2.74,0,0,0
2026-09-09T04:51:20.073970+00:00,1555.34,4,2,3,5.0,0,0,1
2026-09-09T04:54:57.873845+00:00,1789.49,4,2,0,9.98,0,1,1
2026-09-09T04:56:08.070750+00:00,1204.06,4,0,1,7.51,0,0,0
2026-09-09T05:01:57.978551+00:00,23790.36,5,0,2,5.62,0,1,1
2026-09-09T05:02:35.071056+00:00,8096.74,5,0,4,8.01,0,0,0
2026-09-09T05:09:34.331418+00:00,1697.82,5,0,0,3.01,0,0,0
2026-09-09T05:09:46.847827+00:00,743.58,5,0,1,7.24,0,1,0
2026-09-09T05:13:33.670981+00:00,1070.24,5,0,3,1.3,0,0,0
2026-09-09T05:13:58.925675+00:00,6217.29,5,1,0,3.77,0,1,0
2026-09-09T05:14:20.353137+00:00,2772.93,5,0,0,6.13,0,0,0
2026-09-09T05:25:21.205285+00:00,2002.37,5,0,2,7.72,2,0,0
2026-09-09T05:26:57.820438+00:00,578.69,5,1,1,1.65,0,0,0
2026-09-09T05:27:05.478071+00:00,20124.77,5,1,2,4.84,0,0,0
2026-09-09T05:35:54.531020+00:00,1104.52,5,0,2,4.72,1,0,0
2026-09-09T05:37:17.455202+00:00,9236.22,5,1,2,0.47,0,0,0
2026-09-09T05:38:03.032676+00:00,24470.01,5,0,2,6.1,0,0,0
2026-09-09T05:39:19.093098+00:00,13904.08,5,0,1,2.38,1,0,0
2026-09-09T05:39:42.341791+00:00,2386.47,5,0,2,3.54,0,0,0
2026-09-09T05:53:19.844492+00:00,875.9,5,0,3,5.52,0,0,0
2026-09-09T05:54:44.823288+00:00,1752.64,5,0,0,3.72,0,0,0
2026-09-09T05:56:01.953022+00:00,6761.87,5,0,2,1.46,0,0,0
2026-09-09T05:58:27.473442+00:00,2459.19,5,0,0,2.63,0,1,0
2026-09-09T06:05:25.208661+00:00,1361.72,6,0,0,5.73,0,0,0
2026-09-09T06:05:37.441828+00:00,805.77,6,0,3,1.93,0,1,0
2026-09-09T06:14:57.451039+00:00,5215.4,6,0,2,5.52,2,0,0
2026-09-09T06:23:53.411933+00:00,22037.84,6,0,0,5.18,1,1,0
2026-09-09T06:25:35.650574+00:00,2079.95,6,0,2,3.7,0,1,0
2026-09-09T06:40:49.429137+00:00,844.77,6,0,0,6.78,0,0,0
2026-09-09T06:42:10.475731+00:00,19850.2,6,3,1,8.13,0,0,1
2026-09-09T06:44:03.725265+00:00,10347.9,6,0,0,3.37,0,0,0
2026-09-09T06:44:41.117760+00:00,2409.3,6,0,1,2.87,0,0,0
2026-09-09T06:45:29.545886+00:00,1698.37,6,0,1,3.11,0,0,0
2026-09-09T06:51:00.961038+00:00,2418.2,6,0,2,4.44,0,0,0
2026-09-09T06:58:34.800721+00:00,4890.53,6,0,3,5.98,0,1,0
2026-09-09T07:00:30.120833+00:00,1390.18,7,0,3,13.23,0,1,0
2026-09-09T07:01:11.656843+00:00,690.0,7,0,3,2.13,0,0,0
2026-09-09T07:04:24.926961+00:00,2873.83,7,0,2,1.57,0,1,0
2026-09-09T07:04:27.219094+00:00,3561.55,7,0,0,1.53,0,0,0
2026-09-09T07:05:11.031971+00:00,4051.33,7,0,0,3.96,0,1,0
2026-09-09T07:05:37.785026+00:00,6898.29,7,0,4,3.85,0,1,0
2026-09-09T07:10:50.872276+00:00,19665.06,7,1,1,3.22,0,1,1
2026-09-09T07:10:57.627794+00:00,310.7,7,0,1,9.53,0,0,0
2026-09-09T07:12:16.329433+00:00,25374.22,7,0,0,9.4,0,0,0
2026-09-09T07:13:03.164491+00:00,1887.04,7,0,0,7.59,0,0,0
2026-09-09T07:15:12.790992+00:00,3183.82,7,0,2,3.35,0,1,0
2026-09-09T07:19:58.652625+00:00,24146.01,7,0,0,5.31,0,1,1
2026-09-09T07:25:51.191692+00:00,2590.53,7,0,1,6.88,0,0,0
2026-09-09T07:34:52.568517+00:00,16368.4,7,0,3,13.42,0,1,1
2026-09-09T07:35:53.363617+00:00,4562.66,7,1,2,4.1,1,0,0
2026-09-09T07:37:38.242363+00:00,5270.8,7,0,0,4.64,2,0,0
2026-09-09T07:43:17.563908+00:00,16854.3,7,0,2,2.58,0,1,0
2026-09-09T07:50:57.951533+00:00,2205.69,7,2,2,9.87,1,0,0
2026-09-09T07:55:53.628698+00:00,447.1,7,0,0,9.91,1,1,0
2026-09-09T07:56:31.929013+00:00,21238.2,7,0,1,4.53,0,1,0
2026-09-09T07:57:13.823346+00:00,1387.54,7,0,0,1.5,0,1,0
2026-09-09T07:59:03.622381+00:00,20221.3,7,0,2,2.97,0,1,1
2026-09-09T08:00:59.656493+00:00,9889.35,8,0,1,12.24,0,1,0
2026-09-09T08:02:22.363527+00:00,4958.34,8,0,1,1.93,0,1,0
2026-09-09T08:02:22.690278+00:00,3511.48,8,0,0,5.38,0,0,0
2026-09-09T08:02:45.364690+00:00,2393.06,8,0,2,6.35,2,1,1
2026-09-09T08:03:34.963783+00:00,646.12,8,0,1,1.44,0,0,0
2026-09-09T08:06:37.685787+00:00,12340.61,8,0,1,1.89,0,0,0
2026-09-09T08:09:53.198170+00:00,17882.52,8,1,0,4.83,0,1,1
2026-09-09T08:12:09.229156+00:00,421.87,8,0,0,5.48,2,1,1
2026-09-09T08:16:04.555634+00:00,2238.63,8,3,0,2.92,0,0,0
2026-09-09T08:19:04.337266+00:00,6688.66,8,0,1,4.55,0,0,0
2026-09-09T08:19:07.743150+00:00,27532.76,8,0,2,8.4,0,0,1
2026-09-09T08:20:15.431837+00:00,13824.22,8,0,1,13.39,0,0,0
2026-09-09T08:20:17.065120+00:00,7017.29,8,1,1,0.59,1,0,0
2026-09-09T08:26:08.139875+00:00,1073.59,8,2,1,9.52,0,0,0
2026-09-09T08:26:16.909898+00:00,13888.5,8,0,1,1.9,0,0,0
2026-09-09T08:29:09.271567+00:00,24543.6,8,0,0,4.68,0,0,0
2026-09-09T08:34:02.761398+00:00,6441.19,8,0,0,7.33,0,0,0
2026-09-09T08:34:11.908564+00:00,2962.12,8,0,0,0.72,0,0,0
2026-09-09T08:38:59.187032+00:00,2793.87,8,0,0,2.4,0,0,0
2026-09-09T08:41:07.958470+00:00,5427.33,8,0,2,6.24,0,0,0
2026-09-09T08:46:15.015479+00:00,4998.33,8,0,0,3.31,1,1,0
2026-09-09T08:51:58.921703+00:00,7126.35,8,0,0,3.49,0,1,0
2026-09-09T08:54:51.566751+00:00,2634.82,8,0,1,1.57,0,1,0
2026-09-09T09:04:56.048418+00:00,25463.14,9,0,2,1.78,1,0,0
2026-09-09T09:12:07.934030+00:00,28000.0,9,1,3,2.07,0,1,1
2026-09-09T09:15:39.089919+00:00,20179.4,9,0,1,7.79,2,1,1
2026-09-09T09:16:57.512113+00:00,6121.07,9,0,3,3.82,0,0,0
2026-09-09T09:18:16.607938+00:00,2276.93,9,0,0,1.19,0,0,0
2026-09-09T09:20:35.754790+00:00,1629.01,9,1,1,6.66,0,0,0
2026-09-09T09:21:20.051604+00:00,3098.46,9,0,1,7.97,0,0,0
2026-09-09T09:24:23.212009+00:00,244.3,9,0,0,0.63,0,0,0
2026-09-09T09:32:13.813217+00:00,2319.69,9,0,0,8.97,0,1,0
2026-09-09T09:35:46.469658+00:00,6610.7,9,0,0,1.44,1,1,0
2026-09-09T09:37:30.621042+00:00,828.36,9,0,2,7.85,0,0,0
2026-09-09T09:45:56.734849+00:00,17289.51,9,0,1,6.43,0,1,1
2026-09-09T09:52:25.375093+00:00,9035.35,9,1,2,2.9,1,0,0
2026-09-09T09:57:52.607034+00:00,21961.44,9,0,2,0.58,0,1,1
2026-09-09T10:00:58.082551+00:00,1479.97,10,0,1,5.92,0,1,0
2026-09-09T10:02:52.482883+00:00,1918.49,10,1,1,4.03,0,1,0
2026-09-09T10:03:05.887260+00:00,2405.06,10,0,0,7.52,2,0,1
2026-09-09T10:08:57.786185+00:00,3258.88,10,0,1,4.49,0,0,0
2026-09-09T10:14:43.712797+00:00,5221.31,10,2,4,3.91,1,0,1
2026-09-09T10:19:41.559603+00:00,1985.33,10,0,4,5.4,0,1,0
2026-09-09T10:20:52.600457+00:00,5502.88,10,1,0,4.21,1,0,0
2026-09-09T10:22:08.079734+00:00,2501.51,10,1,2,9.45,0,0,0
2026-09-09T10:23:03.617903+00:00,1382.29,10,0,1,3.45,0,1,0
2026-09-09T10:27:09.045811+00:00,3492.96,10,0,0,7.93,0,1,0
2026-09-09T10:34:13.099082+00:00,4107.56,10,0,2,6.05,1,0,0
2026-09-09T10:34:34.646677+00:00,2672.98,10,0,3,4.88,0,0,0
2026-09-09T10:38:24.416437+00:00,246.5,10,0,1,0.79,0,0,0
2026-09-09T10:43:46.964400+00:00,655.8,10,0,1,3.77,1,1,0
2026-09-09T10:44:26.524062+00:00,14477.95,10,0,3,1.33,0,1,0
2026-09-09T10:45:46.540423+00:00,18512.01,10,0,1,2.66,0,0,0
2026-09-09T10:50:27.405611+00:00,3641.06,10,0,0,2.51,0,1,0
2026-09-09T11:11:32.700662+00:00,119.26,11,0,2,8.08,0,0,0
2026-09-09T11:12:52.249040+00:00,4569.71,11,0,1,4.28,0,1,0
2026-09-09T11:14:48.853855+00:00,1046.72,11,0,0,8.65,1,0,0
2026-09-09T11:17:21.851740+00:00,1247.51,11,1,0,1.24,0,1,0
2026-09-09T11:21:18.051247+00:00,22946.38,11,0,2,3.56,0,0,0
2026-09-09T11:21:59.474981+00:00,838.4,11,0,1,15.09,0,0,0
2026-09-09T11:22:05.919659+00:00,6966.36,11,0,0,5.09,0,0,0
2026-09-09T11:22:26.131256+00:00,345.55,11,2,0,2.3,0,1,1
2026-09-09T11:22:27.278900+00:00,21783.62,11,0,0,1.7,0,1,1
2026-09-09T11:25:50.412140+00:00,6118.48,11,2,1,6.8,0,0,0
2026-09-09T11:31:25.430971+00:00,3121.46,11,1,0,3.8,0,0,0
2026-09-09T11:44:12.912656+00:00,1166.49,11,0,0,8.04,0,0,0
2026-09-09T11:44:18.539616+00:00,1807.32,11,0,1,0.96,0,1,0
2026-09-09T11:51:22.428093+00:00,3984.93,11,0,0,0.1,0,1,0
2026-09-09T11:54:05.941095+00:00,11649.19,11,0,0,3.18,0,1,0
2026-09-09T11:55:03.531637+00:00,7215.92,11,0,3,3.83,0,1,0
2026-09-09T12:00:19.451450+00:00,1401.47,12,1,0,1.16,0,1,0
2026-09-09T12:01:17.692349+00:00,20280.13,12,1,1,8.66,0,0,0
2026-09-09T12:06:15.454357+00:00,15919.82,12,1,2,5.79,0,1,0
2026-09-09T12:16:58.872143+00:00,149.66,12,0,1,8.23,0,0,0
2026-09-09T12:18:22.806676+00:00,5616.37,12,0,3,8.28,0,0,0
2026-09-09T12:21:08.013063+00:00,771.91,12,0,3,1.34,1,0,0
2026-09-09T12:26:12.828518+00:00,260.62,12,0,3,5.08,0,1,0
2026-09-09T12:26:14.293063+00:00,926.21,12,1,2,6.38,0,0,0
2026-09-09T12:28:32.931656+00:00,1836.96,12,1,1,8.01,0,1,0
2026-09-09T12:29:17.818585+00:00,4256.59,12,0,1,11.06,0,1,0
2026-09-09T12:29:41.293943+00:00,3192.99,12,0,1,10.03,0,0,0
2026-09-09T12:31:30.817250+00:00,928.2,12,0,1,1.39,0,1,0
2026-09-09T12:33:35.787509+00:00,2299.07,12,0,3,4.31,0,0,0
2026-09-09T12:36:39.726730+00:00,22864.04,12,0,0,3.47,0,1,1
2026-09-09T12:36:42.063450+00:00,5459.81,12,0,1,2.16,0,0,0
2026-09-09T12:47:06.285061+00:00,15993.49,12,0,2,3.01,0,0,0
2026-09-09T12:48:23.421023+00:00,12963.01,12,1,1,10.7,0,0,0
2026-09-09T13:00:30.331713+00:00,21122.07,13,0,1,5.07,0,1,1
2026-09-09T13:01:49.850388+00:00,18040.53,13,1,0,0.45,0,1,1
2026-09-09T13:07:17.220019+00:00,174.54,13,0,1,0.82,0,1,0
2026-09-09T13:07:50.357043+00:00,650.12,13,2,2,3.31,0,0,0
2026-09-09T13:15:07.830612+00:00,4224.56,13,4,0,13.95,2,0,1
2026-09-09T13:17:35.527082+00:00,709.67,13,0,0,1.3,0,1,0
2026-09-09T13:20:36.822325+00:00,2352.44,13,0,0,7.86,0,0,0
2026-09-09T13:23:48.761083+00:00,373.28,13,0,0,4.55,0,0,0
2026-09-09T13:28:19.791379+00:00,8177.98,13,0,1,6.66,0,0,0
2026-09-09T13:32:09.948033+00:00,1408.91,13,0,0,6.94,0,1,0
2026-09-09T13:35:39.691979+00:00,7699.69,13,0,0,13.43,0,0,0
2026-09-09T13:37:29.395996+00:00,9334.12,13,1,3,7.44,0,0,0
2026-09-09T13:37:53.034453+00:00,79.67,13,0,0,3.52,0,0,0
2026-09-09T13:40:41.949124+00:00,2056.39,13,0,0,2.64,1,0,0
2026-09-09T13:40:59.426281+00:00,139.89,13,0,0,11.32,0,0,0
2026-09-09T13:43:01.221379+00:00,7719.28,13,1,2,3.05,0,0,0
2026-09-09T13:58:00.818071+00:00,2398.1,13,0,3,5.24,0,1,0
2026-09-09T13:58:54.476282+00:00,309.28,13,0,0,1.11,0,0,0
2026-09-09T13:59:30.482824+00:00,433.9,13,1,0,1.25,0,1,0
2026-09-09T14:06:35.074986+00:00,14870.39,14,0,1,4.35,0,0,0
2026-09-09T14:09:30.262483+00:00,9075.43,14,0,1,1.25,0,0,0
2026-09-09T14:12:38.134293+00:00,3837.96,14,0,2,5.03,0,0,0
2026-09-09T14:18:07.144257+00:00,6530.62,14,0,0,1.23,0,1,0
2026-09-09T14:22:34.023390+00:00,1520.57,14,0,4,7.59,0,1,0
2026-09-09T14:24:14.096659+00:00,201.36,14,1,1,3.14,0,1,0
2026-09-09T14:26:02.566043+00:00,28000.0,14,0,2,6.82,0,1,1
2026-09-09T14:28:10.792372+00:00,19758.53,14,0,0,6.65,0,0,0
2026-09-09T14:31:11.392048+00:00,9499.47,14,0,2,6.26,0,1,0
2026-09-09T14:35:26.528438+00:00,1531.8,14,0,3,5.43,0,0,0
2026-09-09T14:36:35.695496+00:00,92.45,14,0,1,5.31,0,0,0
2026-09-09T14:40:57.559809+00:00,20353.73,14,1,0,3.34,1,1,0
2026-09-09T14:41:59.234877+00:00,12666.11,14,1,0,3.95,0,0,0
2026-09-09T14:43:20.266047+00:00,10845.43,14,0,0,11.33,0,1,0
2026-09-09T14:47:27.448800+00:00,621.5,14,0,1,7.99,0,0,0
2026-09-09T14:48:54.763435+00:00,15053.32,14,0,1,3.97,0,0,0
2026-09-09T14:56:39.786611+00:00,2727.68,14,1,1,1.99,0,0,0
2026-09-09T15:06:44.314723+00:00,3305.42,15,0,0,1.9,0,1,0
2026-09-09T15:09:23.862779+00:00,4363.48,15,0,0,4.89,0,0,0
2026-09-09T15:11:05.217150+00:00,21338.03,15,1,0,7.76,0,0,0
2026-09-09T15:15:47.022860+00:00,25412.14,15,0,0,6.57,1,1,1
2026-09-09T15:24:02.386251+00:00,3318.1,15,0,0,28.23,1,1,0
2026-09-09T15:31:09.230546+00:00,6068.4,15,0,1,1.4,0,0,0
2026-09-09T15:33:49.499886+00:00,2545.35,15,0,1,2.16,2,0,0
2026-09-09T15:38:49.947598+00:00,1771.71,15,0,1,9.01,0,0,0
2026-09-09T15:39:22.531929+00:00,12156.79,15,0,1,2.69,1,1,0
2026-09-09T15:44:11.812868+00:00,22239.63,15,0,2,2.9,0,0,0
2026-09-09T15:52:09.540235+00:00,6512.66,15,0,2,13.89,0,0,0
2026-09-09T15:53:39.202291+00:00,9864.31,15,0,0,6.9,0,1,0
2026-09-09T15:58:53.859993+00:00,3660.07,15,1,2,6.31,0,0,0
2026-09-09T16:02:34.260916+00:00,2607.69,16,0,0,0.72,0,0,0
2026-09-09T16:04:09.210307+00:00,71.25,16,0,1,4.83,0,1,0
2026-09-09T16:05:11.931475+00:00,190.7,16,0,0,2.34,0,0,0
2026-09-09T16:06:28.195452+00:00,777.47,16,0,1,2.69,0,0,0
2026-09-09T16:11:56.474162+00:00,15268.93,16,0,1,10.85,0,1,1
2026-09-09T16:17:15.732998+00:00,1000.95,16,0,1,1.94,2,0,0
2026-09-09T16:20:16.082951+00:00,1224.0,16,2,1,4.04,0,0,0
2026-09-09T16:21:18.866574+00:00,1488.45,16,0,1,4.97,0,1,0
2026-09-09T16:25:47.796661+00:00,1806.09,16,0,1,3.13,0,1,0
2026-09-09T16:30:20.194074+00:00,393.13,16,1,1,1.87,0,0,0
2026-09-09T16:31:14.253200+00:00,198.51,16,0,1,4.72,0,0,0
2026-09-09T16:31:46.141891+00:00,3646.2,16,0,2,4.72,0,0,0
2026-09-09T16:34:55.477595+00:00,2526.41,16,0,0,5.86,4,1,1
2026-09-09T16:37:24.642021+00:00,1939.19,16,0,1,7.74,0,1,0
2026-09-09T16:50:08.812652+00:00,3280.24,16,1,1,2.32,1,1,0
2026-09-09T16:53:44.921915+00:00,5686.88,16,0,2,1.72,0,0,0
2026-09-09T16:55:27.534765+00:00,1845.85,16,0,1,4.39,0,1,0
2026-09-09T16:58:49.224897+00:00,3339.25,16,1,2,1.91,0,1,0
2026-09-09T16:59:56.258215+00:00,9883.54,16,0,2,7.01,0,1,0
2026-09-09T17:01:54.707533+00:00,22302.14,17,0,3,3.54,0,1,0
2026-09-09T17:07:27.976017+00:00,18759.79,17,0,1,10.37,0,0,0
2026-09-09T17:10:48.419049+00:00,3371.49,17,3,1,2.44,0,0,0
2026-09-09T17:11:21.503812+00:00,17688.72,17,0,3,4.77,0,0,0
2026-09-09T17:13:23.588646+00:00,2690.94,17,0,1,2.93,1,0,0
2026-09-09T17:17:34.990459+00:00,12798.39,17,0,3,1.43,1,0,0
2026-09-09T17:23:55.981888+00:00,2397.49,17,2,3,2.98,0,1,1
2026-09-09T17:24:01.692284+00:00,8463.45,17,1,1,2.31,0,0,0
2026-09-09T17:26:18.591906+00:00,1734.0,17,0,0,1.85,1,1,0
2026-09-09T17:26:20.006806+00:00,21703.22,17,1,2,0.9,2,0,1
2026-09-09T17:26:34.140063+00:00,2830.06,17,1,1,7.63,0,0,0
2026-09-09T17:30:53.464599+00:00,198.2,17,0,2,3.1,0,0,0
2026-09-09T17:34:49.393541+00:00,20019.68,17,0,3,27.93,1,1,1
2026-09-09T17:37:21.535578+00:00,1087.18,17,0,0,5.67,0,1,0
2026-09-09T17:43:14.139083+00:00,165.67,17,0,0,1.88,0,1,0
2026-09-09T17:43:56.872895+00:00,5562.56,17,0,1,3.97,0,0,0
2026-09-09T17:48:15.078846+00:00,15891.87,17,0,2,3.24,0,0,0
2026-09-09T17:50:59.274468+00:00,22282.77,17,0,0,3.02,0,1,1
2026-09-09T17:53:30.703653+00:00,1147.95,17,0,1,5.21,0,1,0
2026-09-09T17:57:08.311057+00:00,751.44,17,1,1,3.67,0,1,0
2026-09-09T17:57:49.857077+00:00,11730.99,17,0,1,5.44,0,1,0
2026-09-09T17:57:59.272479+00:00,1496.36,17,0,1,2.92,0,1,0
2026-09-09T18:02:53.204644+00:00,3003.16,18,1,0,1.43,0,0,0
2026-09-09T18:11:53.211079+00:00,3073.0,18,0,1,4.45,0,0,0
2026-09-09T18:18:53.772759+00:00,2690.58,18,1,2,2.71,0,0,0
2026-09-09T18:22:38.775832+00:00,7936.9,18,0,1,8.73,0,0,0
2026-09-09T18:31:52.739347+00:00,3651.08,18,0,0,4.2,0,1,0
2026-09-09T18:32:42.693938+00:00,1714.61,18,0,0,1.3,0,0,0
2026-09-09T18:33:53.869127+00:00,6406.44,18,0,0,1.59,0,0,0
2026-09-09T18:34:45.034314+00:00,699.19,18,0,1,6.61,0,0,0
2026-09-09T18:36:03.982465+00:00,2574.5,18,0,3,0.84,0,0,0
2026-09-09T18:36:46.353341+00:00,9681.76,18,1,0,9.4,0,0,0
2026-09-09T18:39:19.804159+00:00,3202.05,18,0,1,0.81,0,1,0
2026-09-09T18:53:19.718626+00:00,5493.91,18,0,2,3.2,2,0,0
2026-09-09T18:54:36.685289+00:00,3452.15,18,0,0,12.78,1,0,0
2026-09-09T19:00:08.619884+00:00,5911.7,19,0,1,6.4,0,1,0
2026-09-09T19:03:05.352236+00:00,9311.69,19,1,2,5.69,0,1,0
2026-09-09T19:06:19.479962+00:00,1079.91,19,0,0,1.53,1,0,0
2026-09-09T19:08:42.746032+00:00,654.95,19,0,2,11.59,0,0,0
2026-09-09T19:09:22.463079+00:00,2177.22,19,0,2,5.8,0,0,0
2026-09-09T19:12:45.318407+00:00,3932.64,19,0,0,12.6,0,0,0
2026-09-09T19:18:46.975934+00:00,884.72,19,1,0,1.92,1,0,0
2026-09-09T19:23:59.420769+00:00,73.15,19,4,0,2.69,0,1,0
2026-09-09T19:24:19.797716+00:00,1403.91,19,0,0,1.42,0,0,0
2026-09-09T19:24:40.047493+00:00,11161.57,19,0,0,2.45,0,0,0
2026-09-09T19:35:09.135208+00:00,3859.48,19,0,0,2.55,0,0,0
2026-09-09T19:35:40.291468+00:00,1701.72,19,0,0,7.39,0,1,0
2026-09-09T19:39:47.917943+00:00,744.5,19,0,2,3.51,1,1,0
2026-09-09T19:41:05.193661+00:00,1468.63,19,0,1,5.95,0,0,0
2026-09-09T19:43:04.059179+00:00,655.64,19,1,2,5.23,0,0,0
2026-09-09T19:43:30.408962+00:00,419.65,19,0,2,1.17,0,1,0
2026-09-09T19:44:27.666354+00:00,7651.65,19,0,3,5.44,0,0,0
2026-09-09T19:44:38.771233+00:00,19431.15,19,1,3,5.74,0,0,0
2026-09-09T19:45:52.023175+00:00,633.64,19,1,0,5.36,0,0,0
2026-09-09T19:48:52.320122+00:00,239.41,19,0,0,3.45,0,1,0
2026-09-09T19:51:55.660575+00:00,1340.24,19,1,1,12.41,0,0,0
2026-09-09T19:58:40.675605+00:00,2041.64,19,1,0,8.41,0,1,0
2026-09-09T20:00:39.941597+00:00,793.4,20,0,3,1.8,0,0,0
2026-09-09T20:01:51.589955+00:00,1207.88,20,1,1,13.03,2,0,0
2026-09-09T20:02:08.585474+00:00,777.54,20,0,2,4.2,1,0,0
2026-09-09T20:07:05.880669+00:00,21676.5,20,0,0,3.38,0,1,1
2026-09-09T20:10:38.753078+00:00,4049.77,20,0,1,1.64,0,0,0
2026-09-09T20:11:19.212228+00:00,3284.72,20,1,0,3.97,0,0,0
2026-09-09T20:14:13.800194+00:00,16296.94,20,0,1,6.55,0,0,0
2026-09-09T20:16:24.379365+00:00,7731.51,20,0,4,3.24,0,0,0
2026-09-09T20:19:28.670617+00:00,11231.51,20,0,3,6.34,2,0,0
2026-09-09T20:22:09.686949+00:00,21575.85,20,0,0,11.28,0,0,0
2026-09-09T20:29:00.909030+00:00,867.46,20,0,1,10.63,1,0,0
2026-09-09T20:29:53.935987+00:00,2446.46,20,0,1,3.71,0,1,0
2026-09-09T20:32:00.134710+00:00,366.19,20,0,1,5.64,0,0,0
2026-09-09T20:34:31.978076+00:00,1895.19,20,1,3,4.21,0,1,0
2026-09-09T20:37:23.703291+00:00,22774.19,20,0,3,7.28,0,0,0
2026-09-09T20:39:36.152324+00:00,2422.56,20,1,3,6.29,3,0,0
2026-09-09T20:39:39.854645+00:00,21446.48,20,0,1,3.69,1,0,0
2026-09-09T20:43:30.539432+00:00,2561.95,20,0,2,5.06,0,1,0
2026-09-09T20:53:22.607543+00:00,10265.89,20,0,2,5.68,0,0,0
2026-09-09T20:57:26.436605+00:00,798.22,20,0,1,10.72,0,1,0
2026-09-09T20:58:41.060919+00:00,3463.91,20,1,0,4.16,0,1,0
2026-09-09T21:03:01.343060+00:00,201.97,21,0,1,6.79,0,1,0
2026-09-09T21:13:31.486040+00:00,279.92,21,0,2,3.48,0,0,0
2026-09-09T21:16:03.880706+00:00,2628.25,21,0,3,4.95,0,0,0
2026-09-09T21:21:07.917935+00:00,414.76,21,0,1,3.8,0,1,0
2026-09-09T21:25:20.038799+00:00,132.32,21,0,1,1.97,0,0,0
2026-09-09T21:28:37.956063+00:00,662.09,21,0,1,1.17,0,1,0
2026-09-09T21:29:41.480963+00:00,2722.6,21,0,1,3.21,0,0,0
2026-09-09T21:30:58.896581+00:00,3948.55,21,0,2,3.74,0,0,0
2026-09-09T21:31:46.155993+00:00,19268.56,21,0,1,5.56,0,0,0
2026-09-09T21:34:03.335545+00:00,3590.89,21,0,1,7.62,0,0,0
2026-09-09T21:37:01.571726+00:00,704.72,21,0,1,2.28,0,1,0
2026-09-09T21:38:41.981285+00:00,3101.64,21,0,0,3.16,2,1,0
2026-09-09T21:40:30.418854+00:00,1759.07,21,1,0,6.59,0,1,0
2026-09-09T21:42:11.656017+00:00,17733.54,21,0,5,4.38,2,0,1
2026-09-09T21:43:22.957763+00:00,17048.56,21,0,0,1.94,0,0,0
2026-09-09T21:45:02.085196+00:00,8948.55,21,0,1,4.75,0,0,0
2026-09-09T21:46:21.155414+00:00,73.73,21,0,2,2.07,1,0,0
2026-09-09T21:48:59.179578+00:00,6993.27,21,0,0,6.37,0,1,0
2026-09-09T21:49:09.235159+00:00,280.17,21,0,3,12.54,0,0,0
2026-09-09T21:53:16.086687+00:00,27392.25,21,0,1,6.69,0,0,0
2026-09-09T22:04:51.426722+00:00,1119.34,22,0,0,9.48,0,0,0
2026-09-09T22:06:50.023288+00:00,1600.23,22,0,1,1.36,0,1,0
2026-09-09T22:14:12.980550+00:00,367.56,22,0,1,5.1,2,1,0
2026-09-09T22:26:53.841489+00:00,20012.61,22,0,1,6.63,0,0,0
2026-09-09T22:30:44.500784+00:00,4211.47,22,0,0,1.26,1,0,0
2026-09-09T22:38:20.604693+00:00,9302.73,22,0,1,5.01,0,1,0
2026-09-09T22:54:07.091046+00:00,3079.29,22,0,0,5.13,0,0,0
2026-09-09T22:55:16.477433+00:00,4086.41,22,0,0,1.19,0,0,0
2026-09-09T22:55:50.083952+00:00,17963.04,22,0,2,4.33,0,1,0
2026-09-09T22:58:57.726777+00:00,1035.73,22,0,0,5.61,0,0,0
2026-09-09T23:06:56.253823+00:00,208.11,23,1,1,6.67,0,0,0
2026-09-09T23:08:41.840363+00:00,66.0,23,0,1,1.51,0,0,0
2026-09-09T23:13:10.751480+00:00,1441.7,23,0,1,0.71,1,1,0
2026-09-09T23:16:59.512990+00:00,944.37,23,0,1,5.05,0,0,0
2026-09-09T23:18:41.335341+00:00,265.9,23,0,0,3.32,0,1,0
2026-09-09T23:22:55.469783+00:00,693.2,23,0,0,9.53,0,0,0
2026-09-09T23:23:40.350834+00:00,485.47,23,0,1,15.49,0,0,0
2026-09-09T23:28:04.108682+00:00,7943.76,23,0,1,6.98,0,0,0
2026-09-09T23:31:33.434886+00:00,543.63,23,0,1,11.61,0,1,0
2026-09-09T23:33:26.007950+00:00,2528.58,23,0,0,2.69,0,1,0
2026-09-09T23:36:56.540692+00:00,2937.45,23,0,2,6.84,0,0,0
2026-09-09T23:46:48.615108+00:00,2569.26,23,2,1,2.45,0,0,0
2026-09-09T23:48:13.380745+00:00,17360.55,23,1,2,7.35,0,0,0
2026-09-09T23:55:49.135360+00:00,1288.47,23,2,1,5.86,0,0,0
2026-09-09T23:56:51.506903+00:00,228.42,23,0,0,7.61,0,1,0
2026-09-09T23:57:41.960300+00:00,1671.63,23,1,1,1.91,0,0,0
2026-09-10T00:01:45.398279+00:00,728.78,0,1,0,6.73,0,1,0
2026-09-10T00:09:38.619732+00:00,2699.03,0,1,1,9.08,0,0,0
2026-09-10T00:10:55.229546+00:00,20005.89,0,0,0,5.67,1,1,1
2026-09-10T00:14:24.461536+00:00,2490.54,0,1,1,5.01,0,0,0
2026-09-10T00:15:55.277167+00:00,1882.65,0,0,1,2.87,0,0,0
2026-09-10T00:17:22.644866+00:00,16324.79,0,0,1,20.73,1,0,1
2026-09-10T00:19:25.346016+00:00,5958.28,0,0,1,4.93,0,0,0
2026-09-10T00:20:20.736405+00:00,852.48,0,1,1,4.56,0,0,0
2026-09-10T00:23:21.896094+00:00,4300.26,0,0,3,4.23,1,1,0
2026-09-10T00:36:30.860564+00:00,4593.38,0,0,2,3.16,0,0,0
2026-09-10T00:38:10.279420+00:00,1798.72,0,2,1,6.96,0,0,0
2026-09-10T00:44:02.886083+00:00,1189.04,0,0,1,7.83,0,0,0
2026-09-10T00:50:44.133446+00:00,2094.88,0,1,0,7.1,0,0,0
2026-09-10T00:51:47.480532+00:00,373.12,0,1,0,14.68,0,0,0
2026-09-10T00:53:30.235559+00:00,210.46,0,0,1,1.73,0,0,0
2026-09-10T01:09:33.560314+00:00,438.68,1,0,0,4.47,0,0,0
2026-09-10T01:14:46.257661+00:00,723.05,1,0,1,0.9,0,1,1
2026-09-10T01:27:12.699371+00:00,2304.91,1,4,3,4.1,0,0,1
2026-09-10T01:31:58.763098+00:00,6112.42,1,1,1,7.33,0,0,0
2026-09-10T01:33:20.710108+00:00,919.9,1,0,1,1.9,0,0,0
2026-09-10T01:34:07.651593+00:00,8814.76,1,0,2,1.32,0,0,0
2026-09-10T01:39:29.503343+00:00,9976.95,1,0,1,1.18,1,0,0
2026-09-10T01:43:45.064382+00:00,10273.95,1,0,1,1.18,0,0,0
2026-09-10T01:45:13.362312+00:00,5875.88,1,0,1,8.03,0,0,0
2026-09-10T01:45:15.256993+00:00,1507.3,1,0,0,1.6,0,1,0
2026-09-10T01:45:50.371766+00:00,301.47,1,0,0,7.53,0,0,0
2026-09-10T01:54:56.824478+00:00,2751.93,1,0,2,3.53,0,0,0
2026-09-10T02:03:10.341331+00:00,2677.56,2,0,0,2.16,0,1,1
2026-09-10T02:03:35.834472+00:00,6130.27,2,1,2,5.11,0,1,1
2026-09-10T02:13:40.571403+00:00,28000.0,2,0,2,4.02,0,1,1
2026-09-10T02:14:03.179931+00:00,2330.71,2,0,0,2.78,1,1,1
2026-09-10T02:16:21.472129+00:00,1414.98,2,0,1,0.8,0,1,1
2026-09-10T02:17:52.610426+00:00,718.16,2,0,1,2.44,0,0,0
2026-09-10T02:23:21.497031+00:00,75.4,2,0,0,3.17,0,1,1
2026-09-10T02:30:51.271576+00:00,2336.94,2,1,0,4.17,0,0,0
2026-09-10T02:32:26.795408+00:00,2654.71,2,0,2,4.45,0,0,0
2026-09-10T02:34:05.402017+00:00,5636.38,2,0,2,2.48,0,0,0
2026-09-10T02:47:36.876681+00:00,2307.5,2,0,1,5.31,0,1,0
2026-09-10T02:48:50.850775+00:00,28000.0,2,0,1,6.67,0,0,1
2026-09-10T02:49:25.479635+00:00,3225.07,2,0,1,10.94,0,0,0
2026-09-10T02:51:53.463857+00:00,5930.99,2,0,2,7.64,0,0,0
2026-09-10T02:54:08.791486+00:00,573.67,2,0,3,1.03,1,0,1
2026-09-10T02:58:55.273115+00:00,6246.7,2,0,1,7.88,0,1,1
2026-09-10T03:03:44.733850+00:00,3657.99,3,0,1,10.4,0,1,1
2026-09-10T03:12:22.024499+00:00,19443.1,3,0,4,12.19,0,0,1
2026-09-10T03:20:02.075648+00:00,733.37,3,0,0,1.48,0,0,0
2026-09-10T03:21:24.986754+00:00,8413.53,3,0,3,3.62,0,0,1
2026-09-10T03:22:07.574677+00:00,15561.08,3,0,1,1.0,1,1,1
2026-09-10T03:23:59.380096+00:00,19889.69,3,0,0,3.6,0,0,1
2026-09-10T03:32:47.442656+00:00,1263.56,3,0,1,2.23,0,0,0
2026-09-10T03:35:05.534343+00:00,3560.34,3,0,3,4.71,0,1,1
2026-09-10T03:35:09.570884+00:00,5916.86,3,0,1,6.83,0,1,0
2026-09-10T03:38:45.970120+00:00,1490.01,3,0,2,3.78,0,1,0
2026-09-10T03:42:24.238647+00:00,1841.44,3,0,0,15.98,0,0,0
2026-09-10T03:45:05.673012+00:00,12901.04,3,0,0,6.37,0,1,0
2026-09-10T03:45:18.032939+00:00,4962.69,3,0,3,6.32,1,1,1
2026-09-10T03:53:58.777949+00:00,7340.03,3,1,0,6.7,0,0,0
2026-09-10T03:58:17.444030+00:00,1908.35,3,0,1,1.23,0,1,0
2026-09-10T03:59:42.981324+00:00,913.35,3,0,1,6.85,0,1,1
2026-09-10T04:03:37.106162+00:00,1758.55,4,0,1,2.32,0,0,0
2026-09-10T04:04:14.246231+00:00,4089.14,4,0,1,6.05,0,0,0
2026-09-10T04:06:03.169363+00:00,430.86,4,2,3,4.31,0,1,1
2026-09-10T04:06:46.993842+00:00,1069.13,4,1,2,3.77,0,1,0
2026-09-10T04:06:56.380857+00:00,212.83,4,0,4,2.31,0,1,1
2026-09-10T04:07:20.984358+00:00,1871.99,4,0,1,3.23,0,1,1
2026-09-10T04:07:31.853794+00:00,20655.79,4,2,0,3.94,0,0,1
2026-09-10T04:12:47.899910+00:00,139.91,4,0,3,2.57,0,0,1
2026-09-10T04:15:56.915722+00:00,3659.76,4,0,0,0.75,0,1,0
2026-09-10T04:19:50.042353+00:00,8685.81,4,0,1,6.97,0,1,1
2026-09-10T04:23:42.333585+00:00,925.29,4,0,0,2.52,0,0,0
2026-09-10T04:24:27.696957+00:00,3845.53,4,0,3,3.24,0,0,1
2026-09-10T04:26:53.166685+00:00,28000.0,4,1,2,3.77,0,0,1
2026-09-10T04:29:26.724167+00:00,10548.04,4,0,1,12.41,1,0,0
2026-09-10T04:30:31.932194+00:00,916.92,4,0,2,7.29,0,0,0
2026-09-10T04:31:47.607609+00:00,398.33,4,2,1,0.5,0,0,1
2026-09-10T04:39:10.605496+00:00,573.6,4,1,2,8.48,0,1,1
2026-09-10T04:41:20.567529+00:00,3934.5,4,0,1,0.88,0,0,0
2026-09-10T04:42:06.094764+00:00,24369.33,4,0,2,5.3,0,0,1
2026-09-10T04:45:25.329134+00:00,3649.07,4,0,2,5.84,0,0,0
2026-09-10T04:47:16.638661+00:00,1370.69,4,0,3,1.63,0,0,1
2026-09-10T04:56:13.903082+00:00,655.39,4,0,1,2.28,1,0,0
2026-09-10T04:58:18.139964+00:00,2841.81,4,0,0,2.76,1,1,0
2026-09-10T05:00:29.591733+00:00,2175.29,5,2,2,2.48,2,0,1
2026-09-10T05:13:55.521656+00:00,4236.08,5,1,2,1.29,0,1,0
2026-09-10T05:14:50.498829+00:00,1923.2,5,0,0,6.2,0,0,0
2026-09-10T05:16:43.463873+00:00,1383.06,5,1,0,1.39,2,1,1
2026-09-10T05:18:05.109274+00:00,1171.69,5,0,1,3.14,2,1,0
2026-09-10T05:18:40.422491+00:00,820.27,5,0,1,2.73,0,0,0
2026-09-10T05:18:42.270087+00:00,1048.48,5,1,0,2.85,0,1,0
2026-09-10T05:37:40.361976+00:00,378.83,5,0,1,3.45,0,1,0
2026-09-10T05:40:21.800184+00:00,1423.07,5,1,3,4.03,1,1,0
2026-09-10T05:45:20.567576+00:00,17634.23,5,0,1,0.1,0,0,0
2026-09-10T05:45:36.731484+00:00,720.17,5,0,0,1.56,0,0,0
2026-09-10T05:46:24.875412+00:00,4455.07,5,0,1,8.71,0,1,0
2026-09-10T05:47:51.511641+00:00,1319.96,5,0,1,6.58,0,1,0
2026-09-10T05:59:43.351496+00:00,3590.67,5,0,2,0.46,0,1,0
2026-09-10T06:04:11.759687+00:00,4098.08,6,2,4,1.93,0,0,1
2026-09-10T06:08:19.421997+00:00,2845.05,6,0,1,3.61,0,0,0
2026-09-10T06:11:52.420647+00:00,28000.0,6,0,2,1.53,0,0,0
2026-09-10T06:12:51.756821+00:00,129.35,6,0,2,3.69,0,0,0
2026-09-10T06:17:58.255628+00:00,4354.1,6,1,0,1.73,0,0,0
2026-09-10T06:23:35.028369+00:00,10264.78,6,0,1,8.13,0,1,0
2026-09-10T06:25:16.578342+00:00,6403.91,6,0,0,6.98,0,0,0
2026-09-10T06:27:02.717596+00:00,648.14,6,1,1,10.77,1,1,0
2026-09-10T06:31:25.811963+00:00,1326.38,6,2,1,6.43,0,1,1
2026-09-10T06:39:59.397405+00:00,665.72,6,0,2,5.66,1,0,0
2026-09-10T06:42:47.041424+00:00,3002.61,6,0,1,1.61,0,1,0
2026-09-10T06:44:16.217027+00:00,4045.43,6,0,1,2.24,0,1,0
2026-09-10T06:47:58.054989+00:00,1280.38,6,0,1,5.97,0,0,0
2026-09-10T06:53:00.231660+00:00,2541.46,6,1,0,2.74,3,0,0
2026-09-10T06:54:24.797128+00:00,3817.3,6,4,1,6.77,0,0,0
2026-09-10T06:54:27.563828+00:00,1810.53,6,0,1,1.1,0,1,0
2026-09-10T06:59:26.041503+00:00,6217.62,6,1,0,4.34,0,1,0
2026-09-10T07:03:14.875040+00:00,4784.6,7,0,1,3.8,1,0,0
2026-09-10T07:05:46.171975+00:00,273.92,7,0,3,2.06,0,1,0
2026-09-10T07:09:21.463540+00:00,3165.76,7,0,0,4.08,0,0,0
2026-09-10T07:10:28.333650+00:00,918.58,7,3,3,1.54,0,1,0
2026-09-10T07:10:33.721262+00:00,19295.85,7,0,1,3.71,0,1,1
2026-09-10T07:13:40.508151+00:00,10120.69,7,0,3,1.0,0,0,0
2026-09-10T07:14:15.194771+00:00,6819.93,7,2,1,2.29,0,1,0
2026-09-10T07:18:15.214002+00:00,1718.82,7,0,0,8.85,0,0,0
2026-09-10T07:18:15.715713+00:00,1162.8,7,0,2,8.69,0,0,0
2026-09-10T07:25:15.637942+00:00,914.73,7,0,0,3.51,0,1,0
2026-09-10T07:29:54.375084+00:00,19686.23,7,0,0,4.74,0,0,0
2026-09-10T07:47:20.806507+00:00,448.22,7,0,3,10.18,2,0,0
2026-09-10T07:47:50.848400+00:00,2610.07,7,2,1,3.33,0,1,0
2026-09-10T07:48:41.231098+00:00,64.27,7,0,3,1.19,1,0,0
2026-09-10T07:49:54.573959+00:00,1312.29,7,1,0,5.26,0,0,0
2026-09-10T07:50:15.722836+00:00,854.81,7,0,3,2.88,4,1,1
2026-09-10T07:53:23.182912+00:00,11413.7,7,0,1,9.81,0,0,0
2026-09-10T07:53:48.396603+00:00,4217.35,7,1,2,1.98,0,1,0
2026-09-10T07:55:06.724096+00:00,1436.8,7,0,1,2.42,0,0,0
2026-09-10T08:01:01.048028+00:00,371.81,8,0,0,4.49,1,0,0
2026-09-10T08:01:38.214230+00:00,2387.44,8,1,1,8.87,4,0,0
2026-09-10T08:04:13.413262+00:00,828.31,8,0,2,6.71,0,0,0
2026-09-10T08:07:19.933171+00:00,2520.15,8,0,4,4.55,0,0,0
2026-09-10T08:07:41.977052+00:00,5832.83,8,0,0,6.42,0,0,0
2026-09-10T08:10:41.585432+00:00,3121.03,8,0,1,12.8,0,1,0
2026-09-10T08:12:03.197639+00:00,3274.54,8,1,0,3.79,0,1,0
2026-09-10T08:14:13.074828+00:00,2552.07,8,1,0,1.36,0,0,0
2026-09-10T08:20:05.946089+00:00,8447.01,8,0,1,4.47,0,0,0
2026-09-10T08:21:44.362673+00:00,8657.82,8,0,2,9.83,0,0,0
2026-09-10T08:23:02.989019+00:00,2360.55,8,0,0,1.95,0,0,0
2026-09-10T08:25:21.593733+00:00,1227.8,8,0,2,1.57,2,0,0
2026-09-10T08:32:54.099457+00:00,20589.95,8,0,1,7.69,0,1,1
2026-09-10T08:36:56.083058+00:00,720.74,8,0,0,1.58,0,1,0
2026-09-10T08:41:44.487182+00:00,3296.95,8,0,1,5.42,0,0,0
2026-09-10T08:41:58.024747+00:00,2278.66,8,0,1,3.64,0,1,0
2026-09-10T08:42:52.507736+00:00,408.91,8,2,1,6.36,0,1,1
2026-09-10T08:43:03.772908+00:00,20263.9,8,0,1,7.88,0,1,1
2026-09-10T08:46:52.387737+00:00,2150.3,8,0,1,1.97,1,1,0
2026-09-10T08:50:42.777398+00:00,25329.51,8,0,1,1.62,0,0,0
2026-09-10T08:51:35.366387+00:00,2733.96,8,1,3,8.34,0,1,0
2026-09-10T08:54:00.337286+00:00,24541.51,8,2,0,5.52,1,1,1
2026-09-10T08:54:17.060850+00:00,1384.94,8,2,2,2.7,0,0,0
2026-09-10T08:55:51.641096+00:00,2771.22,8,0,2,0.42,0,0,0
2026-09-10T08:58:29.168463+00:00,1957.87,8,0,2,1.15,0,0,0
2026-09-10T08:58:56.701589+00:00,3504.01,8,0,1,5.2,0,1,0
2026-09-10T09:00:34.868499+00:00,226.08,9,0,3,3.47,0,1,0
2026-09-10T09:06:05.511059+00:00,21794.06,9,3,2,8.34,0,0,1
2026-09-10T09:06:45.206017+00:00,20400.37,9,0,3,8.11,0,1,0
2026-09-10T09:14:55.371648+00:00,21084.17,9,0,1,2.59,0,0,0
2026-09-10T09:18:47.185038+00:00,10434.65,9,0,1,4.64,0,0,0
2026-09-10T09:18:54.089641+00:00,15955.26,9,0,0,7.23,0,1,1
2026-09-10T09:37:49.931391+00:00,1253.18,9,1,2,2.94,0,0,0
2026-09-10T09:39:15.799093+00:00,2342.02,9,0,1,8.56,0,0,0
2026-09-10T09:40:54.018127+00:00,6421.51,9,0,0,10.16,1,0,0
2026-09-10T09:43:38.107331+00:00,1784.81,9,0,0,5.7,0,1,0
2026-09-10T09:44:26.850528+00:00,4418.57,9,0,3,2.7,0,1,0
2026-09-10T09:47:51.082245+00:00,6269.74,9,0,0,10.5,2,0,0
2026-09-10T09:48:49.635162+00:00,1247.48,9,1,1,3.83,0,0,0
2026-09-10T09:49:26.985618+00:00,1656.21,9,0,1,2.09,0,1,0
2026-09-10T09:59:49.118705+00:00,1470.95,9,2,0,2.13,0,0,0
2026-09-10T10:08:45.739506+00:00,5784.47,10,0,1,2.93,0,1,0
2026-09-10T10:12:00.494683+00:00,205.15,10,0,0,8.76,1,0,0
2026-09-10T10:24:29.815780+00:00,1240.09,10,1,0,4.44,0,0,0
2026-09-10T10:25:43.326349+00:00,3700.28,10,0,1,5.09,0,0,0
2026-09-10T10:26:18.644365+00:00,2726.97,10,0,1,7.64,0,0,0
2026-09-10T10:37:08.185747+00:00,1894.29,10,0,0,1.7,0,0,0
2026-09-10T10:37:47.675018+00:00,2544.53,10,0,1,4.59,0,0,0
2026-09-10T10:41:05.853484+00:00,764.41,10,2,1,2.76,0,1,1
2026-09-10T10:46:33.645475+00:00,1862.81,10,0,1,0.71,0,1,0
2026-09-10T10:52:51.632518+00:00,2288.99,10,0,5,5.63,0,0,0
2026-09-10T10:57:31.579596+00:00,7466.55,10,0,0,6.07,0,1,0
2026-09-10T11:03:00.543440+00:00,1027.15,11,0,2,5.63,0,0,0
2026-09-10T11:09:41.285787+00:00,6535.7,11,0,4,9.24,0,1,0
2026-09-10T11:11:09.941000+00:00,3367.21,11,1,0,8.45,0,0,0
2026-09-10T11:24:15.659222+00:00,125.76,11,1,2,4.37,0,0,0
2026-09-10T11:25:57.207800+00:00,20643.24,11,0,0,2.37,0,0,0
2026-09-10T11:27:34.742586+00:00,17691.54,11,0,0,7.7,0,0,1
2026-09-10T11:29:24.253861+00:00,19084.04,11,0,1,10.36,0,0,0
2026-09-10T11:32:18.569192+00:00,6654.28,11,0,0,4.13,0,1,0
2026-09-10T11:32:23.239696+00:00,1189.24,11,0,1,7.15,0,0,0
2026-09-10T11:33:56.605506+00:00,1012.36,11,0,0,6.3,0,1,0
2026-09-10T11:34:15.156179+00:00,1597.16,11,0,2,5.98,0,0,0
2026-09-10T11:34:59.880903+00:00,1469.01,11,0,1,2.09,0,0,0
2026-09-10T11:36:12.814812+00:00,1550.41,11,1,1,3.02,0,0,0
2026-09-10T11:40:03.130526+00:00,1286.02,11,1,1,6.79,0,0,0
2026-09-10T11:51:40.056825+00:00,3165.83,11,4,0,3.64,3,1,1
2026-09-10T11:52:02.424691+00:00,634.21,11,0,2,7.01,0,0,0
2026-09-10T11:56:19.317953+00:00,6046.18,11,0,1,4.2,0,1,0
2026-09-10T12:00:39.226762+00:00,5415.06,12,0,2,4.17,0,0,0
2026-09-10T12:14:15.006961+00:00,2131.0,12,0,4,1.92,1,1,0
2026-09-10T12:17:44.408513+00:00,6189.56,12,0,1,11.38,0,1,0
2026-09-10T12:26:41.914862+00:00,968.42,12,0,1,6.36,0,1,0
2026-09-10T12:31:51.006103+00:00,116.71,12,0,0,15.68,0,1,0
2026-09-10T12:37:00.187044+00:00,3149.61,12,0,0,8.74,0,1,0
2026-09-10T12:45:44.211226+00:00,18718.52,12,0,1,3.48,0,1,1
2026-09-10T12:51:52.023639+00:00,2739.67,12,0,0,2.7,0,1,0
2026-09-10T12:52:28.447064+00:00,7407.2,12,0,1,9.86,0,0,0
2026-09-10T12:57:03.466949+00:00,11273.06,12,1,1,1.28,0,1,0
2026-09-10T12:57:06.065977+00:00,3280.35,12,0,0,5.77,0,1,0
2026-09-10T13:00:23.724572+00:00,4681.31,13,0,0,6.11,1,1,0
2026-09-10T13:00:49.841868+00:00,20119.76,13,0,1,6.26,1,0,1
2026-09-10T13:01:38.475097+00:00,620.66,13,0,1,9.3,0,0,0
2026-09-10T13:11:38.044012+00:00,4288.08,13,1,1,5.05,0,0,0
2026-09-10T13:12:23.663719+00:00,1866.46,13,0,1,6.33,0,1,0
2026-09-10T13:22:49.877211+00:00,1949.69,13,0,0,9.42,0,1,0
2026-09-10T13:23:05.473476+00:00,1240.95,13,0,0,1.85,0,0,0
2026-09-10T13:28:30.683312+00:00,3051.53,13,0,1,1.45,0,0,0
2026-09-10T13:28:48.367443+00:00,715.26,13,1,3,9.0,2,1,1
2026-09-10T13:29:02.379274+00:00,3215.05,13,1,3,2.72,0,0,0
2026-09-10T13:31:38.036878+00:00,670.93,13,0,3,6.76,0,0,0
2026-09-10T13:35:14.704296+00:00,271.05,13,1,2,16.13,0,0,0
2026-09-10T13:38:58.719680+00:00,1343.24,13,0,4,8.97,0,0,0
2026-09-10T13:42:36.631605+00:00,901.11,13,0,0,0.49,0,0,0
2026-09-10T13:46:25.884926+00:00,7094.08,13,0,1,9.96,0,0,0
2026-09-10T13:51:26.349845+00:00,240.87,13,2,1,1.88,0,0,0
2026-09-10T13:51:27.655374+00:00,681.86,13,0,0,8.23,0,0,0
2026-09-10T13:54:44.468515+00:00,2606.13,13,1,2,5.71,0,1,0
2026-09-10T13:59:21.491024+00:00,2159.14,13,0,2,14.03,0,0,0
2026-09-10T14:00:14.932037+00:00,210.2,14,0,0,1.87,1,0,0
2026-09-10T14:05:51.627054+00:00,83.29,14,1,2,1.28,0,0,0
2026-09-10T14:14:18.365513+00:00,14231.28,14,0,2,5.14,0,1,0
2026-09-10T14:22:47.310491+00:00,3501.24,14,0,1,2.14,1,1,0
2026-09-10T14:24:44.547326+00:00,14731.81,14,0,0,6.11,4,0,0
2026-09-10T14:29:22.086398+00:00,2094.22,14,1,0,2.76,0,1,0
2026-09-10T14:33:46.508637+00:00,1051.99,14,0,0,2.5,1,0,0
2026-09-10T14:34:56.268509+00:00,1413.37,14,0,0,0.62,0,1,0
2026-09-10T14:35:41.386912+00:00,3410.71,14,0,1,2.47,0,1,0
2026-09-10T14:37:52.402348+00:00,6920.72,14,1,3,5.02,0,1,0
2026-09-10T14:42:01.681002+00:00,711.2,14,0,1,4.52,0,1,0
2026-09-10T14:45:23.700882+00:00,5931.5,14,0,1,3.8,0,0,0
2026-09-10T14:51:14.247024+00:00,15148.14,14,1,1,3.07,0,1,1
2026-09-10T14:57:55.778783+00:00,834.6,14,0,3,6.64,0,1,0
2026-09-10T15:01:58.265152+00:00,181.23,15,0,0,0.83,0,0,0
2026-09-10T15:02:11.785288+00:00,545.66,15,0,2,6.9,0,1,0
2026-09-10T15:08:58.316008+00:00,8036.24,15,0,1,12.44,0,0,0
2026-09-10T15:14:05.532320+00:00,2028.47,15,0,0,5.73,0,0,0
2026-09-10T15:22:27.954913+00:00,318.71,15,1,1,0.36,2,0,0
2026-09-10T15:30:25.919349+00:00,10338.62,15,0,2,3.48,0,0,0
2026-09-10T15:31:15.636818+00:00,6818.08,15,0,1,5.56,0,1,0
2026-09-10T15:34:07.537464+00:00,4556.65,15,0,0,0.33,0,1,0
2026-09-10T15:35:55.921455+00:00,8732.46,15,0,2,6.61,0,0,0
2026-09-10T15:39:56.731943+00:00,855.61,15,0,2,15.13,0,0,0
2026-09-10T15:42:27.189353+00:00,5852.46,15,1,3,0.4,0,1,0
2026-09-10T15:43:36.546170+00:00,23861.35,15,0,0,4.49,1,0,1
2026-09-10T15:43:57.055943+00:00,6582.79,15,0,1,19.57,0,0,0
2026-09-10T15:47:22.151052+00:00,18633.97,15,0,1,1.08,0,1,1
2026-09-10T15:53:18.681872+00:00,16237.2,15,0,1,5.77,0,0,0
2026-09-10T16:00:25.916601+00:00,20634.76,16,0,0,7.3,0,1,1
2026-09-10T16:02:51.599870+00:00,1034.18,16,0,0,2.92,0,1,0
2026-09-10T16:06:05.100076+00:00,1334.81,16,1,2,8.15,0,0,0
2026-09-10T16:06:55.074140+00:00,425.39,16,0,1,14.37,0,0,0
2026-09-10T16:14:06.311073+00:00,27816.48,16,0,2,5.11,1,0,0
2026-09-10T16:14:13.059204+00:00,1160.49,16,0,2,5.75,0,0,0
2026-09-10T16:20:07.876147+00:00,2412.85,16,0,0,5.18,1,1,0
2026-09-10T16:24:38.178415+00:00,1648.75,16,1,0,5.55,0,0,0
2026-09-10T16:31:17.045312+00:00,10354.66,16,0,2,2.96,0,1,0
2026-09-10T16:31:52.882512+00:00,1365.73,16,0,1,6.77,0,0,0
2026-09-10T16:33:00.122454+00:00,4884.13,16,0,0,4.79,0,0,0
2026-09-10T16:34:03.384270+00:00,6248.47,16,0,1,3.2,0,1,0
2026-09-10T16:35:08.322613+00:00,1890.41,16,0,0,2.11,0,0,0
2026-09-10T16:35:23.742345+00:00,1580.29,16,0,1,3.8,0,1,0
2026-09-10T16:43:46.159475+00:00,4467.42,16,0,2,1.25,0,1,0
2026-09-10T16:48:28.754322+00:00,7870.09,16,0,1,11.08,0,0,0
2026-09-10T16:51:52.397898+00:00,4559.9,16,1,0,10.07,1,0,0
2026-09-10T16:53:20.030188+00:00,884.45,16,0,0,3.34,0,0,0
2026-09-10T16:53:36.919165+00:00,7074.43,16,0,1,2.21,0,0,0
2026-09-10T17:01:38.585819+00:00,1629.09,17,0,1,5.02,0,0,0
2026-09-10T17:03:58.021603+00:00,2807.4,17,1,0,3.93,0,1,0
2026-09-10T17:09:02.759497+00:00,23238.85,17,0,2,0.82,0,0,0
2026-09-10T17:14:28.092229+00:00,727.97,17,0,2,6.48,1,1,0
2026-09-10T17:16:14.152990+00:00,4971.49,17,0,2,8.26,0,0,0
2026-09-10T17:22:19.993426+00:00,2961.58,17,0,2,5.56,0,1,0
2026-09-10T17:22:50.935309+00:00,7222.0,17,0,2,2.48,0,1,0
2026-09-10T17:25:09.328184+00:00,663.86,17,0,0,6.55,0,1,0
2026-09-10T17:29:51.391591+00:00,1806.89,17,0,2,4.25,0,1,0
2026-09-10T17:31:21.236034+00:00,26421.07,17,0,3,10.58,0,1,0
2026-09-10T17:43:47.974438+00:00,122.14,17,1,0,9.93,0,0,0
2026-09-10T17:46:48.820467+00:00,440.83,17,0,1,4.79,0,1,0
2026-09-10T17:47:35.826328+00:00,14982.73,17,0,4,10.16,0,0,0
2026-09-10T17:49:27.526551+00:00,1112.97,17,0,0,2.21,0,0,0
2026-09-10T17:54:10.934013+00:00,11934.71,17,3,3,5.09,0,0,0
2026-09-10T18:03:23.638096+00:00,704.94,18,0,1,10.4,0,1,0
2026-09-10T18:04:57.451850+00:00,1493.6,18,0,0,8.91,0,0,0
2026-09-10T18:09:59.028417+00:00,4533.08,18,0,1,7.93,0,1,0
2026-09-10T18:10:33.185616+00:00,3491.35,18,0,0,5.16,0,1,0
2026-09-10T18:10:38.798299+00:00,2844.56,18,0,1,8.79,0,0,0
2026-09-10T18:15:06.384753+00:00,17298.39,18,1,1,9.15,0,0,0
2026-09-10T18:16:13.066905+00:00,5993.82,18,0,1,4.35,1,0,0
2026-09-10T18:18:53.377591+00:00,917.0,18,0,1,3.87,1,1,0
2026-09-10T18:21:02.479631+00:00,1929.57,18,0,1,8.56,0,0,0
2026-09-10T18:27:48.151267+00:00,600.65,18,1,0,4.65,0,0,0
2026-09-10T18:29:52.490505+00:00,2959.83,18,2,2,2.64,0,0,0
2026-09-10T18:29:57.224145+00:00,982.91,18,0,1,3.97,0,0,0
2026-09-10T18:32:37.689053+00:00,1359.93,18,0,0,6.59,0,1,0
2026-09-10T18:36:37.742160+00:00,2099.17,18,0,0,19.03,0,0,0
2026-09-10T18:37:15.516142+00:00,146.83,18,0,2,2.48,0,0,0
2026-09-10T18:37:39.956845+00:00,20345.58,18,0,0,2.15,0,0,0
2026-09-10T18:40:14.857895+00:00,3766.04,18,2,2,6.34,0,0,0
2026-09-10T18:41:44.236385+00:00,1853.0,18,0,1,5.61,0,0,0
2026-09-10T18:45:02.767942+00:00,21726.28,18,0,2,6.21,0,0,0
2026-09-10T18:45:24.720559+00:00,3856.38,18,1,0,12.2,0,0,0
2026-09-10T18:48:23.530517+00:00,15050.01,18,0,2,6.91,0,0,0
2026-09-10T19:02:25.389146+00:00,20115.7,19,0,1,1.99,1,1,1
2026-09-10T19:05:12.153882+00:00,374.92,19,0,0,1.11,1,1,0
2026-09-10T19:07:38.077666+00:00,4918.81,19,0,0,5.77,1,1,0
2026-09-10T19:10:50.308212+00:00,15319.5,19,1,0,3.41,0,0,0
2026-09-10T19:15:33.956211+00:00,2484.24,19,2,1,7.31,1,1,1
2026-09-10T19:17:12.723454+00:00,3734.11,19,0,1,3.87,0,0,0
2026-09-10T19:20:11.381054+00:00,926.91,19,1,1,6.3,0,1,0
2026-09-10T19:20:45.115607+00:00,1901.72,19,0,0,3.41,0,0,0
2026-09-10T19:20:48.948493+00:00,6263.53,19,0,2,13.25,0,0,0
2026-09-10T19:25:46.919996+00:00,14215.97,19,0,0,1.91,0,0,0
2026-09-10T19:26:12.304066+00:00,1047.56,19,0,1,2.23,0,0,0
2026-09-10T19:29:29.762615+00:00,1946.62,19,0,1,3.74,0,0,0
2026-09-10T19:30:49.615101+00:00,20120.57,19,0,4,6.03,0,0,1
2026-09-10T19:31:01.885267+00:00,1568.54,19,0,2,17.31,0,0,0
2026-09-10T19:42:24.106553+00:00,8467.61,19,0,0,10.38,0,0,0
2026-09-10T19:42:32.190336+00:00,377.51,19,3,3,1.8,0,0,0
2026-09-10T19:48:58.457342+00:00,1542.6,19,2,1,8.31,0,0,0
2026-09-10T19:52:04.249738+00:00,4009.68,19,1,1,1.8,0,1,0
2026-09-10T19:59:47.717924+00:00,879.73,19,0,0,1.74,0,1,0
2026-09-10T20:08:07.185100+00:00,3478.61,20,0,0,5.57,0,0,0
2026-09-10T20:08:49.810840+00:00,634.04,20,0,2,2.32,1,0,0
2026-09-10T20:09:44.970080+00:00,244.35,20,0,1,7.63,0,1,0
2026-09-10T20:12:30.894291+00:00,472.76,20,0,2,2.01,0,0,0
2026-09-10T20:26:41.137773+00:00,8568.94,20,0,0,3.4,0,0,0
2026-09-10T20:27:05.751206+00:00,2627.7,20,0,0,2.65,2,1,0
2026-09-10T20:30:39.893585+00:00,20997.67,20,1,1,4.77,0,1,1
2026-09-10T20:32:46.456970+00:00,15635.04,20,0,0,2.75,0,0,0
2026-09-10T20:41:12.764104+00:00,2933.93,20,0,2,1.61,0,0,0
2026-09-10T20:42:46.908567+00:00,2245.93,20,0,1,6.23,0,1,0
2026-09-10T20:44:16.881491+00:00,9384.58,20,0,2,4.99,0,0,0
2026-09-10T20:49:57.404804+00:00,4465.25,20,0,1,6.32,0,0,0
2026-09-10T20:50:32.935734+00:00,4256.3,20,0,1,0.88,0,0,0
2026-09-10T20:55:15.248258+00:00,211.88,20,1,0,4.86,0,1,0
2026-09-10T21:07:04.253845+00:00,2612.88,21,0,0,9.85,0,0,0
2026-09-10T21:11:05.744157+00:00,2073.5,21,0,0,10.95,0,0,0
2026-09-10T21:26:33.755899+00:00,8472.48,21,0,1,4.3,0,0,0
2026-09-10T21:28:38.415435+00:00,1012.06,21,0,1,1.74,1,0,0
2026-09-10T21:28:39.773613+00:00,1066.34,21,0,0,1.72,0,1,0
2026-09-10T21:29:38.242833+00:00,1755.73,21,0,1,2.92,0,1,0
2026-09-10T21:40:15.379002+00:00,952.42,21,0,0,7.04,0,0,0
2026-09-10T21:42:21.022303+00:00,502.64,21,0,3,1.42,0,1,0
2026-09-10T21:49:10.902426+00:00,6293.01,21,0,0,6.48,2,0,0
2026-09-10T22:00:45.806920+00:00,2674.63,22,0,1,6.18,0,0,0
2026-09-10T22:04:56.926013+00:00,26269.22,22,0,2,3.72,0,0,0
2026-09-10T22:07:46.543625+00:00,5751.69,22,0,0,3.82,0,0,0
2026-09-10T22:17:55.833927+00:00,1120.3,22,0,3,6.53,0,0,0
2026-09-10T22:20:40.408041+00:00,18686.29,22,0,1,6.22,0,1,1
2026-09-10T22:20:41.509289+00:00,338.03,22,0,2,2.38,0,0,0
2026-09-10T22:23:23.480149+00:00,7957.83,22,0,0,3.91,1,1,0
2026-09-10T22:24:43.284957+00:00,1717.46,22,0,1,3.6,0,0,0
2026-09-10T22:25:29.041966+00:00,1661.09,22,0,2,4.6,0,0,0
2026-09-10T22:31:35.008433+00:00,22069.34,22,0,1,1.4,0,0,0
2026-09-10T22:37:33.494219+00:00,2035.73,22,0,0,4.99,0,0,0
2026-09-10T22:38:11.221639+00:00,988.1,22,0,0,3.86,1,0,0
2026-09-10T22:40:12.608847+00:00,1563.26,22,0,2,2.29,0,0,0
2026-09-10T22:44:33.540623+00:00,5209.35,22,0,2,3.12,0,0,0
2026-09-10T22:44:52.839855+00:00,5811.39,22,0,1,3.7,0,1,0
2026-09-10T22:45:06.268221+00:00,1220.54,22,0,1,3.41,0,0,0
2026-09-10T22:45:59.310703+00:00,2085.67,22,0,0,2.89,0,0,0
2026-09-10T22:46:04.162202+00:00,6684.14,22,0,1,3.17,1,0,0
2026-09-10T22:51:33.562759+00:00,233.16,22,0,2,9.65,0,0,0
2026-09-10T22:52:22.113563+00:00,7098.5,22,0,0,3.97,0,1,0
2026-09-10T22:56:06.760551+00:00,851.73,22,0,0,1.94,0,1,0
2026-09-10T23:00:10.676710+00:00,3691.62,23,0,1,10.71,0,1,0
2026-09-10T23:03:38.589609+00:00,2855.5,23,0,1,6.43,1,0,0
2026-09-10T23:03:40.799245+00:00,2636.21,23,0,1,6.37,0,0,0
2026-09-10T23:07:38.781968+00:00,6336.97,23,0,2,2.68,0,0,0
2026-09-10T23:08:27.375044+00:00,402.75,23,0,1,5.88,0,0,0
2026-09-10T23:14:45.615961+00:00,1423.91,23,0,2,3.16,0,1,0
2026-09-10T23:15:43.219075+00:00,22730.42,23,0,0,2.51,0,1,1
2026-09-10T23:17:49.722964+00:00,5396.12,23,0,0,15.3,0,0,0
2026-09-10T23:20:33.614115+00:00,840.52,23,0,0,1.61,0,0,0
2026-09-10T23:20:55.273077+00:00,19815.91,23,0,1,2.91,0,1,0
2026-09-10T23:24:46.381547+00:00,1692.71,23,0,0,2.59,0,1,0
2026-09-10T23:25:45.192431+00:00,730.02,23,0,1,7.24,1,0,0
2026-09-10T23:25:56.201418+00:00,4613.29,23,0,0,11.18,0,0,0
2026-09-10T23:27:45.327518+00:00,364.96,23,3,0,4.52,0,1,0
2026-09-10T23:28:05.744951+00:00,2374.01,23,1,0,4.97,0,0,0
2026-09-10T23:31:08.995074+00:00,271.22,23,1,1,0.97,0,1,0
2026-09-10T23:31:12.272439+00:00,18511.24,23,0,2,4.31,0,1,1
2026-09-10T23:36:47.742336+00:00,3000.76,23,1,2,4.13,0,0,0
2026-09-10T23:39:23.670022+00:00,2659.01,23,0,1,3.8,0,0,0
2026-09-10T23:40:57.074459+00:00,1719.57,23,0,1,9.21,0,0,0
2026-09-10T23:41:30.023092+00:00,1853.44,23,0,1,5.98,3,0,0
2026-09-10T23:44:25.965388+00:00,882.97,23,0,2,4.3,0,0,0
2026-09-10T23:44:54.644158+00:00,2007.49,23,0,3,3.9,0,0,0
2026-09-10T23:48:23.497470+00:00,9861.74,23,0,1,2.44,0,1,0
2026-09-10T23:54:08.702207+00:00,6140.46,23,0,1,2.88,2,0,0
2026-09-11T00:00:01.870911+00:00,562.16,0,0,1,16.0,0,0,0
2026-09-11T00:00:12.448643+00:00,156.75,0,1,3,18.37,0,0,0
2026-09-11T00:00:46.101393+00:00,8734.94,0,0,1,1.24,0,1,0
2026-09-11T00:04:21.599488+00:00,2454.02,0,0,1,5.89,0,1,0
2026-09-11T00:08:30.167203+00:00,20344.32,0,0,1,4.21,2,0,1
2026-09-11T00:10:39.527205+00:00,24467.35,0,0,0,1.22,0,1,1
2026-09-11T00:14:38.837349+00:00,1269.22,0,1,2,12.0,0,0,0
2026-09-11T00:16:27.376035+00:00,22249.47,0,1,0,8.11,1,1,1
2026-09-11T00:20:35.987417+00:00,11141.45,0,0,2,8.52,0,1,0
2026-09-11T00:21:38.362409+00:00,3628.62,0,0,1,2.93,0,1,0
2026-09-11T00:23:33.350889+00:00,18586.33,0,3,2,4.24,0,0,1
2026-09-11T00:31:27.612610+00:00,517.53,0,2,0,0.22,0,1,0
2026-09-11T00:39:06.854282+00:00,14072.24,0,0,0,5.58,0,0,0
2026-09-11T00:41:38.839818+00:00,4717.54,0,0,0,11.48,0,1,0
2026-09-11T00:44:06.049115+00:00,1180.3,0,0,1,1.58,0,1,0
2026-09-11T00:44:31.591816+00:00,129.19,0,0,2,1.55,0,0,0
2026-09-11T00:45:30.853135+00:00,26143.88,0,2,1,13.68,0,0,1
2026-09-11T00:47:00.848272+00:00,655.15,0,1,0,2.72,0,1,0
2026-09-11T00:48:48.681971+00:00,20169.16,0,0,2,0.8,0,0,0
2026-09-11T00:51:17.724465+00:00,926.14,0,0,0,0.71,0,1,0
2026-09-11T00:52:32.156181+00:00,917.33,0,0,2,3.16,0,0,0
2026-09-11T00:52:48.024669+00:00,1814.21,0,0,3,0.88,0,0,0
2026-09-11T00:56:36.556697+00:00,8157.96,0,0,1,7.36,0,1,0
2026-09-11T01:06:09.911802+00:00,6823.18,1,0,1,2.9,0,0,0
2026-09-11T01:11:58.028589+00:00,2013.45,1,0,0,10.24,0,0,0
2026-09-11T01:19:03.264181+00:00,1753.31,1,1,0,8.15,0,0,0
2026-09-11T01:20:13.973334+00:00,2651.04,1,1,0,4.43,1,0,0
2026-09-11T01:23:32.799777+00:00,952.77,1,0,1,6.65,0,0,0
2026-09-11T01:26:44.731403+00:00,231.51,1,0,1,1.92,1,0,0
2026-09-11T01:36:24.448821+00:00,27734.52,1,0,4,4.43,1,1,1
2026-09-11T01:36:38.887043+00:00,20682.43,1,0,2,0.96,1,0,1
2026-09-11T01:41:19.392608+00:00,767.67,1,0,1,6.05,0,0,0
2026-09-11T01:46:39.577757+00:00,2106.5,1,0,0,7.82,0,1,1
2026-09-11T01:46:45.915407+00:00,2224.84,1,1,1,3.96,0,0,0
2026-09-11T01:46:55.022476+00:00,119.54,1,0,1,12.86,0,0,0
2026-09-11T01:47:38.508115+00:00,572.37,1,0,2,3.29,1,0,0
2026-09-11T01:48:06.906445+00:00,1580.21,1,0,0,5.28,0,1,1
2026-09-11T01:48:10.665696+00:00,3743.72,1,0,1,2.76,0,0,0
2026-09-11T01:52:36.362565+00:00,889.8,1,0,2,0.81,0,0,0
2026-09-11T02:00:19.669621+00:00,1819.8,2,0,2,6.69,0,1,1
2026-09-11T02:01:06.227814+00:00,2667.89,2,0,0,12.36,0,1,0
2026-09-11T02:03:05.226340+00:00,7082.59,2,3,0,8.99,2,0,1
2026-09-11T02:03:36.649135+00:00,1322.82,2,0,3,5.82,0,0,1
2026-09-11T02:03:54.655369+00:00,18911.39,2,0,1,1.92,0,1,1
2026-09-11T02:04:39.797299+00:00,2210.14,2,0,0,9.98,1,0,0
2026-09-11T02:09:18.753240+00:00,4454.45,2,0,1,5.0,0,1,0
2026-09-11T02:10:39.881206+00:00,13784.68,2,0,2,1.01,0,1,0
2026-09-11T02:10:59.263755+00:00,22573.13,2,0,0,2.41,0,0,1
2026-09-11T02:13:09.158137+00:00,117.42,2,0,3,4.78,0,0,1
2026-09-11T02:14:59.294465+00:00,169.23,2,0,1,2.24,0,1,1
2026-09-11T02:16:45.244166+00:00,2170.79,2,0,0,6.36,0,0,0
2026-09-11T02:19:34.354163+00:00,1193.13,2,0,2,1.33,1,0,0
2026-09-11T02:26:42.075577+00:00,6028.07,2,1,1,15.68,0,1,0
2026-09-11T02:28:33.776061+00:00,3009.41,2,1,2,4.43,0,0,0
2026-09-11T02:30:05.216013+00:00,1996.04,2,0,0,1.76,0,1,0
2026-09-11T02:37:15.151400+00:00,1737.25,2,0,3,1.63,3,0,1
2026-09-11T02:40:32.627433+00:00,2260.49,2,2,0,1.24,1,1,1
2026-09-11T02:40:38.792474+00:00,192.09,2,2,1,9.33,0,0,1
2026-09-11T02:40:46.637814+00:00,7205.59,2,0,1,1.58,0,0,0
2026-09-11T02:45:47.806331+00:00,20472.75,2,0,3,1.82,3,0,1
2026-09-11T02:46:46.467879+00:00,700.85,2,0,3,16.49,0,0,1
2026-09-11T02:47:00.706701+00:00,470.46,2,0,1,4.61,0,0,0
2026-09-11T02:47:36.333418+00:00,555.97,2,1,2,3.27,0,0,0
2026-09-11T02:51:07.840729+00:00,3521.87,2,0,0,2.02,0,0,0
2026-09-11T02:52:15.865971+00:00,3525.78,2,0,1,2.38,0,1,0
2026-09-11T02:56:17.460978+00:00,6086.8,2,0,2,4.32,0,0,0
2026-09-11T03:06:18.679969+00:00,4519.61,3,0,2,9.08,0,0,0
2026-09-11T03:07:05.025522+00:00,1971.27,3,0,2,13.0,0,0,0
2026-09-11T03:08:27.619774+00:00,23440.81,3,0,0,0.92,0,0,1
2026-09-11T03:10:55.862159+00:00,3790.13,3,0,2,4.3,0,0,0
2026-09-11T03:19:39.293862+00:00,16373.28,3,1,0,10.02,0,0,1
2026-09-11T03:21:59.304371+00:00,2125.91,3,0,2,8.71,0,0,0
2026-09-11T03:24:07.361464+00:00,3374.92,3,0,1,1.03,0,1,0
2026-09-11T03:24:28.363654+00:00,2668.82,3,1,0,2.23,0,0,0
2026-09-11T03:25:24.896640+00:00,3364.52,3,0,1,7.05,1,1,1
2026-09-11T03:30:14.587104+00:00,3096.66,3,0,1,1.46,0,1,0
2026-09-11T03:42:56.751392+00:00,4124.32,3,0,0,2.39,0,0,0
2026-09-11T03:50:23.422354+00:00,3354.3,3,1,3,13.25,1,0,1
2026-09-11T03:51:35.475986+00:00,2406.99,3,1,0,3.26,0,1,0
2026-09-11T03:54:48.149573+00:00,3724.21,3,0,1,5.39,1,0,0
2026-09-11T03:58:59.517989+00:00,1970.07,3,0,1,3.79,2,0,1
2026-09-11T03:59:18.648130+00:00,945.24,3,1,0,1.84,0,1,0
2026-09-11T03:59:46.170204+00:00,13966.07,3,0,1,4.64,0,0,0
2026-09-11T04:00:30.494300+00:00,2686.88,4,0,1,1.47,0,1,0
2026-09-11T04:03:15.441126+00:00,2918.23,4,0,1,5.48,2,0,1
2026-09-11T04:04:47.661731+00:00,11507.36,4,0,3,9.73,0,1,1
2026-09-11T04:12:34.488827+00:00,1495.52,4,0,0,3.6,0,1,0
2026-09-11T04:16:08.304448+00:00,1663.5,4,0,1,3.54,0,0,0
2026-09-11T04:18:18.469519+00:00,18093.89,4,0,1,5.65,0,0,1
2026-09-11T04:23:10.993309+00:00,294.07,4,3,1,1.01,0,1,1
2026-09-11T04:24:38.207239+00:00,4802.22,4,0,1,6.99,0,1,1
2026-09-11T04:26:22.824768+00:00,20035.63,4,0,1,6.88,0,0,1
2026-09-11T04:34:28.041662+00:00,3064.17,4,0,0,9.04,0,0,0
2026-09-11T04:37:35.766163+00:00,3784.88,4,0,0,3.22,0,1,0
2026-09-11T04:43:38.195250+00:00,2099.09,4,1,1,5.91,0,0,0
2026-09-11T04:44:20.719334+00:00,6749.02,4,1,1,12.73,0,0,0
2026-09-11T04:44:26.796366+00:00,1937.18,4,1,1,9.31,0,0,0
2026-09-11T04:44:31.208050+00:00,1133.1,4,1,2,7.81,0,0,0
2026-09-11T04:48:25.428638+00:00,7303.24,4,1,0,12.78,0,0,0
2026-09-11T04:50:37.036958+00:00,6387.52,4,0,0,2.76,0,0,0
2026-09-11T04:59:40.107130+00:00,633.36,4,0,3,2.01,0,1,1
2026-09-11T05:07:59.588522+00:00,16201.56,5,0,0,1.25,0,0,0
2026-09-11T05:10:34.202900+00:00,361.74,5,0,1,5.68,0,0,0
2026-09-11T05:16:06.374113+00:00,1140.45,5,0,1,8.95,0,1,0
2026-09-11T05:18:18.629768+00:00,11531.59,5,0,1,0.37,0,1,0
2026-09-11T05:24:13.133888+00:00,2676.36,5,0,1,4.64,0,1,0
2026-09-11T05:27:01.011352+00:00,1555.12,5,0,3,12.5,0,1,0
2026-09-11T05:28:46.471996+00:00,21177.2,5,0,0,7.21,0,0,0
2026-09-11T05:31:15.088893+00:00,1991.38,5,0,1,6.16,0,1,0
2026-09-11T05:35:59.541315+00:00,1271.79,5,1,1,5.27,1,0,0
2026-09-11T05:37:29.875504+00:00,9128.63,5,0,1,9.54,0,1,0
2026-09-11T05:41:08.603859+00:00,6120.51,5,2,2,5.43,0,0,1
2026-09-11T05:47:12.253755+00:00,5998.48,5,1,1,3.97,1,1,0
2026-09-11T05:49:13.033800+00:00,2357.68,5,0,1,4.92,0,0,0
2026-09-11T05:54:33.112271+00:00,5045.53,5,0,1,1.43,0,0,0
2026-09-11T06:02:12.977431+00:00,692.52,6,0,1,3.8,1,1,0
2026-09-11T06:02:56.817342+00:00,2784.78,6,0,0,11.17,0,1,0
2026-09-11T06:08:09.256860+00:00,13261.86,6,0,2,3.02,1,0,0
2026-09-11T06:08:10.217345+00:00,18244.74,6,0,2,4.92,0,1,1
2026-09-11T06:11:07.191251+00:00,5121.09,6,0,1,5.89,0,1,0
2026-09-11T06:13:51.159945+00:00,2217.71,6,0,0,3.48,0,1,0
2026-09-11T06:18:04.894888+00:00,189.98,6,2,2,6.83,0,1,0
2026-09-11T06:27:29.243966+00:00,4667.29,6,0,1,3.77,3,1,0
2026-09-11T06:30:22.905762+00:00,650.74,6,0,1,11.73,0,0,0
2026-09-11T06:33:52.869363+00:00,3254.38,6,0,0,6.71,1,0,0
2026-09-11T06:40:03.709874+00:00,346.58,6,0,2,1.0,0,0,0
2026-09-11T06:41:44.233916+00:00,9451.89,6,0,1,10.22,0,1,0
2026-09-11T06:48:17.037423+00:00,1163.75,6,0,1,4.36,0,0,0
2026-09-11T06:57:49.639850+00:00,881.71,6,0,3,2.72,1,1,0
2026-09-11T07:06:47.110156+00:00,502.46,7,0,0,12.32,0,0,0
2026-09-11T07:14:09.098549+00:00,9400.2,7,0,2,0.54,0,0,0
2026-09-11T07:23:56.112444+00:00,19742.8,7,2,2,10.07,0,0,1
2026-09-11T07:28:32.921572+00:00,4391.14,7,0,1,9.23,0,1,0
2026-09-11T07:29:07.858747+00:00,2274.26,7,0,0,6.42,0,0,0
2026-09-11T07:30:25.520365+00:00,2120.28,7,0,0,5.73,0,1,0
2026-09-11T07:34:34.526140+00:00,432.98,7,0,0,3.2,0,1,0
2026-09-11T07:34:52.586733+00:00,2685.98,7,0,2,10.15,0,0,0
2026-09-11T07:35:41.895453+00:00,967.45,7,0,2,6.89,1,1,0
2026-09-11T07:46:42.708086+00:00,12151.52,7,0,0,11.03,1,1,0
2026-09-11T07:52:02.444244+00:00,5155.96,7,1,0,5.35,0,1,0
2026-09-11T07:54:15.384131+00:00,1764.69,7,0,2,12.49,0,0,0
2026-09-11T07:59:59.427029+00:00,16399.29,7,0,0,1.4,0,1,0
2026-09-11T08:09:50.137373+00:00,4983.72,8,0,1,3.58,2,0,0
2026-09-11T08:10:13.202512+00:00,476.54,8,0,1,3.84,0,1,0
2026-09-11T08:12:19.354561+00:00,731.68,8,0,3,8.88,0,0,0
2026-09-11T08:12:41.904098+00:00,820.48,8,0,2,2.98,0,0,0
2026-09-11T08:13:28.564967+00:00,2664.6,8,0,2,0.23,0,0,0
2026-09-11T08:17:06.296621+00:00,5009.53,8,0,0,10.15,0,1,0
2026-09-11T08:21:10.364868+00:00,1267.48,8,0,0,8.87,0,0,0
2026-09-11T08:23:03.439434+00:00,343.11,8,0,1,4.18,0,0,0
2026-09-11T08:24:28.767835+00:00,20218.69,8,1,0,3.67,0,1,0
2026-09-11T08:29:28.272527+00:00,4472.04,8,0,1,2.96,0,1,0
2026-09-11T08:29:51.404952+00:00,861.91,8,0,0,4.17,0,0,0
2026-09-11T08:32:51.062233+00:00,854.77,8,0,2,5.18,2,1,1
2026-09-11T08:35:05.352839+00:00,9473.62,8,0,0,9.47,0,0,0
2026-09-11T08:41:25.341596+00:00,28000.0,8,0,0,7.57,0,0,0
2026-09-11T08:44:22.633087+00:00,14949.16,8,0,0,0.55,0,0,0
2026-09-11T08:45:57.813482+00:00,5335.16,8,0,3,1.0,0,0,0
2026-09-11T08:46:51.505676+00:00,18195.88,8,0,1,5.29,0,0,0
2026-09-11T08:47:42.690482+00:00,822.35,8,0,0,6.51,0,0,0
2026-09-11T08:48:33.120117+00:00,1390.74,8,0,2,1.04,1,0,0
2026-09-11T08:49:48.704211+00:00,1285.34,8,0,0,10.15,1,1,0
2026-09-11T08:57:14.105770+00:00,10094.02,8,0,1,3.54,0,1,0
2026-09-11T08:58:56.503782+00:00,5039.99,8,0,2,1.45,0,0,0
2026-09-11T09:06:28.786014+00:00,4179.64,9,2,0,2.11,0,1,0
2026-09-11T09:08:48.644587+00:00,718.4,9,0,1,8.15,0,1,0
2026-09-11T09:13:08.807918+00:00,7748.6,9,0,0,12.44,0,0,0
2026-09-11T09:15:39.633326+00:00,5690.42,9,0,1,2.13,0,1,0
2026-09-11T09:18:12.379167+00:00,631.83,9,1,2,1.32,0,0,0
2026-09-11T09:19:36.596154+00:00,6617.65,9,0,0,7.18,0,1,0
2026-09-11T09:21:56.749448+00:00,19577.76,9,1,2,4.17,0,0,0
2026-09-11T09:22:26.774065+00:00,329.85,9,0,3,8.79,0,1,0
2026-09-11T09:24:50.943759+00:00,21762.0,9,0,0,5.35,0,1,1
2026-09-11T09:30:42.352908+00:00,3454.41,9,1,1,2.42,0,0,0
2026-09-11T09:33:34.251256+00:00,379.18,9,1,1,3.02,0,0,0
2026-09-11T09:36:43.325312+00:00,1288.72,9,0,1,3.2,0,0,0
2026-09-11T09:37:46.777047+00:00,28000.0,9,0,1,6.23,0,0,1
2026-09-11T09:44:41.525153+00:00,3690.49,9,0,0,6.75,0,0,0
2026-09-11T09:51:49.974384+00:00,4250.76,9,0,1,10.82,0,0,0
2026-09-11T09:54:31.973426+00:00,826.15,9,1,2,15.72,0,1,0
2026-09-11T10:03:55.676582+00:00,322.59,10,0,1,3.69,0,1,0
2026-09-11T10:04:36.031247+00:00,1097.47,10,0,1,4.87,0,0,0
2026-09-11T10:10:06.750084+00:00,975.89,10,0,2,5.28,0,0,0
2026-09-11T10:13:59.044300+00:00,915.31,10,0,4,10.57,0,0,0
2026-09-11T10:17:14.777497+00:00,745.21,10,0,0,7.34,0,1,0
2026-09-11T10:19:09.480220+00:00,18282.36,10,0,0,5.85,0,0,0
2026-09-11T10:22:05.716261+00:00,1332.48,10,0,0,1.64,1,1,0
2026-09-11T10:23:41.231264+00:00,5553.49,10,1,1,6.4,1,0,0
2026-09-11T10:32:43.799825+00:00,710.48,10,0,2,3.08,0,0,0
2026-09-11T10:35:21.943270+00:00,2059.33,10,0,1,5.46,0,0,0
2026-09-11T10:36:59.374084+00:00,104.01,10,0,4,7.41,0,1,0
2026-09-11T10:45:15.722867+00:00,2162.93,10,0,0,7.78,0,1,0
2026-09-11T10:46:30.029818+00:00,243.86,10,0,2,2.19,0,0,0
2026-09-11T10:47:41.725423+00:00,12233.52,10,3,1,4.55,0,1,0
2026-09-11T10:48:03.297308+00:00,5063.11,10,1,2,3.22,0,0,0
2026-09-11T10:49:09.844416+00:00,2215.4,10,1,1,2.09,0,0,0
2026-09-11T10:54:09.792505+00:00,16372.17,10,0,1,4.99,1,0,0
2026-09-11T10:54:34.262574+00:00,2932.26,10,1,1,5.83,0,0,0
2026-09-11T10:57:11.934083+00:00,4610.33,10,0,0,3.32,0,0,0
2026-09-11T10:58:02.329546+00:00,737.14,10,0,2,2.91,1,0,0
2026-09-11T11:06:40.893581+00:00,2747.4,11,0,3,6.97,2,1,1
2026-09-11T11:14:48.185215+00:00,5446.06,11,0,1,13.03,0,0,0
2026-09-11T11:24:13.677101+00:00,4738.68,11,0,0,5.57,0,1,0
2026-09-11T11:24:23.998646+00:00,5258.44,11,0,1,14.64,0,1,0
2026-09-11T11:30:34.301431+00:00,6826.85,11,0,1,7.03,0,1,0
2026-09-11T11:32:01.121386+00:00,24467.25,11,0,3,3.33,0,1,0
2026-09-11T11:32:22.347394+00:00,1724.22,11,0,1,2.11,0,1,0
2026-09-11T11:41:07.565970+00:00,2751.56,11,2,2,3.79,0,1,0
2026-09-11T11:48:05.487362+00:00,5064.14,11,1,1,7.12,0,1,0
2026-09-11T11:51:12.169862+00:00,3882.35,11,0,1,1.19,0,1,0
2026-09-11T11:56:34.719554+00:00,17366.19,11,0,1,2.43,0,1,1
2026-09-11T11:58:16.358197+00:00,104.07,11,0,4,3.65,0,0,0
2026-09-11T11:59:58.812991+00:00,21803.86,11,0,2,3.31,0,0,1
2026-09-11T12:08:25.321490+00:00,1115.78,12,3,1,2.44,0,1,0
2026-09-11T12:16:22.861084+00:00,20646.52,12,0,1,5.55,0,0,0
2026-09-11T12:16:32.677549+00:00,865.47,12,1,2,1.6,1,1,0
2026-09-11T12:33:16.689885+00:00,4011.54,12,0,4,10.69,1,1,1
2026-09-11T12:35:02.139378+00:00,343.42,12,0,1,5.16,0,0,0
2026-09-11T12:43:11.484009+00:00,4390.5,12,2,2,14.29,0,0,1
2026-09-11T12:48:04.804884+00:00,3843.35,12,0,2,6.17,0,1,0
2026-09-11T12:48:05.042882+00:00,984.02,12,0,0,7.81,0,1,0
2026-09-11T13:04:51.171919+00:00,992.7,13,1,1,5.12,0,1,0
2026-09-11T13:05:01.834642+00:00,3231.77,13,0,0,7.5,0,0,0
2026-09-11T13:08:17.650507+00:00,4655.85,13,0,3,7.69,0,1,0
2026-09-11T13:20:14.341223+00:00,6752.47,13,0,0,8.15,0,0,0
2026-09-11T13:20:16.740309+00:00,6176.76,13,0,2,2.59,0,1,0
2026-09-11T13:22:58.129738+00:00,10777.02,13,0,1,2.5,0,0,0
2026-09-11T13:30:24.067157+00:00,2846.57,13,1,0,7.56,1,0,0
2026-09-11T13:30:40.284782+00:00,7717.98,13,0,0,1.79,1,1,0
2026-09-11T13:34:09.088151+00:00,5349.4,13,0,2,3.48,1,0,0
2026-09-11T13:42:51.259155+00:00,7262.03,13,0,0,0.15,2,1,0
2026-09-11T13:43:56.978553+00:00,97.42,13,0,0,2.54,1,0,0
2026-09-11T13:45:42.695877+00:00,10871.35,13,0,1,0.73,0,0,0
2026-09-11T13:50:29.815192+00:00,2113.0,13,1,0,2.12,0,0,0
2026-09-11T13:54:22.499462+00:00,5181.26,13,0,4,4.02,0,0,0
2026-09-11T13:59:09.064252+00:00,495.37,13,1,2,1.81,0,0,0
2026-09-11T13:59:13.613351+00:00,1673.07,13,0,1,2.2,0,1,0
2026-09-11T14:00:24.843395+00:00,1073.48,14,0,0,13.1,1,0,0
2026-09-11T14:06:52.301847+00:00,1163.45,14,0,0,9.99,0,0,0
2026-09-11T14:06:53.552642+00:00,480.93,14,0,3,9.65,0,0,0
2026-09-11T14:06:55.906593+00:00,5303.78,14,0,0,6.14,0,0,0
2026-09-11T14:28:43.354636+00:00,89.71,14,0,1,3.74,0,1,0
2026-09-11T14:34:52.622666+00:00,1259.04,14,0,1,7.05,0,0,0
2026-09-11T14:36:18.478490+00:00,673.3,14,0,2,3.05,0,1,0
2026-09-11T14:45:20.929518+00:00,2905.62,14,0,1,7.82,0,1,0
2026-09-11T14:47:10.252964+00:00,998.78,14,1,0,1.96,0,0,0
2026-09-11T14:52:24.930644+00:00,1019.21,14,2,2,2.37,0,1,0
2026-09-11T14:59:09.142960+00:00,2204.29,14,1,1,2.72,0,1,0
2026-09-11T15:04:34.584361+00:00,3444.11,15,1,0,1.67,1,0,0
2026-09-11T15:04:54.505322+00:00,473.81,15,0,0,8.49,0,0,0
2026-09-11T15:08:53.179086+00:00,677.57,15,1,4,5.69,1,0,0
2026-09-11T15:24:29.978194+00:00,968.55,15,0,2,2.26,0,1,0
2026-09-11T15:25:18.041463+00:00,11708.07,15,2,1,14.14,0,0,0
2026-09-11T15:30:12.553723+00:00,19314.27,15,0,0,1.14,1,0,0
2026-09-11T15:30:20.097855+00:00,2984.06,15,1,0,4.99,0,0,0
2026-09-11T15:30:58.567496+00:00,944.7,15,0,0,4.46,0,0,0
2026-09-11T15:35:41.746262+00:00,2217.59,15,0,0,5.6,0,0,0
2026-09-11T15:37:27.186324+00:00,306.43,15,0,0,1.56,0,0,0
2026-09-11T15:50:59.727338+00:00,173.15,15,1,0,5.29,0,1,0
2026-09-11T15:52:21.366115+00:00,2083.97,15,0,0,6.33,0,0,0
2026-09-11T15:53:00.137041+00:00,1687.5,15,3,0,1.97,0,1,0
2026-09-11T15:53:21.324312+00:00,531.05,15,0,0,2.36,0,0,0
2026-09-11T15:59:01.491511+00:00,3783.12,15,0,1,1.88,0,1,0
2026-09-11T16:04:13.402742+00:00,15894.09,16,0,0,3.01,0,0,0
2026-09-11T16:10:20.486102+00:00,1671.51,16,0,0,3.1,0,0,0
2026-09-11T16:14:55.934364+00:00,23492.84,16,0,3,3.23,0,0,0
2026-09-11T16:17:19.479072+00:00,10607.8,16,0,0,10.15,0,0,0
2026-09-11T16:18:19.683628+00:00,5759.29,16,0,2,1.06,1,0,0
2026-09-11T16:23:18.942978+00:00,2052.92,16,0,2,0.3,0,1,0
2026-09-11T16:42:37.408120+00:00,4339.89,16,0,0,2.48,0,0,0
2026-09-11T16:50:47.132705+00:00,498.79,16,1,1,0.43,1,1,0
2026-09-11T16:51:32.377951+00:00,2356.49,16,0,0,3.21,0,1,0
2026-09-11T16:57:51.223306+00:00,1107.04,16,0,1,7.95,0,0,0
2026-09-11T16:58:47.911471+00:00,20713.64,16,0,2,1.21,0,1,1
2026-09-11T16:59:22.145480+00:00,1837.97,16,1,0,1.32,0,1,0
2026-09-11T17:05:31.220275+00:00,509.37,17,0,0,3.85,0,1,0
2026-09-11T17:05:49.786506+00:00,3901.91,17,0,1,9.79,0,1,0
2026-09-11T17:09:16.640891+00:00,22431.15,17,0,0,4.5,0,0,0
2026-09-11T17:12:12.982998+00:00,2483.88,17,2,1,9.73,0,1,0
2026-09-11T17:19:07.134208+00:00,566.45,17,0,2,2.22,0,1,0
2026-09-11T17:22:27.985597+00:00,541.78,17,0,2,8.92,0,1,0
2026-09-11T17:24:23.771933+00:00,2862.13,17,0,2,2.69,0,0,0
2026-09-11T17:25:25.239388+00:00,13501.14,17,2,0,2.92,1,0,0
2026-09-11T17:27:49.654736+00:00,383.85,17,0,3,2.52,0,0,0
2026-09-11T17:29:42.675519+00:00,1136.79,17,0,1,5.38,0,0,0
2026-09-11T17:33:10.883097+00:00,6575.42,17,0,0,1.42,0,0,0
2026-09-11T17:41:17.659176+00:00,300.05,17,2,0,3.66,0,1,1
2026-09-11T17:46:36.551858+00:00,6736.97,17,0,2,14.15,0,0,0
2026-09-11T17:51:45.315114+00:00,2437.4,17,0,1,3.05,1,0,0
2026-09-11T17:55:44.471506+00:00,1739.04,17,0,0,3.56,0,0,0
2026-09-11T18:00:26.241390+00:00,1245.92,18,0,1,8.77,0,1,0
2026-09-11T18:01:38.756384+00:00,15962.4,18,0,0,3.54,0,0,0
2026-09-11T18:04:04.091968+00:00,1228.0,18,0,1,6.65,0,0,0
2026-09-11T18:11:25.404066+00:00,25715.58,18,1,0,0.58,0,0,0
2026-09-11T18:12:45.896842+00:00,4177.16,18,0,1,4.52,0,1,0
2026-09-11T18:21:42.189501+00:00,3605.04,18,0,3,5.79,0,0,0
2026-09-11T18:22:16.985286+00:00,5190.25,18,2,1,5.03,0,0,0
2026-09-11T18:24:21.543777+00:00,1011.08,18,0,0,2.75,0,0,0
2026-09-11T18:26:15.461448+00:00,3139.83,18,0,1,2.46,0,0,0
2026-09-11T18:36:22.535676+00:00,2032.19,18,0,0,4.31,0,1,0
2026-09-11T18:38:53.569595+00:00,4940.92,18,1,2,7.23,0,0,0
2026-09-11T18:40:22.717314+00:00,1243.96,18,1,1,2.44,0,1,0
2026-09-11T18:45:13.541857+00:00,3357.66,18,0,1,2.88,0,0,0
2026-09-11T18:45:23.905590+00:00,6904.39,18,0,1,4.18,0,1,0
2026-09-11T18:48:36.296920+00:00,1706.13,18,0,0,5.67,0,0,0
2026-09-11T18:52:59.651194+00:00,280.62,18,2,1,1.27,0,1,0
2026-09-11T18:55:59.304543+00:00,2382.48,18,0,2,0.88,0,0,0
2026-09-11T19:05:23.510615+00:00,1418.74,19,1,3,5.0,0,0,0
2026-09-11T19:09:35.017427+00:00,3629.37,19,0,1,3.29,0,0,0
2026-09-11T19:10:59.145405+00:00,9713.14,19,0,1,4.07,0,0,0
2026-09-11T19:12:13.343959+00:00,2187.26,19,0,0,0.31,0,0,0
2026-09-11T19:19:18.479119+00:00,2068.69,19,0,1,3.98,0,1,0
2026-09-11T19:23:40.754945+00:00,3461.63,19,3,0,6.78,0,0,0
2026-09-11T19:25:31.116477+00:00,18283.41,19,1,1,2.1,0,0,0
2026-09-11T19:26:04.247550+00:00,995.58,19,0,2,4.21,0,1,0
2026-09-11T19:26:07.583384+00:00,8101.76,19,0,0,6.11,0,0,0
2026-09-11T19:29:41.759108+00:00,3607.16,19,0,1,13.0,0,1,0
2026-09-11T19:30:24.460220+00:00,103.31,19,1,0,2.52,0,0,0
2026-09-11T19:43:18.070076+00:00,19663.26,19,1,1,3.21,0,0,0
2026-09-11T19:58:25.473430+00:00,3734.69,19,0,2,3.79,0,0,0
2026-09-11T20:02:50.566007+00:00,4685.97,20,0,0,3.52,0,1,0
2026-09-11T20:05:23.559091+00:00,5921.45,20,0,1,3.25,1,1,0
2026-09-11T20:06:19.644048+00:00,1165.8,20,3,1,0.99,0,0,0
2026-09-11T20:09:42.535365+00:00,8617.0,20,0,3,3.94,0,0,0
2026-09-11T20:15:53.149335+00:00,17743.28,20,1,0,3.93,0,0,1
2026-09-11T20:16:55.668651+00:00,3876.01,20,1,0,0.66,0,1,0
2026-09-11T20:22:42.884997+00:00,2966.15,20,0,1,0.93,0,0,0
2026-09-11T20:24:49.661180+00:00,479.05,20,1,2,0.41,0,0,0
2026-09-11T20:25:02.778660+00:00,28000.0,20,0,1,6.87,0,1,1
2026-09-11T20:29:48.940701+00:00,479.54,20,0,0,8.4,0,0,0
2026-09-11T20:30:26.440938+00:00,1001.48,20,1,0,5.47,0,0,0
2026-09-11T20:31:46.023768+00:00,5436.03,20,0,1,9.02,0,0,0
2026-09-11T20:35:00.167227+00:00,3144.48,20,0,0,2.5,0,0,0
2026-09-11T20:36:43.000505+00:00,22166.08,20,0,2,0.62,0,1,0
2026-09-11T20:38:59.073798+00:00,2380.4,20,0,1,7.49,0,0,0
2026-09-11T20:42:35.768826+00:00,21246.97,20,2,0,2.23,1,0,1
2026-09-11T20:48:58.383689+00:00,8217.02,20,2,4,1.57,0,0,0
2026-09-11T20:49:04.912801+00:00,178.16,20,0,1,8.96,0,0,0
2026-09-11T20:51:13.884805+00:00,6264.31,20,0,0,2.85,0,0,0
2026-09-11T20:55:06.954411+00:00,899.77,20,0,0,8.31,0,0,0
2026-09-11T21:08:07.818804+00:00,6103.94,21,0,1,9.39,0,0,0
2026-09-11T21:09:30.196548+00:00,539.65,21,0,2,2.14,0,0,0
2026-09-11T21:11:07.508226+00:00,2837.67,21,0,1,5.98,1,1,0
2026-09-11T21:15:22.496667+00:00,7068.71,21,0,0,6.29,1,0,0
2026-09-11T21:15:40.463164+00:00,2113.05,21,0,2,7.79,0,0,0
2026-09-11T21:20:56.773236+00:00,4452.49,21,1,2,2.9,0,0,0
2026-09-11T21:27:52.734082+00:00,5285.83,21,0,4,1.02,0,0,0
2026-09-11T21:40:34.253413+00:00,4327.78,21,0,0,4.06,0,1,0
2026-09-11T21:48:15.170329+00:00,8362.95,21,0,2,2.59,0,1,0
2026-09-11T21:52:55.355409+00:00,1954.71,21,0,2,6.25,0,0,0
2026-09-11T21:54:45.020037+00:00,668.33,21,0,1,5.21,0,1,0
2026-09-11T21:54:53.328329+00:00,216.77,21,1,0,10.11,1,0,0
2026-09-11T22:04:59.799223+00:00,965.51,22,1,2,4.6,0,1,0
2026-09-11T22:05:41.075456+00:00,19917.48,22,0,0,2.19,0,0,0
2026-09-11T22:08:39.785544+00:00,2672.25,22,1,0,6.36,0,0,0
2026-09-11T22:14:21.043290+00:00,15405.26,22,0,4,2.13,0,0,1
2026-09-11T22:19:21.530143+00:00,187.08,22,0,0,5.58,0,1,0
2026-09-11T22:21:45.323223+00:00,177.29,22,0,2,0.79,0,0,0
2026-09-11T22:37:56.985434+00:00,5759.94,22,0,0,2.59,0,0,0
2026-09-11T22:42:46.893951+00:00,2924.45,22,0,2,7.2,1,0,0
2026-09-11T22:46:59.297131+00:00,1478.56,22,1,1,5.32,0,0,0
2026-09-11T22:49:15.163477+00:00,7248.7,22,0,1,2.13,0,0,0
2026-09-11T22:52:56.139615+00:00,14763.75,22,0,3,4.07,0,1,0
2026-09-11T22:54:30.530184+00:00,12630.42,22,0,0,2.64,0,1,0
2026-09-11T22:58:05.953550+00:00,3125.19,22,0,1,6.65,0,0,0
2026-09-11T23:03:43.699270+00:00,708.59,23,0,2,4.59,2,1,0
2026-09-11T23:05:10.483727+00:00,3696.89,23,0,0,1.2,0,1,0
2026-09-11T23:09:59.987937+00:00,4672.18,23,0,4,7.28,1,0,0
2026-09-11T23:12:01.030426+00:00,1855.09,23,0,0,10.97,0,0,0
2026-09-11T23:12:07.434046+00:00,6389.1,23,0,2,3.03,0,1,0
2026-09-11T23:18:40.110355+00:00,582.82,23,0,1,2.13,0,0,0
2026-09-11T23:22:16.383048+00:00,1106.05,23,0,2,0.98,0,0,0
2026-09-11T23:24:42.485286+00:00,374.1,23,0,1,2.65,0,0,0
2026-09-11T23:25:56.276640+00:00,817.87,23,0,1,0.23,0,0,0
2026-09-11T23:28:54.448815+00:00,932.85,23,0,1,7.03,0,0,0
2026-09-11T23:38:16.836197+00:00,8049.03,23,0,1,5.9,1,0,0
2026-09-11T23:38:21.472113+00:00,320.25,23,0,0,1.42,0,0,0
2026-09-11T23:39:44.353727+00:00,1844.3,23,0,1,1.52,0,0,0
2026-09-11T23:41:45.003181+00:00,21234.3,23,2,1,5.57,0,0,1
2026-09-11T23:43:49.821898+00:00,7386.72,23,2,2,0.95,0,1,0
2026-09-11T23:46:05.233337+00:00,19494.25,23,0,1,10.92,0,1,1
2026-09-11T23:51:26.999558+00:00,4539.81,23,0,0,0.43,0,0,0
2026-09-11T23:56:26.612905+00:00,11366.49,23,0,1,5.42,0,1,0
2026-09-12T00:01:34.513264+00:00,5010.2,0,0,0,2.5,0,0,0
2026-09-12T00:01:40.929186+00:00,10627.45,0,0,1,3.27,0,1,0
2026-09-12T00:07:47.732960+00:00,3991.22,0,0,1,4.66,0,0,0
2026-09-12T00:07:59.545567+00:00,326.0,0,0,0,0.64,0,0,0
2026-09-12T00:10:08.184710+00:00,1704.9,0,0,0,4.94,0,0,0
2026-09-12T00:11:27.754821+00:00,3388.47,0,2,0,1.2,1,0,0
2026-09-12T00:11:54.058519+00:00,1442.04,0,0,2,2.33,0,0,0
2026-09-12T00:19:16.979557+00:00,1081.94,0,0,3,7.6,0,0,0
2026-09-12T00:19:40.254914+00:00,2816.25,0,1,3,7.23,0,0,0
2026-09-12T00:21:07.715350+00:00,8733.86,0,0,2,0.71,1,1,0
2026-09-12T00:21:10.046379+00:00,173.95,0,2,3,2.19,0,0,0
2026-09-12T00:22:07.634710+00:00,22156.08,0,0,1,1.06,0,0,0
2026-09-12T00:22:54.874056+00:00,4164.81,0,2,0,5.06,0,0,0
2026-09-12T00:30:48.773880+00:00,28000.0,0,2,2,16.88,0,1,1
2026-09-12T00:31:59.785815+00:00,8602.31,0,0,2,9.57,1,1,0
2026-09-12T00:43:14.653905+00:00,4656.68,0,1,0,4.33,0,1,0
2026-09-12T00:45:14.400906+00:00,2411.43,0,0,1,3.7,1,0,0
2026-09-12T00:45:24.340412+00:00,791.18,0,0,0,2.33,0,1,0
2026-09-12T00:56:51.245534+00:00,2581.52,0,0,0,1.24,0,1,0
2026-09-12T00:57:24.033875+00:00,4698.94,0,0,1,3.29,0,0,0
2026-09-12T00:59:49.194600+00:00,7292.6,0,0,2,3.43,0,0,0
2026-09-12T01:01:58.459406+00:00,5049.69,1,0,1,8.3,0,0,0
2026-09-12T01:02:27.896674+00:00,755.18,1,1,2,1.4,0,0,0
2026-09-12T01:03:29.902172+00:00,2989.62,1,0,1,3.78,1,0,0
2026-09-12T01:03:52.185377+00:00,1351.93,1,2,0,5.38,0,0,1
2026-09-12T01:05:33.088576+00:00,89.59,1,0,0,4.13,0,0,0
2026-09-12T01:09:29.596647+00:00,774.94,1,0,1,1.95,0,1,1
2026-09-12T01:14:19.033029+00:00,444.51,1,0,2,8.13,0,1,1
2026-09-12T01:15:41.387619+00:00,5979.11,1,1,1,9.94,0,0,0
2026-09-12T01:19:20.895632+00:00,1017.08,1,1,2,4.31,0,0,0
2026-09-12T01:20:02.945951+00:00,1132.16,1,0,1,5.76,0,0,0
2026-09-12T01:33:50.086358+00:00,10355.33,1,0,3,1.39,0,0,1
2026-09-12T01:34:21.990393+00:00,1585.0,1,0,1,2.52,0,0,0
2026-09-12T01:41:09.230364+00:00,90.82,1,0,1,4.69,0,1,0
2026-09-12T01:45:08.553750+00:00,1128.35,1,0,1,7.42,0,1,0
2026-09-12T01:45:28.297153+00:00,466.52,1,0,1,6.54,2,0,1
2026-09-12T01:46:51.556532+00:00,19427.28,1,0,0,2.29,0,1,1
2026-09-12T01:50:00.811447+00:00,318.09,1,0,2,3.02,0,1,0
2026-09-12T01:58:16.671850+00:00,2938.66,1,0,0,4.49,2,1,1
2026-09-12T01:58:46.373335+00:00,731.73,1,0,0,14.41,0,0,0
2026-09-12T02:04:28.173408+00:00,1494.34,2,0,0,5.53,0,0,0
2026-09-12T02:09:42.779458+00:00,26237.78,2,0,0,3.0,0,0,1
2026-09-12T02:12:08.198866+00:00,1827.15,2,0,3,3.04,0,0,1
2026-09-12T02:13:12.300861+00:00,7974.47,2,1,0,4.45,0,1,0
2026-09-12T02:13:24.357614+00:00,2264.9,2,0,1,4.8,0,0,0
2026-09-12T02:14:06.850386+00:00,1688.44,2,1,3,2.67,0,0,1
2026-09-12T02:18:41.190403+00:00,4501.12,2,0,0,5.29,0,0,0
2026-09-12T02:19:14.483996+00:00,15214.88,2,1,1,4.81,0,1,1
2026-09-12T02:24:25.117866+00:00,359.96,2,0,2,0.5,1,1,0
2026-09-12T02:26:10.576073+00:00,3437.53,2,1,0,3.31,0,0,0
2026-09-12T02:30:00.304584+00:00,2195.56,2,0,0,12.46,0,0,0
2026-09-12T02:30:40.673043+00:00,5060.41,2,0,1,1.16,0,1,0
2026-09-12T02:32:14.220721+00:00,7996.54,2,0,2,0.55,1,0,0
2026-09-12T02:32:43.752700+00:00,19077.51,2,0,2,1.32,0,1,1
2026-09-12T02:33:17.835266+00:00,2963.54,2,0,0,5.61,0,0,0
2026-09-12T02:33:25.903661+00:00,21914.17,2,2,0,1.56,0,0,1
2026-09-12T02:33:44.124062+00:00,28000.0,2,0,0,3.08,0,1,1
2026-09-12T02:36:55.354995+00:00,5750.74,2,0,1,0.53,3,1,1
2026-09-12T02:57:12.751075+00:00,7827.82,2,1,0,1.45,1,0,0
2026-09-12T03:00:55.495554+00:00,999.15,3,0,2,2.25,0,1,0
2026-09-12T03:02:14.497092+00:00,4798.31,3,0,2,2.68,0,0,0
2026-09-12T03:06:30.768552+00:00,1047.29,3,3,1,3.95,4,0,1
2026-09-12T03:08:02.831287+00:00,809.22,3,0,4,2.07,0,0,1
2026-09-12T03:17:14.627318+00:00,9298.94,3,0,0,5.13,0,1,1
2026-09-12T03:17:16.800511+00:00,122.38,3,1,0,10.29,0,0,0
2026-09-12T03:17:18.781918+00:00,10823.44,3,0,4,1.41,0,0,1
2026-09-12T03:18:22.960727+00:00,577.28,3,0,2,3.3,0,0,0
2026-09-12T03:22:50.933349+00:00,5537.38,3,0,1,12.61,0,1,0
2026-09-12T03:26:10.441231+00:00,1093.14,3,0,2,1.18,0,1,0
2026-09-12T03:36:06.871612+00:00,16741.24,3,0,1,6.82,0,0,1
2026-09-12T03:36:47.144032+00:00,14675.03,3,2,0,4.74,0,0,1
2026-09-12T03:38:01.859062+00:00,2878.29,3,1,0,1.24,0,1,0
2026-09-12T03:39:09.168890+00:00,16291.73,3,0,0,4.75,0,0,1
2026-09-12T03:40:21.844440+00:00,3487.75,3,0,1,4.48,1,1,0
2026-09-12T03:46:01.177558+00:00,110.47,3,0,1,11.52,0,0,0
2026-09-12T03:49:52.546576+00:00,272.93,3,0,1,5.59,0,0,0
2026-09-12T03:51:23.179609+00:00,395.95,3,1,2,3.71,1,0,0
2026-09-12T03:51:41.518259+00:00,1797.58,3,2,0,7.89,0,1,1
2026-09-12T04:02:08.125420+00:00,5456.15,4,0,1,10.51,0,0,0
2026-09-12T04:03:57.947855+00:00,7070.71,4,0,1,2.62,2,1,1
2026-09-12T04:04:20.056243+00:00,21522.51,4,0,1,3.27,1,0,1
2026-09-12T04:04:46.867333+00:00,2793.39,4,0,2,16.32,0,0,0
2026-09-12T04:05:16.995427+00:00,4740.3,4,0,0,3.08,0,0,0
2026-09-12T04:09:10.216681+00:00,1150.7,4,0,2,8.96,4,0,1
2026-09-12T04:09:17.758657+00:00,18442.89,4,1,2,0.3,0,1,1
2026-09-12T04:12:47.340895+00:00,2435.31,4,0,2,5.32,0,0,0
2026-09-12T04:13:07.649852+00:00,523.62,4,0,0,6.98,0,0,0
2026-09-12T04:13:07.977903+00:00,144.24,4,0,2,3.67,0,1,0
2026-09-12T04:15:38.780113+00:00,16939.23,4,2,0,2.09,0,0,1
2026-09-12T04:17:07.496765+00:00,3214.51,4,1,1,6.79,0,0,0
2026-09-12T04:19:47.007611+00:00,304.7,4,0,2,1.67,0,0,0
2026-09-12T04:25:12.172595+00:00,733.11,4,1,0,2.73,0,0,0
2026-09-12T04:26:44.780182+00:00,1379.26,4,0,0,8.65,0,1,1
2026-09-12T04:32:10.205840+00:00,319.42,4,0,2,1.96,2,1,1
2026-09-12T04:32:32.255556+00:00,741.03,4,0,2,12.14,1,0,0
2026-09-12T04:35:47.822501+00:00,7810.9,4,0,1,1.51,0,0,0
2026-09-12T04:38:04.361243+00:00,122.36,4,0,1,4.7,0,0,0
2026-09-12T04:38:10.446099+00:00,16555.64,4,0,1,9.42,0,0,1
2026-09-12T04:46:30.784539+00:00,1612.55,4,0,2,0.52,0,1,0
2026-09-12T04:55:08.179099+00:00,3633.51,4,0,2,2.17,0,0,0
2026-09-12T04:55:23.327907+00:00,2902.92,4,0,3,4.45,1,0,1
2026-09-12T04:59:37.461597+00:00,869.46,4,1,1,1.34,2,0,1
2026-09-12T05:00:37.047263+00:00,6071.8,5,0,1,4.9,1,0,0
2026-09-12T05:03:19.228371+00:00,15635.02,5,0,1,2.23,0,1,0
2026-09-12T05:04:44.565673+00:00,5592.76,5,0,0,2.6,0,0,0
2026-09-12T05:06:33.454036+00:00,1726.87,5,0,0,4.13,0,0,0
2026-09-12T05:13:33.261158+00:00,13432.67,5,0,3,4.13,0,0,0
2026-09-12T05:16:45.308470+00:00,4769.78,5,0,1,1.63,0,1,0
2026-09-12T05:20:24.086165+00:00,10875.78,5,0,2,1.8,0,0,0
2026-09-12T05:26:53.896952+00:00,2371.1,5,1,2,6.0,1,0,0
2026-09-12T05:29:30.887618+00:00,2113.97,5,0,2,2.16,0,1,0
2026-09-12T05:30:32.061067+00:00,4566.72,5,1,2,5.55,0,0,0
2026-09-12T05:31:36.489680+00:00,6852.62,5,0,0,5.9,0,1,0
2026-09-12T05:31:38.630663+00:00,10710.54,5,0,1,2.01,0,0,0
2026-09-12T05:34:55.036107+00:00,1315.61,5,0,1,0.59,0,1,0
2026-09-12T05:40:13.038379+00:00,5189.54,5,0,3,6.5,0,0,0
2026-09-12T05:42:12.662514+00:00,816.93,5,0,4,4.62,0,1,0
2026-09-12T05:44:42.981464+00:00,2583.91,5,0,1,2.76,0,0,0
2026-09-12T05:59:00.552034+00:00,694.45,5,0,2,17.97,1,0,0
2026-09-12T06:08:11.332514+00:00,19775.29,6,0,3,11.06,0,0,0
2026-09-12T06:08:58.508450+00:00,8632.34,6,0,1,4.66,0,1,0
2026-09-12T06:09:11.439495+00:00,565.38,6,0,2,6.55,0,0,0
2026-09-12T06:10:27.842611+00:00,3262.44,6,0,2,2.18,0,0,0
2026-09-12T06:10:29.379977+00:00,2936.26,6,0,1,2.5,0,0,0
2026-09-12T06:11:57.874340+00:00,18190.37,6,1,2,2.4,0,0,0
2026-09-12T06:15:46.920308+00:00,1322.38,6,0,2,0.75,1,1,0
2026-09-12T06:16:01.613723+00:00,2708.9,6,0,3,1.03,0,1,0
2026-09-12T06:16:02.646408+00:00,723.18,6,0,1,1.34,0,1,0
2026-09-12T06:27:05.335163+00:00,22824.42,6,0,0,2.38,0,0,1
2026-09-12T06:27:30.998471+00:00,25402.28,6,0,1,1.3,0,0,0
2026-09-12T06:40:54.182644+00:00,833.65,6,0,0,2.91,0,1,0
2026-09-12T06:43:33.881221+00:00,722.13,6,1,1,4.15,0,1,0
2026-09-12T06:43:50.121933+00:00,17818.41,6,0,2,11.05,0,1,0
2026-09-12T06:45:07.852417+00:00,23966.53,6,0,0,1.74,0,0,0
2026-09-12T06:50:11.264927+00:00,1118.33,6,0,3,5.01,0,1,0
2026-09-12T06:51:31.430330+00:00,124.26,6,0,2,5.86,0,1,0
2026-09-12T06:53:46.007327+00:00,16952.68,6,0,1,2.03,0,1,1
2026-09-12T06:54:06.682553+00:00,10099.39,6,0,0,4.81,1,1,0
2026-09-12T06:56:04.479370+00:00,1648.45,6,0,2,5.41,0,0,0
2026-09-12T06:59:15.979139+00:00,1803.87,6,0,2,9.9,0,1,0
2026-09-12T07:01:22.507699+00:00,11165.93,7,0,2,5.03,1,0,0
2026-09-12T07:01:44.516751+00:00,3855.7,7,0,0,6.83,0,1,0
2026-09-12T07:04:35.487276+00:00,4124.04,7,0,1,3.54,1,0,0
2026-09-12T07:07:50.178718+00:00,2706.85,7,1,2,6.6,0,0,0
2026-09-12T07:08:32.976672+00:00,11814.78,7,0,1,4.53,0,1,0
2026-09-12T07:12:06.208645+00:00,3796.11,7,0,0,8.53,1,0,0
2026-09-12T07:15:56.033071+00:00,7273.14,7,0,0,3.48,0,1,0
2026-09-12T07:18:08.571850+00:00,3906.09,7,3,1,5.21,1,0,0
2026-09-12T07:26:42.174920+00:00,4311.08,7,0,0,6.54,0,1,0
2026-09-12T07:33:25.234176+00:00,1157.82,7,0,0,1.19,0,1,0
2026-09-12T07:33:28.061543+00:00,1217.3,7,0,0,1.03,0,1,0
2026-09-12T07:34:05.961397+00:00,4948.92,7,0,1,1.75,0,1,0
2026-09-12T07:34:06.182813+00:00,21247.84,7,0,0,1.72,1,0,0
2026-09-12T07:34:47.644044+00:00,16679.17,7,0,0,1.37,1,0,0
2026-09-12T07:38:12.724390+00:00,977.82,7,0,0,3.5,0,0,0
2026-09-12T07:39:57.313871+00:00,5494.17,7,2,1,9.27,1,1,0
2026-09-12T07:51:38.170692+00:00,434.71,7,2,0,8.61,0,1,1
2026-09-12T07:55:42.893792+00:00,5719.86,7,0,1,7.27,3,1,1
2026-09-12T08:01:08.458779+00:00,3014.04,8,0,0,6.55,0,1,0
2026-09-12T08:04:00.803201+00:00,722.12,8,1,1,1.0,0,0,0
2026-09-12T08:09:57.241669+00:00,2559.08,8,1,0,7.67,0,1,0
2026-09-12T08:13:38.173267+00:00,15475.53,8,1,0,3.02,0,0,0
2026-09-12T08:15:43.336269+00:00,18132.48,8,0,0,4.78,0,0,0
2026-09-12T08:20:02.321609+00:00,22008.44,8,0,1,6.46,0,1,1
2026-09-12T08:21:26.130303+00:00,269.32,8,0,0,5.43,0,1,0
2026-09-12T08:22:44.925999+00:00,13711.09,8,1,1,4.83,0,1,0
2026-09-12T08:39:14.599431+00:00,162.54,8,0,0,5.35,0,1,0
2026-09-12T08:43:14.230248+00:00,3535.78,8,0,0,0.67,0,0,0
2026-09-12T08:46:38.574939+00:00,1544.76,8,0,0,4.89,0,1,0
2026-09-12T08:46:39.711628+00:00,3383.16,8,0,0,1.85,0,1,0
2026-09-12T08:51:57.115144+00:00,1469.41,8,1,3,4.85,1,1,0
2026-09-12T08:53:10.895469+00:00,3644.3,8,0,1,4.24,0,1,0
2026-09-12T08:55:14.350265+00:00,19877.2,8,0,2,3.23,0,0,0
2026-09-12T09:03:25.402032+00:00,3813.5,9,3,0,5.72,0,0,0
2026-09-12T09:09:11.838601+00:00,18712.93,9,0,1,11.55,1,1,0
2026-09-12T09:12:09.278325+00:00,3483.08,9,1,2,2.49,0,0,0
2026-09-12T09:12:44.772185+00:00,1111.16,9,0,0,2.46,0,0,0
2026-09-12T09:14:10.433882+00:00,153.52,9,0,0,3.82,0,1,0
2026-09-12T09:18:26.749810+00:00,1774.73,9,0,2,0.57,1,0,0
2026-09-12T09:25:45.687300+00:00,1878.73,9,0,1,3.16,1,1,0
2026-09-12T09:29:33.136605+00:00,2074.59,9,0,4,4.38,0,1,0
2026-09-12T09:31:24.172977+00:00,21673.96,9,2,0,5.7,0,0,1
2026-09-12T09:35:15.429367+00:00,1242.05,9,0,1,2.78,0,0,0
2026-09-12T09:38:57.040905+00:00,1271.99,9,0,1,5.79,0,0,0
2026-09-12T09:41:40.858467+00:00,259.88,9,1,1,2.25,0,1,0
2026-09-12T09:47:28.443020+00:00,3775.14,9,0,1,3.35,0,1,0
2026-09-12T09:47:38.041218+00:00,16941.55,9,0,0,6.57,0,0,0
2026-09-12T09:47:42.518021+00:00,1435.68,9,0,5,11.22,0,0,0
2026-09-12T09:49:57.074483+00:00,3968.55,9,0,1,9.66,1,1,0
2026-09-12T09:51:48.037784+00:00,2526.56,9,0,0,6.27,0,1,0
2026-09-12T09:56:47.132746+00:00,2087.05,9,2,2,5.18,0,0,0
2026-09-12T10:02:14.531842+00:00,2351.38,10,0,2,1.19,0,1,0
2026-09-12T10:06:30.185922+00:00,18282.32,10,0,3,1.07,0,0,0
2026-09-12T10:06:36.718437+00:00,3512.22,10,0,0,7.88,0,0,0
2026-09-12T10:10:00.579215+00:00,21592.5,10,0,1,7.31,1,1,1
2026-09-12T10:12:57.706816+00:00,545.4,10,0,1,0.33,0,0,0
2026-09-12T10:18:09.650796+00:00,605.13,10,0,1,1.33,0,0,0
2026-09-12T10:23:59.151376+00:00,3323.87,10,1,1,2.13,0,0,0
2026-09-12T10:25:57.948959+00:00,6660.23,10,0,0,3.66,0,0,0
2026-09-12T10:27:49.269833+00:00,1745.69,10,0,0,2.75,0,0,0
2026-09-12T10:35:22.967245+00:00,654.41,10,1,0,3.48,1,0,0
2026-09-12T10:43:58.786974+00:00,4581.79,10,0,2,5.0,0,0,0
2026-09-12T10:46:46.293831+00:00,5777.47,10,0,2,2.41,0,0,0
2026-09-12T10:48:31.253402+00:00,6860.41,10,1,2,1.85,0,0,0
2026-09-12T10:56:50.421648+00:00,17525.89,10,0,1,3.02,0,0,0
2026-09-12T10:57:55.024453+00:00,6368.26,10,0,2,6.55,0,0,0
2026-09-12T11:02:56.011582+00:00,109.71,11,0,0,13.6,0,0,0
2026-09-12T11:09:35.910969+00:00,422.98,11,1,0,1.41,0,0,0
2026-09-12T11:18:52.249160+00:00,370.87,11,0,1,8.65,0,0,0
2026-09-12T11:23:46.527869+00:00,4050.07,11,1,0,2.8,0,0,0
2026-09-12T11:25:06.767851+00:00,290.79,11,0,0,13.89,2,1,1
2026-09-12T11:25:11.572042+00:00,2254.89,11,1,0,2.25,0,0,0
2026-09-12T11:26:52.558614+00:00,2108.0,11,0,1,4.04,0,1,0
2026-09-12T11:28:06.233647+00:00,1250.67,11,0,0,9.72,1,0,0
2026-09-12T11:29:10.451447+00:00,6598.7,11,0,1,4.67,0,0,0
2026-09-12T11:29:47.606872+00:00,657.93,11,0,1,3.5,0,1,0
2026-09-12T11:29:57.284817+00:00,1450.65,11,0,0,4.63,2,1,1
2026-09-12T11:36:46.121755+00:00,23381.61,11,0,3,2.97,0,1,1
2026-09-12T11:41:50.723089+00:00,158.86,11,1,0,5.32,0,0,0
2026-09-12T11:42:18.650101+00:00,3636.46,11,0,0,6.52,0,0,0
2026-09-12T11:44:08.268921+00:00,5483.95,11,2,0,1.78,0,0,0
2026-09-12T12:08:04.578750+00:00,8675.02,12,0,0,3.26,1,0,0
2026-09-12T12:16:35.545003+00:00,6747.58,12,0,0,1.78,0,0,0
2026-09-12T12:20:50.632838+00:00,1291.22,12,1,1,1.3,0,1,0
2026-09-12T12:23:43.621623+00:00,2884.86,12,2,1,3.4,0,1,0
2026-09-12T12:25:59.499887+00:00,317.42,12,0,2,4.11,0,0,0
2026-09-12T12:28:58.646419+00:00,1014.34,12,0,0,7.24,0,1,0
2026-09-12T12:30:03.116669+00:00,376.68,12,0,0,4.17,0,1,0
2026-09-12T12:33:41.401171+00:00,1271.55,12,0,1,1.33,1,0,0
2026-09-12T12:42:51.402196+00:00,6719.01,12,0,0,14.72,0,1,0
2026-09-12T12:51:05.356873+00:00,22142.14,12,0,1,2.51,0,0,1
2026-09-12T12:53:49.435363+00:00,2700.97,12,0,0,3.78,0,1,0
2026-09-12T12:56:48.228832+00:00,1877.82,12,0,1,2.84,1,0,0
2026-09-12T12:57:29.069253+00:00,2025.38,12,0,1,1.06,1,1,0
2026-09-12T13:00:39.791500+00:00,11235.66,13,0,1,0.29,0,1,0
2026-09-12T13:00:45.898689+00:00,1183.83,13,1,0,4.8,0,1,0
2026-09-12T13:05:06.131294+00:00,3218.55,13,0,0,1.06,0,1,0
2026-09-12T13:05:28.608400+00:00,1803.47,13,0,0,3.57,0,1,0
2026-09-12T13:17:06.230581+00:00,261.91,13,1,0,0.71,0,0,0
2026-09-12T13:17:51.309564+00:00,2210.51,13,0,0,11.64,0,1,0
2026-09-12T13:18:12.229790+00:00,5431.15,13,0,0,4.74,0,1,0
2026-09-12T13:19:13.970816+00:00,392.72,13,0,1,2.63,0,1,0
2026-09-12T13:24:11.285203+00:00,290.82,13,0,2,6.12,0,0,0
2026-09-12T13:32:54.358879+00:00,593.76,13,0,2,5.21,0,0,0
2026-09-12T13:39:46.567547+00:00,4685.98,13,2,3,1.09,0,1,1
2026-09-12T13:45:27.371180+00:00,4179.48,13,2,0,5.86,0,1,1
2026-09-12T13:51:13.899459+00:00,2723.84,13,0,0,10.72,0,0,0
2026-09-12T13:57:46.647194+00:00,2080.92,13,0,1,2.45,0,1,0
2026-09-12T14:01:12.858844+00:00,7074.94,14,0,0,8.17,0,0,0
2026-09-12T14:01:19.699703+00:00,4717.35,14,0,0,2.25,0,1,0
2026-09-12T14:06:50.462882+00:00,5407.22,14,0,1,5.27,0,1,0
2026-09-12T14:11:27.160998+00:00,5429.76,14,0,2,7.25,2,0,0
2026-09-12T14:15:07.614047+00:00,3353.53,14,0,0,0.41,1,1,0
2026-09-12T14:22:34.466618+00:00,2020.05,14,0,1,3.45,0,0,0
2026-09-12T14:24:02.411922+00:00,6460.31,14,0,3,4.86,0,0,0
2026-09-12T14:25:32.521670+00:00,8392.13,14,1,1,2.23,2,1,1
2026-09-12T14:26:11.460125+00:00,137.1,14,0,0,3.86,0,0,0
2026-09-12T14:26:56.015014+00:00,229.38,14,0,1,1.27,0,1,0
2026-09-12T14:34:56.000377+00:00,10261.41,14,0,3,4.34,0,1,0
2026-09-12T14:35:03.549851+00:00,1098.62,14,0,0,3.41,0,1,0
2026-09-12T14:38:03.989147+00:00,20628.79,14,0,2,2.18,0,0,0
2026-09-12T14:41:56.634573+00:00,1635.43,14,1,2,2.05,0,0,0
2026-09-12T14:42:38.757049+00:00,465.8,14,0,2,1.9,0,0,0
2026-09-12T14:49:06.598021+00:00,328.36,14,0,2,3.92,0,0,0
2026-09-12T14:49:46.176451+00:00,604.66,14,1,2,3.06,1,0,0
2026-09-12T14:51:02.895633+00:00,980.13,14,0,2,9.22,0,0,0
2026-09-12T14:51:26.708778+00:00,2205.42,14,0,2,6.59,0,0,0
2026-09-12T14:51:45.667625+00:00,3928.73,14,0,1,8.25,0,1,0
2026-09-12T14:54:08.531387+00:00,13812.26,14,0,0,6.53,1,0,0
2026-09-12T14:56:13.066868+00:00,1924.04,14,0,0,2.28,0,0,0
2026-09-12T15:04:24.990089+00:00,2396.62,15,0,1,2.11,0,0,0
2026-09-12T15:13:48.148459+00:00,2420.83,15,0,1,1.62,0,1,0
2026-09-12T15:26:19.690240+00:00,18734.42,15,0,0,7.23,0,1,1
2026-09-12T15:27:28.348408+00:00,2393.67,15,0,2,1.53,0,0,0
2026-09-12T15:27:57.975261+00:00,88.2,15,0,3,2.23,0,0,0
2026-09-12T15:34:27.655718+00:00,65.52,15,0,0,5.74,1,0,0
2026-09-12T15:35:30.878044+00:00,15180.32,15,2,1,4.88,0,1,1
2026-09-12T15:37:56.010501+00:00,402.69,15,2,2,0.96,0,0,0
2026-09-12T15:39:11.576718+00:00,3965.38,15,0,1,3.09,0,0,0
2026-09-12T15:59:59.842164+00:00,793.78,15,1,1,2.28,1,0,0
2026-09-12T16:01:37.525702+00:00,7263.44,16,0,0,2.53,0,1,0
2026-09-12T16:02:18.189919+00:00,8506.55,16,1,2,2.55,0,0,0
2026-09-12T16:07:33.746729+00:00,11980.85,16,0,1,5.3,0,0,0
2026-09-12T16:17:38.362161+00:00,23786.78,16,0,4,2.58,0,0,1
2026-09-12T16:27:29.714881+00:00,1075.36,16,1,0,4.45,0,1,0
2026-09-12T16:27:39.401778+00:00,16293.15,16,1,2,5.21,0,0,0
2026-09-12T16:30:05.982776+00:00,677.36,16,0,2,1.51,0,0,0
2026-09-12T16:35:26.135929+00:00,5311.13,16,1,1,8.05,0,0,0
2026-09-12T16:36:27.857500+00:00,7077.98,16,0,0,5.22,3,1,1
2026-09-12T16:38:44.573519+00:00,24354.81,16,0,1,5.13,0,0,0
2026-09-12T16:40:02.209201+00:00,1877.74,16,0,2,11.57,0,0,0
2026-09-12T16:41:37.825571+00:00,23579.89,16,0,2,10.53,1,0,0
2026-09-12T16:45:33.212971+00:00,388.56,16,1,1,4.04,0,0,0
2026-09-12T16:46:17.800746+00:00,191.45,16,3,0,6.41,0,1,0
2026-09-12T16:48:13.834796+00:00,4537.84,16,0,0,8.08,0,0,0
2026-09-12T16:53:02.682068+00:00,20247.16,16,0,3,2.64,0,0,0
2026-09-12T17:01:56.480103+00:00,17387.0,17,0,3,6.79,0,0,0
2026-09-12T17:02:38.101346+00:00,20784.66,17,0,0,8.11,0,0,0
2026-09-12T17:14:39.904174+00:00,6253.15,17,0,0,1.06,0,0,0
2026-09-12T17:17:22.264536+00:00,2152.46,17,0,2,3.34,0,0,0
2026-09-12T17:20:36.113778+00:00,5677.06,17,0,0,4.19,1,1,0
2026-09-12T17:20:52.948689+00:00,5496.69,17,1,1,3.8,0,0,0
2026-09-12T17:23:11.177962+00:00,7985.9,17,0,3,8.85,0,0,0
2026-09-12T17:31:37.489326+00:00,1191.55,17,0,0,4.57,0,0,0
2026-09-12T17:31:38.680492+00:00,9633.53,17,0,1,2.11,0,0,0
2026-09-12T17:35:01.086396+00:00,586.34,17,0,1,3.22,0,1,0
2026-09-12T17:36:51.611728+00:00,333.68,17,0,1,3.76,0,1,0
2026-09-12T17:40:35.475261+00:00,1867.86,17,0,0,7.97,1,0,0
2026-09-12T17:42:29.219203+00:00,5698.85,17,0,0,0.64,0,1,0
2026-09-12T17:44:52.040649+00:00,2112.33,17,1,2,3.22,0,0,0
2026-09-12T17:56:30.227682+00:00,5716.86,17,0,2,4.7,1,0,0
2026-09-12T17:57:59.599601+00:00,4246.16,17,1,2,5.17,0,1,0
2026-09-12T17:59:15.125278+00:00,812.0,17,0,1,2.6,0,0,0
2026-09-12T18:02:42.232697+00:00,9575.56,18,0,1,5.49,0,0,0
2026-09-12T18:05:48.437360+00:00,260.66,18,0,1,0.68,2,1,0
2026-09-12T18:10:15.486806+00:00,7373.69,18,1,2,3.6,0,0,0
2026-09-12T18:11:03.328102+00:00,1221.74,18,0,1,5.88,0,1,0
2026-09-12T18:14:31.331580+00:00,16444.45,18,0,0,8.7,0,0,0
2026-09-12T18:16:37.078965+00:00,17374.89,18,0,1,6.66,1,0,0
2026-09-12T18:16:44.945257+00:00,663.34,18,0,1,1.64,0,1,0
2026-09-12T18:17:36.883719+00:00,17235.45,18,0,1,2.54,0,0,0
2026-09-12T18:19:46.076580+00:00,745.92,18,0,1,7.03,1,0,0
2026-09-12T18:23:47.273324+00:00,789.64,18,1,1,3.07,0,1,0
2026-09-12T18:24:21.722300+00:00,722.7,18,2,2,5.34,0,0,1
2026-09-12T18:25:29.745799+00:00,2208.54,18,0,0,8.25,0,0,0
2026-09-12T18:31:19.065023+00:00,5177.27,18,0,0,7.54,0,0,0
2026-09-12T18:37:12.748885+00:00,2753.05,18,0,3,3.31,1,0,0
2026-09-12T18:40:41.461528+00:00,7217.95,18,0,0,3.34,0,0,0
2026-09-12T18:42:48.066515+00:00,3298.71,18,0,5,3.56,2,0,1
2026-09-12T18:50:18.235743+00:00,3800.98,18,0,0,10.2,0,0,0
2026-09-12T18:53:05.411078+00:00,3584.6,18,1,0,6.09,0,0,0
2026-09-12T18:53:07.111725+00:00,1969.93,18,0,1,1.31,0,0,0
2026-09-12T19:06:31.828178+00:00,3800.97,19,0,3,3.26,0,1,0
2026-09-12T19:14:21.454789+00:00,291.22,19,2,1,2.4,0,1,0
2026-09-12T19:15:04.979697+00:00,6348.17,19,3,1,9.03,0,0,0
2026-09-12T19:19:35.464747+00:00,4873.54,19,0,0,2.21,0,0,0
2026-09-12T19:20:17.864614+00:00,960.29,19,0,3,1.05,0,1,0
2026-09-12T19:21:03.156938+00:00,4735.7,19,0,5,8.23,0,0,0
2026-09-12T19:23:45.398628+00:00,100.71,19,0,2,3.3,0,0,0
2026-09-12T19:27:09.705138+00:00,843.8,19,1,1,8.48,0,0,0
2026-09-12T19:28:33.214425+00:00,275.54,19,0,3,4.75,0,1,0
2026-09-12T19:31:35.497209+00:00,4908.51,19,1,0,2.71,0,0,0
2026-09-12T19:40:06.971070+00:00,4572.23,19,0,1,9.42,0,1,0
2026-09-12T19:41:52.602726+00:00,5436.17,19,0,2,12.55,0,0,0
2026-09-12T19:45:50.135355+00:00,14931.03,19,0,1,14.17,0,0,0
2026-09-12T19:56:06.876713+00:00,2285.97,19,0,0,7.23,0,1,0
2026-09-12T19:58:41.429903+00:00,3964.72,19,0,1,1.52,0,0,0
2026-09-12T20:02:28.149503+00:00,600.46,20,0,0,4.21,0,0,0
2026-09-12T20:05:04.631217+00:00,3417.52,20,0,1,1.89,0,0,0
2026-09-12T20:07:42.853503+00:00,14478.79,20,0,1,2.84,2,0,0
2026-09-12T20:10:10.846500+00:00,700.22,20,0,1,7.04,0,1,0
2026-09-12T20:17:18.742677+00:00,19020.43,20,0,0,1.91,0,0,0
2026-09-12T20:39:32.205641+00:00,23127.71,20,0,2,2.4,0,0,0
2026-09-12T20:42:06.208193+00:00,564.55,20,0,1,0.48,0,1,0
2026-09-12T20:42:09.818322+00:00,715.49,20,0,0,5.22,0,0,0
2026-09-12T20:49:34.380863+00:00,791.89,20,1,1,3.92,0,1,0
2026-09-12T20:50:29.114922+00:00,932.73,20,0,1,2.44,0,0,0
2026-09-12T21:01:24.942706+00:00,21518.4,21,1,0,2.35,2,0,1
2026-09-12T21:02:47.134321+00:00,1668.87,21,1,1,2.9,0,0,0
2026-09-12T21:04:39.888926+00:00,3454.27,21,0,1,6.53,0,0,0
2026-09-12T21:11:16.039953+00:00,1904.19,21,0,5,3.57,0,0,0
2026-09-12T21:14:37.924584+00:00,4847.18,21,0,0,2.06,0,0,0
2026-09-12T21:19:53.554453+00:00,4125.14,21,0,0,4.25,1,0,0
2026-09-12T21:24:57.061130+00:00,492.89,21,0,1,2.06,0,0,0
2026-09-12T21:30:21.796317+00:00,220.24,21,1,3,3.91,0,1,0
2026-09-12T21:30:48.417810+00:00,6790.42,21,0,2,4.88,0,1,0
2026-09-12T21:32:41.126639+00:00,326.23,21,4,2,1.4,0,0,0
2026-09-12T21:38:34.951189+00:00,573.81,21,1,2,0.5,3,0,0
2026-09-12T21:40:06.298353+00:00,131.62,21,0,1,6.09,0,1,0
2026-09-12T21:40:36.846781+00:00,3227.25,21,0,1,0.4,0,1,0
2026-09-12T21:49:16.434466+00:00,2854.11,21,0,1,4.72,0,0,0
2026-09-12T21:50:38.619378+00:00,13933.35,21,0,0,3.66,0,1,0
2026-09-12T21:53:44.267969+00:00,7035.26,21,0,2,5.17,1,0,0
2026-09-12T22:01:32.156521+00:00,1753.0,22,1,0,4.98,0,0,0
2026-09-12T22:05:35.458295+00:00,1546.58,22,0,3,8.8,0,1,0
2026-09-12T22:05:50.646600+00:00,1187.0,22,0,1,2.72,0,0,0
2026-09-12T22:05:59.792985+00:00,589.13,22,1,2,1.53,0,0,0
2026-09-12T22:12:01.044270+00:00,535.51,22,0,0,5.42,0,0,0
2026-09-12T22:12:01.475133+00:00,514.05,22,0,2,3.92,0,0,0
2026-09-12T22:12:19.925425+00:00,447.74,22,0,1,1.32,0,0,0
2026-09-12T22:13:08.199929+00:00,14975.08,22,0,2,2.95,1,1,0
2026-09-12T22:22:27.877293+00:00,1231.99,22,1,2,2.45,0,0,0
2026-09-12T22:23:48.489376+00:00,10489.28,22,2,0,9.72,0,1,1
2026-09-12T22:24:57.835681+00:00,2824.39,22,0,0,7.05,0,0,0
2026-09-12T22:32:37.599072+00:00,14107.1,22,0,2,2.18,1,0,0
2026-09-12T22:34:12.893440+00:00,1551.07,22,0,1,6.34,2,0,0
2026-09-12T22:36:26.943957+00:00,2017.76,22,0,1,0.92,0,0,0
2026-09-12T22:40:32.572318+00:00,1315.74,22,0,2,3.54,0,0,0
2026-09-12T22:45:57.884335+00:00,706.33,22,0,1,8.95,0,0,0
2026-09-12T22:47:35.619002+00:00,554.43,22,0,1,1.06,0,1,0
2026-09-12T22:55:10.194796+00:00,9345.96,22,2,3,4.62,0,0,0
2026-09-12T23:09:10.646146+00:00,13910.71,23,0,0,10.51,1,0,0
2026-09-12T23:13:19.761567+00:00,207.04,23,0,1,15.08,0,0,0
2026-09-12T23:13:50.567631+00:00,581.36,23,1,3,5.87,0,0,0
2026-09-12T23:21:28.267614+00:00,1822.63,23,0,2,2.83,0,1,0
2026-09-12T23:24:46.511525+00:00,719.85,23,0,2,4.71,0,0,0
2026-09-12T23:25:29.948236+00:00,21092.84,23,0,0,6.07,2,1,1
2026-09-12T23:26:26.667024+00:00,502.32,23,2,2,5.7,0,0,0
2026-09-12T23:28:36.777645+00:00,2011.19,23,0,0,2.19,0,0,0
2026-09-12T23:31:48.424716+00:00,1074.51,23,0,1,6.87,0,0,0
2026-09-12T23:34:36.262792+00:00,1447.9,23,0,1,3.19,0,1,0
2026-09-12T23:37:27.687155+00:00,377.0,23,1,1,2.43,0,0,0
2026-09-12T23:43:17.125620+00:00,1848.29,23,0,3,6.8,0,0,0
2026-09-12T23:44:19.142259+00:00,28000.0,23,0,0,5.35,0,1,1
2026-09-13T00:04:28.459833+00:00,17447.78,0,0,0,11.51,0,0,0
2026-09-13T00:04:36.903263+00:00,6751.01,0,0,0,2.68,1,0,0
2026-09-13T00:04:40.337363+00:00,5988.89,0,1,2,2.67,0,1,0
2026-09-13T00:12:00.889077+00:00,9780.87,0,0,0,4.14,0,0,0
2026-09-13T00:14:01.906995+00:00,5055.74,0,0,2,9.3,0,0,0
2026-09-13T00:18:27.009795+00:00,3508.4,0,1,1,12.57,0,1,0
2026-09-13T00:19:07.192348+00:00,6274.43,0,1,1,16.51,0,0,0
2026-09-13T00:19:51.070766+00:00,311.71,0,0,1,1.56,0,0,0
2026-09-13T00:28:06.965255+00:00,2048.61,0,0,2,10.57,0,1,0
2026-09-13T00:28:27.954808+00:00,14566.98,0,0,1,17.66,0,1,0
2026-09-13T00:31:18.995487+00:00,4757.4,0,2,0,8.06,0,1,0
2026-09-13T00:31:25.176997+00:00,10530.9,0,1,2,0.67,0,0,0
2026-09-13T00:39:10.697191+00:00,4899.89,0,0,0,3.96,0,0,0
2026-09-13T00:40:42.489579+00:00,20591.43,0,2,0,4.94,0,0,1
2026-09-13T00:45:34.469911+00:00,3983.13,0,1,2,14.92,3,0,1
2026-09-13T00:49:42.390885+00:00,4633.47,0,1,1,3.29,0,1,0
2026-09-13T00:51:42.515762+00:00,2429.96,0,0,0,3.03,0,1,0
2026-09-13T00:54:31.891516+00:00,8316.49,0,1,1,6.35,0,0,0
2026-09-13T00:55:05.973998+00:00,5638.21,0,1,2,2.66,2,0,0
2026-09-13T00:56:54.706700+00:00,6002.92,0,0,0,16.0,0,1,0
2026-09-13T01:03:15.991371+00:00,3637.03,1,2,0,1.2,0,1,1
2026-09-13T01:03:22.932014+00:00,1222.37,1,0,0,8.57,0,1,1
2026-09-13T01:08:20.624042+00:00,21096.16,1,0,0,2.8,0,0,1
2026-09-13T01:13:26.320457+00:00,8839.19,1,1,0,4.67,2,1,1
2026-09-13T01:14:14.610759+00:00,2882.98,1,0,1,8.09,0,1,0
2026-09-13T01:14:44.250326+00:00,1192.88,1,1,0,4.53,0,0,0
2026-09-13T01:16:50.184214+00:00,576.81,1,0,1,2.53,0,1,0
2026-09-13T01:22:13.960164+00:00,5721.3,1,0,2,11.44,0,0,0
2026-09-13T01:23:11.241681+00:00,5855.41,1,0,0,0.61,0,0,0
2026-09-13T01:24:58.387652+00:00,5451.18,1,0,0,1.41,2,0,1
2026-09-13T01:25:09.570974+00:00,3374.79,1,0,2,0.86,0,0,0
2026-09-13T01:32:21.444822+00:00,1518.34,1,0,3,4.37,0,1,1
2026-09-13T01:33:51.160059+00:00,19464.77,1,0,1,11.35,0,0,1
2026-09-13T01:33:52.095559+00:00,87.49,1,0,1,1.13,0,1,0
2026-09-13T01:44:06.778567+00:00,5798.9,1,1,2,9.2,0,1,1
2026-09-13T01:45:19.162125+00:00,352.78,1,0,1,2.73,0,1,0
2026-09-13T01:51:54.205255+00:00,3248.14,1,0,1,3.55,1,0,0
2026-09-13T01:55:13.641885+00:00,2304.26,1,0,1,13.94,0,0,0
2026-09-13T01:57:48.343329+00:00,2453.61,1,0,2,1.54,0,0,0
2026-09-13T02:00:53.164357+00:00,8422.78,2,1,1,7.69,1,0,0
2026-09-13T02:04:45.830454+00:00,162.8,2,0,1,2.54,1,1,1
2026-09-13T02:07:38.862341+00:00,4810.51,2,0,3,5.59,0,1,1
2026-09-13T02:08:19.794666+00:00,231.06,2,0,0,8.83,0,0,0
2026-09-13T02:11:20.260143+00:00,184.48,2,0,0,5.47,0,0,0
2026-09-13T02:16:18.421002+00:00,1857.76,2,0,1,9.36,0,1,1
2026-09-13T02:17:08.618297+00:00,268.49,2,1,0,3.56,0,0,0
2026-09-13T02:34:44.416737+00:00,5041.05,2,0,2,7.69,0,0,0
2026-09-13T02:35:01.424097+00:00,2473.1,2,0,1,6.04,0,0,0
2026-09-13T02:36:10.235431+00:00,154.3,2,0,0,3.85,1,1,0
2026-09-13T02:39:00.386229+00:00,192.3,2,1,3,10.46,0,1,1
2026-09-13T02:46:36.975909+00:00,3095.12,2,2,1,3.33,0,0,1
2026-09-13T02:48:14.334918+00:00,5309.52,2,0,2,4.45,0,0,0
2026-09-13T02:53:58.442810+00:00,1902.87,2,0,0,1.43,0,1,0
2026-09-13T02:57:48.495754+00:00,2647.97,2,0,0,6.14,1,0,0
2026-09-13T02:58:22.095942+00:00,26065.04,2,0,2,2.99,0,0,1
2026-09-13T03:01:26.399161+00:00,3077.3,3,0,2,2.49,0,1,1
2026-09-13T03:06:18.903127+00:00,17743.91,3,1,2,2.91,0,0,1
2026-09-13T03:10:07.733831+00:00,3098.29,3,1,0,2.39,0,1,1
2026-09-13T03:10:41.341853+00:00,19388.31,3,2,0,6.98,0,0,1
2026-09-13T03:13:22.976807+00:00,19276.4,3,0,1,4.95,0,1,1
2026-09-13T03:17:16.707474+00:00,3163.64,3,2,1,1.27,0,0,1
2026-09-13T03:17:45.497098+00:00,11201.15,3,0,1,6.06,1,1,1
2026-09-13T03:20:30.031196+00:00,763.23,3,0,3,0.84,0,0,1
2026-09-13T03:23:01.345149+00:00,9716.92,3,0,1,6.99,0,1,1
2026-09-13T03:23:12.778314+00:00,2533.36,3,0,0,3.4,0,0,0
2026-09-13T03:25:24.064746+00:00,3626.75,3,2,0,8.88,0,0,1
2026-09-13T03:28:50.886849+00:00,395.24,3,0,0,2.56,0,0,0
2026-09-13T03:30:10.435500+00:00,1592.69,3,0,3,1.56,0,0,1
2026-09-13T03:37:09.385432+00:00,4754.34,3,0,0,4.38,0,1,1
2026-09-13T03:38:24.981026+00:00,3987.29,3,2,0,6.51,0,0,1
2026-09-13T03:42:39.313625+00:00,191.1,3,2,3,0.45,0,0,1
2026-09-13T03:42:49.795978+00:00,23459.67,3,0,2,2.44,1,0,1
2026-09-13T03:45:11.054672+00:00,355.75,3,0,2,4.76,0,0,0
2026-09-13T03:45:11.674189+00:00,17615.83,3,1,1,1.08,0,0,1
2026-09-13T03:51:26.102915+00:00,22368.97,3,0,1,6.12,0,0,1
2026-09-13T03:57:18.476148+00:00,128.18,3,2,0,4.22,0,0,1
2026-09-13T04:03:24.785707+00:00,19510.94,4,1,1,4.74,0,0,1
2026-09-13T04:03:35.068182+00:00,8119.6,4,0,1,12.11,0,0,0
2026-09-13T04:09:06.342937+00:00,1456.02,4,0,0,5.52,0,0,0
2026-09-13T04:11:36.168906+00:00,4127.8,4,0,3,2.42,0,0,1
2026-09-13T04:17:11.124434+00:00,1927.46,4,1,1,2.11,1,1,0
2026-09-13T04:17:25.296874+00:00,3467.63,4,0,1,3.16,2,1,1
2026-09-13T04:19:35.444231+00:00,1391.19,4,2,1,9.78,0,1,1
2026-09-13T04:21:18.950276+00:00,1306.19,4,2,0,3.48,1,1,1
2026-09-13T04:23:32.986579+00:00,18927.43,4,0,2,3.64,0,1,1
2026-09-13T04:36:17.545089+00:00,563.42,4,0,0,5.6,0,1,0
2026-09-13T04:37:15.473628+00:00,5751.77,4,0,3,12.46,0,1,1
2026-09-13T04:46:01.271018+00:00,1432.1,4,1,0,9.96,0,0,0
2026-09-13T04:47:35.683383+00:00,1695.44,4,1,0,3.47,0,0,0
2026-09-13T04:47:41.554717+00:00,7243.46,4,2,3,1.55,0,0,1
2026-09-13T04:53:36.336100+00:00,2256.54,4,0,0,3.87,0,1,1
2026-09-13T04:55:50.275920+00:00,18591.03,4,0,3,5.96,2,0,1
2026-09-13T04:57:21.827066+00:00,10091.84,4,0,2,7.54,0,1,1
2026-09-13T05:00:03.549720+00:00,7029.44,5,0,0,3.93,0,0,0
2026-09-13T05:02:56.908416+00:00,654.2,5,0,2,12.58,0,0,0
2026-09-13T05:07:13.366188+00:00,2111.08,5,1,1,4.97,0,1,0
2026-09-13T05:08:25.660228+00:00,26513.39,5,0,2,6.85,0,1,0
2026-09-13T05:10:21.655764+00:00,1550.56,5,1,1,6.96,0,1,0
2026-09-13T05:14:27.858494+00:00,1546.51,5,0,0,6.0,1,1,0
2026-09-13T05:16:59.500527+00:00,18831.11,5,0,0,12.61,2,0,1
2026-09-13T05:23:59.965123+00:00,448.49,5,0,0,10.74,1,1,0
2026-09-13T05:34:18.188544+00:00,4374.39,5,0,2,3.3,4,1,0
2026-09-13T05:35:07.439699+00:00,4763.39,5,1,2,7.38,0,1,0
2026-09-13T05:36:01.268842+00:00,11177.4,5,0,0,5.82,0,1,0
2026-09-13T05:43:17.332616+00:00,20725.03,5,0,2,1.71,1,1,0
2026-09-13T05:43:31.221736+00:00,952.34,5,1,0,1.04,0,0,0
2026-09-13T05:44:04.964572+00:00,191.02,5,4,1,1.45,1,0,0
2026-09-13T05:50:39.140303+00:00,13593.75,5,0,1,16.39,1,0,0
2026-09-13T05:51:42.094423+00:00,1391.84,5,0,1,2.31,0,0,0
2026-09-13T06:06:14.658048+00:00,1256.56,6,0,1,4.15,1,1,0
2026-09-13T06:09:34.329473+00:00,7624.75,6,0,0,4.24,0,1,0
2026-09-13T06:13:10.357820+00:00,2875.1,6,0,1,10.8,0,1,0
2026-09-13T06:16:09.604719+00:00,834.1,6,1,3,5.37,1,1,0
2026-09-13T06:26:56.701178+00:00,7097.1,6,0,2,5.58,0,0,0
2026-09-13T06:28:36.145420+00:00,16107.27,6,0,1,6.27,0,1,1
2026-09-13T06:29:37.745739+00:00,350.14,6,0,3,4.4,2,0,0
2026-09-13T06:29:39.426897+00:00,6403.45,6,1,2,10.37,0,0,0
2026-09-13T06:37:30.836000+00:00,1644.45,6,0,2,8.87,0,0,0
2026-09-13T06:39:38.014683+00:00,2435.97,6,0,0,3.53,1,1,0
2026-09-13T06:49:29.365180+00:00,7941.41,6,0,2,3.89,0,1,0
2026-09-13T06:51:15.717582+00:00,11663.4,6,0,1,5.09,0,1,0
2026-09-13T06:52:30.247737+00:00,1032.91,6,0,1,1.41,0,1,0
2026-09-13T06:53:30.570340+00:00,825.88,6,0,3,7.55,0,0,0
2026-09-13T07:00:10.892331+00:00,328.62,7,0,4,9.52,1,1,0
2026-09-13T07:00:48.117515+00:00,2700.24,7,0,0,2.43,0,0,0
2026-09-13T07:03:23.418394+00:00,16321.84,7,0,0,13.85,1,1,1
2026-09-13T07:09:05.534051+00:00,1758.74,7,2,1,2.51,1,0,0
2026-09-13T07:09:53.091376+00:00,303.89,7,0,0,1.67,0,0,0
2026-09-13T07:10:36.484044+00:00,1722.63,7,1,4,5.83,0,0,0
2026-09-13T07:11:30.598516+00:00,190.4,7,0,1,10.5,0,0,0
2026-09-13T07:15:22.000868+00:00,5830.01,7,1,1,6.11,0,0,0
2026-09-13T07:19:06.195300+00:00,813.25,7,0,0,3.53,0,0,0
2026-09-13T07:24:20.905266+00:00,1333.46,7,0,0,7.08,1,1,0
2026-09-13T07:24:23.196898+00:00,6589.89,7,1,2,3.16,0,0,0
2026-09-13T07:27:47.615223+00:00,4448.7,7,1,2,8.98,0,1,0
2026-09-13T07:32:01.524109+00:00,14035.5,7,4,1,0.82,0,1,0
2026-09-13T07:32:14.646342+00:00,298.77,7,1,0,2.49,0,1,0
2026-09-13T07:38:57.300753+00:00,4084.43,7,0,1,1.12,0,1,0
2026-09-13T07:40:49.256784+00:00,1645.44,7,0,0,1.58,0,0,0
2026-09-13T07:41:00.427033+00:00,4708.88,7,0,0,5.41,0,1,0
2026-09-13T07:47:18.329752+00:00,19658.39,7,0,1,2.77,0,0,0
2026-09-13T07:48:49.687340+00:00,1418.89,7,1,2,9.8,0,0,0
2026-09-13T08:02:36.736235+00:00,1980.1,8,0,1,3.88,0,0,0
2026-09-13T08:07:14.377781+00:00,4477.75,8,2,2,7.39,0,1,0
2026-09-13T08:09:15.769039+00:00,7500.12,8,0,2,1.92,0,0,0
2026-09-13T08:11:01.465982+00:00,223.35,8,0,0,5.76,0,0,0
2026-09-13T08:11:15.262131+00:00,2436.23,8,0,1,7.69,0,0,0
2026-09-13T08:15:15.605617+00:00,166.84,8,0,2,2.77,0,0,0
2026-09-13T08:15:36.726041+00:00,16058.59,8,1,3,4.2,0,1,0
2026-09-13T08:19:18.590221+00:00,6988.91,8,3,3,3.64,0,0,0
2026-09-13T08:22:26.200070+00:00,1496.08,8,0,3,4.79,0,0,0
2026-09-13T08:24:52.792241+00:00,8683.66,8,1,1,2.84,0,0,0
2026-09-13T08:27:00.831687+00:00,3246.87,8,0,0,4.24,2,0,0
2026-09-13T08:30:32.350732+00:00,23475.9,8,2,2,4.25,0,0,1
2026-09-13T08:34:19.289027+00:00,4589.22,8,0,1,12.08,0,0,0
2026-09-13T08:38:17.476122+00:00,409.39,8,0,2,4.32,1,0,0
2026-09-13T08:48:22.658383+00:00,901.16,8,0,0,7.66,0,1,0
2026-09-13T08:51:27.331626+00:00,1663.7,8,0,3,6.33,1,0,0
2026-09-13T08:52:17.143342+00:00,656.67,8,0,1,5.6,0,0,0
2026-09-13T08:53:47.253719+00:00,2245.67,8,0,0,2.65,0,0,0
2026-09-13T08:58:43.850000+00:00,2099.88,8,0,1,9.09,0,1,0
2026-09-13T08:59:00.115936+00:00,10074.32,8,0,0,3.26,0,0,0
2026-09-13T09:02:35.850099+00:00,1879.78,9,0,1,5.91,0,0,0
2026-09-13T09:11:31.651073+00:00,23725.06,9,0,1,2.49,0,0,1
2026-09-13T09:21:25.148662+00:00,9166.47,9,1,2,1.82,1,0,0
2026-09-13T09:22:41.459269+00:00,6765.54,9,0,0,8.0,0,1,0
2026-09-13T09:31:41.468272+00:00,16314.86,9,0,3,1.96,0,0,0
2026-09-13T09:34:54.749685+00:00,16558.44,9,0,1,2.23,0,1,1
2026-09-13T09:37:36.525963+00:00,1427.4,9,0,0,1.43,0,0,0
2026-09-13T09:43:35.019229+00:00,1693.89,9,0,2,5.65,0,0,0
2026-09-13T09:52:32.200536+00:00,1492.16,9,0,0,1.44,0,0,0
2026-09-13T09:56:08.843526+00:00,5662.45,9,0,0,9.91,0,1,0
2026-09-13T09:56:38.798885+00:00,1985.55,9,0,1,5.79,0,1,0
2026-09-13T09:59:05.848615+00:00,20052.82,9,0,1,1.78,0,1,0
2026-09-13T10:04:34.605838+00:00,12996.16,10,2,0,5.46,0,1,1
2026-09-13T10:10:41.111531+00:00,257.93,10,4,1,1.58,0,0,0
2026-09-13T10:14:44.679801+00:00,2201.91,10,0,4,7.42,0,1,0
2026-09-13T10:18:25.137426+00:00,4819.98,10,0,0,4.53,0,0,0
2026-09-13T10:18:40.909636+00:00,15303.67,10,1,2,0.99,0,0,0
2026-09-13T10:20:39.373245+00:00,3085.74,10,1,1,1.18,0,0,0
2026-09-13T10:20:55.362541+00:00,935.95,10,1,2,2.88,0,0,0
2026-09-13T10:28:17.249272+00:00,6525.44,10,0,1,8.06,0,1,0
2026-09-13T10:29:55.721640+00:00,1327.71,10,0,0,2.0,0,1,0
2026-09-13T10:33:44.078961+00:00,1337.06,10,0,1,3.19,0,0,0
2026-09-13T10:38:09.230510+00:00,2977.71,10,1,1,16.76,0,1,0
2026-09-13T10:38:56.701186+00:00,708.98,10,1,3,3.09,0,1,0
2026-09-13T10:40:46.403828+00:00,1133.01,10,0,1,1.1,1,0,0
2026-09-13T10:40:48.798713+00:00,1784.6,10,0,3,9.64,0,0,0
2026-09-13T10:43:17.555182+00:00,1456.47,10,0,1,1.1,0,0,0
2026-09-13T10:46:43.641913+00:00,2441.38,10,1,4,6.3,0,0,0
2026-09-13T10:48:09.182042+00:00,2989.25,10,0,1,2.8,0,1,0
2026-09-13T10:54:16.462738+00:00,2736.0,10,0,1,9.22,0,1,0
2026-09-13T10:55:32.551723+00:00,18625.6,10,0,0,3.29,0,0,1
2026-09-13T11:03:04.596131+00:00,1236.98,11,0,2,3.71,1,0,0
2026-09-13T11:04:17.599879+00:00,492.52,11,0,1,5.67,0,0,0
2026-09-13T11:04:50.649928+00:00,22608.27,11,1,0,2.82,0,0,0
2026-09-13T11:05:58.660322+00:00,25066.37,11,0,1,7.48,4,0,1
2026-09-13T11:10:58.050885+00:00,1010.62,11,0,1,3.03,0,1,0
2026-09-13T11:13:33.196653+00:00,1732.69,11,0,1,9.53,0,1,0
2026-09-13T11:14:00.627861+00:00,2268.93,11,0,0,5.39,0,0,0
2026-09-13T11:20:51.205746+00:00,2498.8,11,0,1,14.0,0,1,0
2026-09-13T11:22:41.050517+00:00,22424.67,11,0,0,2.84,0,0,0
2026-09-13T11:24:59.787949+00:00,195.98,11,1,0,6.86,0,0,0
2026-09-13T11:30:49.340237+00:00,4150.42,11,1,0,3.35,0,0,0
2026-09-13T11:31:45.194662+00:00,264.72,11,0,1,6.34,0,0,0
2026-09-13T11:37:31.746527+00:00,2081.29,11,0,0,1.77,0,1,0
2026-09-13T11:39:22.618968+00:00,5686.72,11,0,1,3.18,1,0,0
2026-09-13T11:39:27.028498+00:00,1980.16,11,1,2,7.05,0,0,0
2026-09-13T11:41:53.306346+00:00,576.64,11,1,1,1.89,0,1,0
2026-09-13T11:43:11.071842+00:00,13506.28,11,0,2,6.62,0,1,0
2026-09-13T11:50:49.309111+00:00,7102.56,11,0,0,2.87,0,1,0
2026-09-13T11:52:24.697530+00:00,4781.29,11,0,2,4.58,0,0,0
2026-09-13T11:57:33.795734+00:00,1756.63,11,0,2,19.97,0,1,0
2026-09-13T11:58:56.985648+00:00,17568.03,11,0,1,4.22,0,1,1
2026-09-13T12:01:07.158884+00:00,9139.08,12,0,1,3.15,0,1,0
2026-09-13T12:02:08.259802+00:00,2492.12,12,0,1,2.53,0,0,0
2026-09-13T12:03:28.833328+00:00,6181.43,12,0,1,6.32,0,0,0
2026-09-13T12:10:45.173357+00:00,1399.82,12,1,4,3.04,0,0,0
2026-09-13T12:11:28.586759+00:00,1366.89,12,0,0,7.0,0,1,0
2026-09-13T12:14:00.846762+00:00,13616.49,12,1,0,3.85,1,0,0
2026-09-13T12:19:35.601717+00:00,2420.95,12,0,1,6.39,1,1,0
2026-09-13T12:22:59.005232+00:00,545.22,12,0,2,3.73,0,0,0
2026-09-13T12:23:05.242397+00:00,853.74,12,0,2,3.14,0,1,0
2026-09-13T12:24:20.627064+00:00,2164.55,12,0,2,2.77,1,0,0
2026-09-13T12:26:36.157117+00:00,198.88,12,0,3,1.84,0,1,0
2026-09-13T12:35:03.942403+00:00,2046.85,12,0,2,3.61,0,1,0
2026-09-13T12:36:31.541126+00:00,18431.66,12,0,1,7.87,0,0,0
2026-09-13T12:37:15.577666+00:00,4895.57,12,1,1,7.13,0,1,0
2026-09-13T12:38:49.920165+00:00,1462.93,12,0,1,3.69,0,0,0
2026-09-13T12:49:58.327502+00:00,13014.7,12,0,3,2.23,1,1,0
2026-09-13T12:51:20.091168+00:00,698.05,12,2,0,4.33,1,1,0
2026-09-13T12:54:38.695115+00:00,2920.82,12,1,0,7.95,0,1,0
2026-09-13T13:03:09.576178+00:00,19661.9,13,0,1,1.72,0,0,0
2026-09-13T13:12:02.775635+00:00,4295.99,13,0,1,4.71,0,0,0
2026-09-13T13:16:58.459255+00:00,16860.74,13,0,0,1.12,0,0,0
2026-09-13T13:23:02.745457+00:00,5532.08,13,0,0,6.28,0,0,0
2026-09-13T13:40:36.814101+00:00,2656.04,13,0,2,7.1,0,0,0
2026-09-13T13:41:44.495299+00:00,16726.15,13,0,0,3.99,0,0,0
2026-09-13T13:41:58.431463+00:00,5826.37,13,1,2,3.73,0,1,0
2026-09-13T13:50:20.847873+00:00,8855.1,13,0,1,11.6,0,0,0
2026-09-13T13:53:08.090662+00:00,14552.2,13,0,0,2.62,0,1,0
2026-09-13T13:54:45.754196+00:00,1676.24,13,0,1,5.21,0,1,0
2026-09-13T13:58:51.717644+00:00,15104.49,13,0,3,5.28,0,1,1
2026-09-13T14:01:29.559810+00:00,602.45,14,0,1,0.86,1,1,0
2026-09-13T14:02:01.789971+00:00,995.76,14,0,1,0.51,1,0,0
2026-09-13T14:03:59.319166+00:00,358.34,14,0,0,8.99,0,0,0
2026-09-13T14:09:20.199725+00:00,1074.7,14,1,0,0.65,0,0,0
2026-09-13T14:13:27.882356+00:00,4734.4,14,0,0,4.04,0,0,0
2026-09-13T14:14:41.140085+00:00,20411.41,14,0,4,12.14,0,0,1
2026-09-13T14:19:16.956542+00:00,4889.14,14,2,0,17.41,0,0,0
2026-09-13T14:21:31.083032+00:00,3250.84,14,3,0,13.41,0,0,0
2026-09-13T14:25:45.855911+00:00,2368.73,14,0,0,1.83,2,0,0
2026-09-13T14:26:07.366305+00:00,4006.93,14,2,3,10.05,0,0,0
2026-09-13T14:31:47.092929+00:00,1646.12,14,0,1,1.46,0,0,0
2026-09-13T14:33:28.796939+00:00,24268.1,14,0,2,0.22,0,0,0
2026-09-13T14:33:53.102866+00:00,3678.21,14,0,0,0.59,0,0,0
2026-09-13T14:34:16.854443+00:00,3889.38,14,0,0,6.41,0,0,0
2026-09-13T14:38:38.492478+00:00,18792.8,14,0,1,9.4,0,1,1
2026-09-13T14:41:08.907822+00:00,6987.41,14,0,1,5.33,0,1,0
2026-09-13T14:42:20.813931+00:00,989.19,14,1,1,17.4,0,1,0
2026-09-13T14:45:07.711980+00:00,20275.63,14,0,0,6.56,2,0,1
2026-09-13T14:45:53.852395+00:00,4871.1,14,0,1,10.17,0,0,0
2026-09-13T14:48:00.606661+00:00,2232.0,14,0,0,11.82,0,0,0
2026-09-13T14:48:36.265635+00:00,7100.5,14,2,3,6.72,1,0,0
2026-09-13T14:53:38.604893+00:00,1420.83,14,1,0,3.21,0,1,0
2026-09-13T14:55:27.335362+00:00,1535.11,14,0,4,2.14,0,1,0
2026-09-13T14:56:32.719301+00:00,22139.51,14,1,1,2.33,0,0,0
2026-09-13T15:00:26.613783+00:00,2057.8,15,1,1,6.54,0,1,0
2026-09-13T15:04:55.208283+00:00,2382.97,15,2,1,2.72,0,1,1
2026-09-13T15:05:44.652004+00:00,1354.76,15,0,0,1.7,0,0,0
2026-09-13T15:11:14.044133+00:00,1096.45,15,0,1,14.83,0,1,0
2026-09-13T15:12:33.617609+00:00,19073.26,15,0,1,1.65,0,1,1
2026-09-13T15:14:05.347639+00:00,20641.91,15,2,2,3.86,0,0,1
2026-09-13T15:16:55.193049+00:00,6825.51,15,3,2,10.75,2,1,1
2026-09-13T15:20:23.455896+00:00,4893.64,15,1,1,5.04,0,1,0
2026-09-13T15:25:27.177444+00:00,737.26,15,0,2,7.69,0,0,0
2026-09-13T15:29:28.846123+00:00,3849.55,15,0,0,2.45,0,0,0
2026-09-13T15:29:46.321689+00:00,3013.26,15,0,0,1.31,0,1,0
2026-09-13T15:33:59.378134+00:00,712.79,15,0,0,3.13,0,0,0
2026-09-13T15:36:16.136096+00:00,1081.15,15,0,0,5.14,0,0,0
2026-09-13T15:38:11.014885+00:00,18116.18,15,0,1,10.82,1,0,0
2026-09-13T15:42:29.912243+00:00,3904.65,15,3,2,1.76,0,1,0
2026-09-13T15:57:47.133108+00:00,3317.96,15,0,3,9.04,0,0,0
2026-09-13T16:00:04.914459+00:00,2491.32,16,1,4,9.04,0,0,0
2026-09-13T16:03:17.955832+00:00,4740.92,16,0,0,3.24,0,1,0
2026-09-13T16:17:23.279890+00:00,4599.39,16,0,1,4.15,0,1,0
2026-09-13T16:30:53.352931+00:00,3138.29,16,0,1,1.41,0,1,0
2026-09-13T16:36:43.292927+00:00,22736.16,16,4,3,5.63,0,1,1
2026-09-13T16:40:09.252337+00:00,1361.96,16,1,1,2.97,0,0,0
2026-09-13T16:41:33.231262+00:00,6878.34,16,0,1,4.78,0,0,0
2026-09-13T16:45:03.190806+00:00,3113.69,16,0,2,6.15,0,0,0
2026-09-13T16:49:49.808617+00:00,5589.65,16,0,0,2.48,0,0,0
2026-09-13T16:49:52.853253+00:00,2588.87,16,0,1,2.89,0,0,0
2026-09-13T17:03:29.282183+00:00,848.68,17,0,0,5.11,0,0,0
2026-09-13T17:05:29.429970+00:00,2561.7,17,0,1,1.77,0,0,0
2026-09-13T17:06:09.852180+00:00,1544.17,17,0,3,7.14,0,0,0
2026-09-13T17:25:11.155063+00:00,3886.15,17,0,1,3.69,0,0,0
2026-09-13T17:25:21.752670+00:00,2126.78,17,2,1,8.77,0,1,1
2026-09-13T17:25:26.221515+00:00,5847.45,17,0,0,2.62,1,0,0
2026-09-13T17:27:51.620825+00:00,3686.97,17,1,0,3.62,0,0,0
2026-09-13T17:40:16.729195+00:00,3751.96,17,0,2,0.55,0,1,0
2026-09-13T17:40:41.705816+00:00,843.43,17,0,0,0.99,0,1,0
2026-09-13T17:46:58.007856+00:00,13342.88,17,0,0,7.37,0,0,0
2026-09-13T17:50:28.724877+00:00,5957.94,17,0,1,3.83,0,1,0
2026-09-13T17:51:33.832564+00:00,5038.94,17,2,2,4.09,0,1,1
2026-09-13T17:54:32.649421+00:00,1342.56,17,2,1,1.0,0,0,0
2026-09-13T18:01:39.121636+00:00,2514.65,18,1,0,3.81,0,0,0
2026-09-13T18:05:09.087541+00:00,531.87,18,0,2,7.91,0,0,0
2026-09-13T18:08:56.720910+00:00,2534.31,18,1,2,5.8,0,0,0
2026-09-13T18:12:18.798029+00:00,564.62,18,0,1,3.36,0,1,0
2026-09-13T18:15:52.061945+00:00,2636.9,18,0,1,0.81,0,0,0
2026-09-13T18:20:32.353541+00:00,3407.77,18,0,0,4.85,0,0,0
2026-09-13T18:23:47.085026+00:00,15496.23,18,0,1,3.66,0,1,1
2026-09-13T18:25:40.032034+00:00,16699.41,18,0,0,7.69,0,1,1
2026-09-13T18:25:43.909369+00:00,20018.09,18,0,3,9.19,0,0,0
2026-09-13T18:26:30.353584+00:00,427.75,18,0,1,1.82,0,0,0
2026-09-13T18:28:50.212078+00:00,5080.59,18,0,1,6.22,1,0,0
2026-09-13T18:40:11.395628+00:00,659.17,18,0,1,1.73,0,0,0
2026-09-13T18:41:14.839374+00:00,16574.64,18,0,0,4.01,0,0,1
2026-09-13T18:41:55.606534+00:00,716.87,18,0,0,3.85,0,1,0
2026-09-13T18:41:59.313987+00:00,25606.09,18,0,1,7.32,0,1,1
2026-09-13T18:42:42.403449+00:00,1722.1,18,1,4,2.68,0,0,0
2026-09-13T18:47:21.534051+00:00,6651.36,18,0,2,4.84,0,0,0
2026-09-13T18:49:02.899164+00:00,22431.23,18,0,0,3.96,1,1,1
2026-09-13T18:54:10.188972+00:00,132.01,18,1,3,4.73,0,0,0
2026-09-13T18:57:45.766064+00:00,4096.15,18,0,1,6.3,0,1,0
2026-09-13T19:09:26.850032+00:00,433.75,19,1,2,7.66,0,0,0
2026-09-13T19:10:29.958031+00:00,5044.63,19,0,3,8.31,0,0,0
2026-09-13T19:13:10.225820+00:00,648.95,19,0,1,0.62,0,0,0
2026-09-13T19:13:41.517385+00:00,1416.17,19,0,1,8.79,1,1,0
2026-09-13T19:14:23.781563+00:00,4643.77,19,0,0,8.59,0,0,0
2026-09-13T19:14:26.053812+00:00,9929.3,19,0,0,4.33,0,0,0
2026-09-13T19:16:04.276668+00:00,1545.81,19,0,2,5.47,0,0,0
2026-09-13T19:25:26.631268+00:00,5718.99,19,0,3,3.7,0,0,0
2026-09-13T19:25:46.076437+00:00,18800.71,19,0,0,1.4,0,0,0
2026-09-13T19:26:53.730355+00:00,5327.19,19,1,0,1.66,1,0,0
2026-09-13T19:29:45.524323+00:00,23377.46,19,1,0,6.2,0,1,1
2026-09-13T19:32:05.192113+00:00,745.16,19,0,1,3.76,0,0,0
2026-09-13T19:37:47.795716+00:00,18966.18,19,0,0,2.5,0,0,0
2026-09-13T19:46:07.196354+00:00,16462.31,19,0,1,4.77,0,0,0
2026-09-13T19:50:36.009461+00:00,15993.44,19,0,3,5.27,0,0,0
2026-09-13T19:51:58.797364+00:00,19013.08,19,1,2,2.33,0,0,0
2026-09-13T20:02:55.854531+00:00,3365.02,20,0,2,3.04,0,0,0
2026-09-13T20:09:49.899132+00:00,16712.59,20,3,1,12.57,0,0,1
2026-09-13T20:13:23.978539+00:00,14643.07,20,1,1,3.44,0,1,0
2026-09-13T20:15:22.170332+00:00,2551.3,20,1,1,4.61,0,0,0
2026-09-13T20:16:31.749711+00:00,2788.11,20,0,1,1.93,0,1,0
2026-09-13T20:28:21.774806+00:00,24258.11,20,1,1,9.76,1,0,0
2026-09-13T20:34:24.680434+00:00,2316.74,20,3,1,1.85,0,0,0
2026-09-13T20:41:33.352196+00:00,2570.75,20,1,3,1.19,0,1,0
2026-09-13T20:48:20.669082+00:00,2101.61,20,0,1,9.17,1,0,0
2026-09-13T20:51:52.615175+00:00,1062.27,20,0,1,3.25,0,1,0
2026-09-13T20:56:15.766066+00:00,244.51,20,0,1,1.51,0,1,0
2026-09-13T20:56:33.157879+00:00,1741.15,20,2,1,11.25,0,1,1
2026-09-13T21:05:50.610244+00:00,232.88,21,1,3,3.87,0,1,0
2026-09-13T21:09:16.981352+00:00,2618.73,21,0,0,1.12,0,0,0
2026-09-13T21:25:21.402746+00:00,1234.88,21,1,2,1.98,0,1,0
2026-09-13T21:26:24.061299+00:00,2500.69,21,1,2,1.83,0,0,0
2026-09-13T21:27:29.057172+00:00,521.48,21,0,1,1.98,0,1,0
2026-09-13T21:30:16.036265+00:00,8692.18,21,0,0,2.22,0,0,0
2026-09-13T21:32:45.314825+00:00,7257.59,21,0,1,17.35,0,0,0
2026-09-13T21:38:52.888463+00:00,734.29,21,1,0,13.6,0,1,0
2026-09-13T21:39:51.053684+00:00,1406.39,21,0,2,7.71,0,1,0
2026-09-13T21:40:19.018523+00:00,3101.94,21,0,0,2.67,0,1,0
2026-09-13T21:42:07.327311+00:00,381.85,21,0,0,1.16,0,0,0
2026-09-13T21:46:07.451580+00:00,1461.07,21,0,1,2.23,1,1,0
2026-09-13T21:52:01.886969+00:00,985.33,21,0,0,10.62,0,0,0
2026-09-13T21:52:27.873077+00:00,7967.85,21,0,3,3.33,0,1,0
2026-09-13T21:58:40.066947+00:00,6184.8,21,0,0,7.9,0,1,0
2026-09-13T22:03:52.727392+00:00,2834.73,22,0,0,4.76,0,0,0
2026-09-13T22:05:52.156384+00:00,2411.01,22,0,1,7.78,0,0,0
2026-09-13T22:10:36.835058+00:00,8602.98,22,0,0,5.94,0,0,0
2026-09-13T22:13:23.599298+00:00,8682.59,22,0,0,3.83,0,0,0
2026-09-13T22:25:37.951895+00:00,11210.32,22,0,3,7.64,1,1,0
2026-09-13T22:31:01.871798+00:00,488.69,22,0,2,8.31,1,0,0
2026-09-13T22:34:59.974948+00:00,620.06,22,0,1,1.42,0,1,0
2026-09-13T22:41:22.514963+00:00,3673.72,22,0,2,4.42,0,1,0
2026-09-13T22:43:32.304683+00:00,2554.89,22,0,2,6.64,1,0,0
2026-09-13T22:45:32.211223+00:00,119.64,22,0,2,0.28,0,0,0
2026-09-13T22:51:53.491192+00:00,264.73,22,4,1,1.08,2,0,1
2026-09-13T22:58:40.889011+00:00,7067.92,22,0,0,5.55,0,0,0
2026-09-13T23:01:32.401937+00:00,6561.03,23,0,2,5.83,0,0,0
2026-09-13T23:02:39.407310+00:00,1474.5,23,0,1,7.37,0,0,0
2026-09-13T23:08:28.747196+00:00,7153.99,23,1,1,2.37,0,0,0
2026-09-13T23:12:53.688926+00:00,22548.34,23,1,0,1.57,0,0,0
2026-09-13T23:13:29.997453+00:00,5306.11,23,0,1,2.9,0,1,0
2026-09-13T23:16:17.121852+00:00,1844.39,23,0,2,8.71,0,0,0
2026-09-13T23:17:43.730955+00:00,445.15,23,0,1,5.03,0,1,0
2026-09-13T23:19:02.141320+00:00,1879.77,23,0,2,3.36,0,0,0
2026-09-13T23:22:23.726934+00:00,2015.83,23,2,1,5.88,0,0,0
2026-09-13T23:23:22.720509+00:00,2621.95,23,0,0,5.6,0,0,0
2026-09-13T23:29:45.790889+00:00,417.07,23,0,1,17.23,0,1,0
2026-09-13T23:31:04.764429+00:00,28000.0,23,1,2,10.84,0,1,1
2026-09-13T23:34:36.003451+00:00,955.66,23,0,0,3.54,0,0,0
2026-09-13T23:34:58.226490+00:00,768.27,23,0,1,4.97,0,1,0
2026-09-13T23:41:32.473475+00:00,2454.38,23,0,1,2.41,0,1,0
2026-09-13T23:42:41.227160+00:00,2525.53,23,0,1,3.4,0,0,0
2026-09-13T23:44:07.669398+00:00,1914.39,23,1,1,2.65,0,0,0
2026-09-13T23:46:23.161643+00:00,4789.4,23,0,0,2.85,0,0,0
2026-09-13T23:50:38.885468+00:00,2386.47,23,0,0,4.77,1,1,0
2026-09-13T23:55:42.668604+00:00,3070.65,23,0,1,5.62,0,0,0
2026-09-13T23:56:56.814097+00:00,4176.6,23,0,0,4.82,3,0,0
2026-09-13T23:57:54.911432+00:00,141.1,23,0,0,9.05,0,1,0
2026-09-14T00:03:43.293933+00:00,2765.5,0,0,3,0.57,0,0,0
2026-09-14T00:09:11.582029+00:00,6958.7,0,1,0,7.94,0,1,0
2026-09-14T00:09:58.121516+00:00,116.13,0,1,1,3.35,1,0,0
2026-09-14T00:10:51.532147+00:00,1722.4,0,0,2,2.77,0,1,0
2026-09-14T00:16:41.414800+00:00,8401.66,0,0,2,3.87,0,0,0
2026-09-14T00:20:48.881074+00:00,15486.24,0,0,1,4.32,0,0,0
2026-09-14T00:20:49.958763+00:00,2024.27,0,0,2,8.54,0,0,0
2026-09-14T00:21:53.104576+00:00,12835.12,0,1,2,2.78,0,0,0
2026-09-14T00:24:55.161807+00:00,771.36,0,1,0,8.98,0,1,0
2026-09-14T00:26:10.042155+00:00,275.94,0,2,1,7.49,0,0,0
2026-09-14T00:34:17.504489+00:00,6338.39,0,1,0,2.32,0,1,0
2026-09-14T00:35:29.940213+00:00,6551.15,0,0,3,2.98,0,0,0
2026-09-14T00:35:45.565357+00:00,2104.18,0,0,3,3.92,1,0,0
2026-09-14T00:41:00.197578+00:00,2370.31,0,1,4,4.91,0,0,0
2026-09-14T00:44:20.551381+00:00,5841.47,0,1,0,1.75,0,0,0
2026-09-14T00:47:13.887897+00:00,4352.96,0,1,0,4.16,0,0,0
2026-09-14T00:49:10.136922+00:00,1045.88,0,0,0,5.26,0,1,0
2026-09-14T00:54:45.615882+00:00,114.52,0,0,0,0.1,2,0,0
2026-09-14T01:00:34.969067+00:00,2150.72,1,0,0,8.94,0,0,0
2026-09-14T01:05:31.446706+00:00,6326.8,1,0,1,0.99,2,0,1
2026-09-14T01:15:33.785298+00:00,7297.68,1,0,2,6.69,1,1,0
2026-09-14T01:20:39.959931+00:00,10071.9,1,2,0,1.59,3,0,1
2026-09-14T01:25:24.452950+00:00,6833.22,1,1,0,3.73,1,1,1
2026-09-14T01:25:26.225891+00:00,17631.55,1,1,0,4.42,1,1,1
2026-09-14T01:29:23.769897+00:00,1941.85,1,0,4,8.54,0,0,1
2026-09-14T01:30:57.691094+00:00,22246.5,1,0,3,10.6,0,1,1
2026-09-14T01:31:15.341343+00:00,4368.44,1,0,1,1.81,1,0,0
2026-09-14T01:32:39.162897+00:00,2532.0,1,0,0,3.98,2,0,1
2026-09-14T01:32:56.525629+00:00,352.41,1,0,1,2.51,1,1,1
2026-09-14T01:33:18.258874+00:00,8395.33,1,1,1,3.75,0,0,0
2026-09-14T01:36:34.355519+00:00,2005.84,1,0,0,4.02,1,1,0
2026-09-14T01:50:55.340832+00:00,1504.83,1,0,0,6.73,0,0,0
2026-09-14T01:54:17.971039+00:00,18251.66,1,0,4,3.82,0,0,1
2026-09-14T02:00:30.708059+00:00,3645.16,2,2,0,6.18,0,1,1
2026-09-14T02:01:51.504596+00:00,817.1,2,1,0,1.26,0,0,0
2026-09-14T02:04:39.410441+00:00,5863.62,2,2,1,8.36,0,0,1
2026-09-14T02:13:32.763724+00:00,1155.69,2,0,0,4.3,0,0,0
2026-09-14T02:13:36.147264+00:00,17746.82,2,0,0,2.7,0,0,1
2026-09-14T02:14:40.127200+00:00,1728.96,2,2,3,3.69,0,0,1
2026-09-14T02:15:13.725513+00:00,4256.51,2,0,3,1.32,0,0,1
2026-09-14T02:17:41.022183+00:00,10829.87,2,0,0,4.15,0,1,0
2026-09-14T02:19:21.225380+00:00,5362.26,2,0,0,7.94,2,0,1
2026-09-14T02:19:36.923275+00:00,9081.55,2,1,2,14.37,0,0,0
2026-09-14T02:19:57.838797+00:00,544.89,2,1,0,3.82,0,1,1
2026-09-14T02:31:11.217239+00:00,296.28,2,0,1,4.42,0,0,0
2026-09-14T02:32:33.962113+00:00,2670.49,2,0,2,4.62,0,0,0
2026-09-14T02:36:39.106704+00:00,1157.31,2,1,1,6.78,0,1,1
2026-09-14T02:41:18.466045+00:00,5693.86,2,0,1,1.76,0,1,1
2026-09-14T02:45:08.402610+00:00,19042.92,2,1,2,1.27,0,1,1
2026-09-14T02:50:15.752206+00:00,11359.61,2,0,1,9.13,0,1,0
2026-09-14T02:53:15.471808+00:00,1001.1,2,0,0,7.11,0,0,0
2026-09-14T02:55:03.060249+00:00,2188.36,2,0,2,3.06,0,0,0
2026-09-14T02:57:02.225757+00:00,2286.02,2,0,1,7.48,0,0,0
2026-09-14T03:00:06.475984+00:00,17984.67,3,0,1,3.39,0,1,1
2026-09-14T03:02:43.026453+00:00,2913.84,3,1,3,3.42,1,0,0
2026-09-14T03:05:06.454602+00:00,17155.3,3,0,0,3.55,0,1,1
2026-09-14T03:08:30.658445+00:00,1954.06,3,1,3,2.04,0,0,1
2026-09-14T03:09:01.751440+00:00,22341.93,3,0,1,6.73,0,1,1
2026-09-14T03:11:07.914161+00:00,114.64,3,0,0,3.5,2,1,1
2026-09-14T03:11:50.136042+00:00,2422.7,3,0,1,2.65,1,0,0
2026-09-14T03:13:49.087659+00:00,1366.69,3,0,2,6.82,0,1,0
2026-09-14T03:15:55.517985+00:00,64.23,3,0,0,6.68,0,1,1
2026-09-14T03:21:10.884427+00:00,1237.88,3,0,1,7.44,0,0,0
2026-09-14T03:30:47.233013+00:00,18046.87,3,3,2,10.02,0,1,1
2026-09-14T03:30:52.139551+00:00,1659.89,3,0,2,5.6,0,0,0
2026-09-14T03:36:24.732047+00:00,19461.61,3,0,2,2.02,0,0,1
2026-09-14T03:37:18.099450+00:00,20932.0,3,0,1,7.25,1,0,1
2026-09-14T03:38:16.918403+00:00,20757.55,3,0,0,4.6,3,1,1
2026-09-14T03:40:46.311185+00:00,3243.21,3,0,0,0.36,0,0,0
2026-09-14T03:41:19.326330+00:00,5270.85,3,0,0,21.78,0,0,0
2026-09-14T03:43:20.508341+00:00,1984.78,3,0,0,4.68,0,0,0
2026-09-14T03:44:49.215881+00:00,2402.65,3,0,0,1.78,0,0,0
2026-09-14T03:50:37.493685+00:00,5381.12,3,0,0,7.33,0,1,0
2026-09-14T03:56:54.028931+00:00,1845.9,3,0,0,3.04,0,0,0
2026-09-14T03:59:38.483059+00:00,3929.82,3,0,1,4.38,0,0,0
2026-09-14T04:07:01.952514+00:00,1884.72,4,0,1,6.23,0,0,0
2026-09-14T04:07:35.838128+00:00,1790.66,4,0,3,4.52,1,0,1
2026-09-14T04:08:46.643345+00:00,4629.52,4,0,0,0.36,0,0,0
2026-09-14T04:08:49.963662+00:00,674.96,4,0,1,5.55,0,0,0
2026-09-14T04:09:30.740001+00:00,1382.8,4,0,1,7.48,0,1,0
2026-09-14T04:12:20.995979+00:00,872.24,4,0,1,1.67,0,0,0
2026-09-14T04:13:17.068936+00:00,1483.67,4,1,2,4.32,0,0,0
2026-09-14T04:14:31.485583+00:00,897.93,4,0,4,6.52,0,0,1
2026-09-14T04:17:38.216001+00:00,17742.37,4,0,2,10.44,0,0,1
2026-09-14T04:26:56.383019+00:00,5181.07,4,0,1,5.56,0,1,0
2026-09-14T04:28:13.105469+00:00,22088.62,4,2,1,5.84,0,1,1
2026-09-14T04:34:07.303823+00:00,1510.7,4,3,1,4.89,0,0,1
2026-09-14T04:34:30.490065+00:00,14422.6,4,0,0,4.04,0,0,0
2026-09-14T04:39:45.922790+00:00,2943.34,4,0,1,2.84,0,0,0
2026-09-14T04:44:06.507854+00:00,20139.22,4,0,1,1.84,2,1,1
2026-09-14T04:46:37.898206+00:00,5836.27,4,0,3,2.55,0,1,1
2026-09-14T04:53:27.628793+00:00,4248.37,4,0,2,4.99,0,1,0
2026-09-14T04:58:18.813735+00:00,4486.88,4,0,2,5.5,1,0,0
2026-09-14T05:07:46.418374+00:00,758.65,5,0,0,8.94,0,0,0
2026-09-14T05:10:16.479144+00:00,2081.51,5,0,2,10.69,0,1,0
2026-09-14T05:25:28.767465+00:00,6393.62,5,0,1,3.19,0,0,0
2026-09-14T05:26:30.941621+00:00,2304.02,5,2,1,4.34,0,1,0
2026-09-14T05:29:17.265516+00:00,3740.9,5,0,1,5.43,0,0,0
2026-09-14T05:33:22.255093+00:00,2897.03,5,0,3,2.18,0,1,0
2026-09-14T05:38:24.482245+00:00,5971.75,5,0,0,9.01,0,0,0
2026-09-14T05:38:36.352969+00:00,1131.55,5,0,0,4.94,0,0,0
2026-09-14T05:52:27.908023+00:00,2801.71,5,1,0,4.58,0,0,0
2026-09-14T05:54:18.153618+00:00,480.85,5,0,0,5.41,0,0,0
2026-09-14T06:12:38.325147+00:00,20489.32,6,0,2,5.77,1,0,0
2026-09-14T06:18:27.909402+00:00,4273.27,6,0,0,1.63,0,0,0
2026-09-14T06:19:28.429394+00:00,200.1,6,0,2,2.16,0,1,0
2026-09-14T06:23:14.826037+00:00,3664.37,6,0,3,2.13,0,0,0
2026-09-14T06:26:35.858297+00:00,15429.37,6,0,0,3.55,2,1,1
2026-09-14T06:29:43.841486+00:00,484.0,6,0,1,6.63,0,0,0
2026-09-14T06:32:02.344804+00:00,1802.62,6,0,1,6.37,0,0,0
2026-09-14T06:32:26.530782+00:00,751.07,6,0,1,4.18,0,0,0
2026-09-14T06:38:21.806547+00:00,1778.72,6,0,0,5.13,0,0,0
2026-09-14T06:45:07.196804+00:00,1612.19,6,1,0,5.01,0,1,0
2026-09-14T06:46:04.987416+00:00,4350.9,6,0,1,3.31,0,1,0
2026-09-14T06:46:18.663223+00:00,17966.02,6,0,2,4.55,0,0,0
2026-09-14T06:49:02.841920+00:00,3048.86,6,2,1,0.85,0,0,0
2026-09-14T06:54:02.902651+00:00,133.43,6,0,2,0.94,0,0,0
2026-09-14T06:55:59.771726+00:00,8616.71,6,0,2,12.83,1,1,0
2026-09-14T06:56:12.079623+00:00,3769.14,6,0,1,9.12,0,0,0
2026-09-14T06:57:37.137204+00:00,171.34,6,0,0,11.83,0,1,0
2026-09-14T06:58:47.650827+00:00,21149.69,6,0,0,6.69,0,1,1
2026-09-14T06:58:49.739850+00:00,775.12,6,0,2,5.3,0,1,0
2026-09-14T07:02:51.866652+00:00,2830.07,7,0,1,6.76,0,0,0
2026-09-14T07:05:30.539338+00:00,16273.15,7,0,0,3.94,3,0,1
2026-09-14T07:23:54.946338+00:00,1802.24,7,0,1,0.72,0,1,0
2026-09-14T07:24:51.478925+00:00,7114.96,7,0,0,2.91,1,0,0
2026-09-14T07:26:25.121097+00:00,1900.38,7,1,0,14.53,0,1,0
2026-09-14T07:31:02.178698+00:00,310.67,7,0,0,3.14,0,0,0
2026-09-14T07:33:05.402572+00:00,9438.14,7,0,1,5.94,0,1,0
2026-09-14T07:49:23.813384+00:00,8163.81,7,0,1,2.11,1,0,0
2026-09-14T07:50:59.943279+00:00,3750.83,7,0,2,2.92,0,1,0
2026-09-14T07:52:05.714455+00:00,2078.91,7,0,1,3.66,1,0,0
2026-09-14T07:52:55.132525+00:00,371.87,7,1,0,4.05,0,1,0
2026-09-14T07:55:02.008390+00:00,5065.49,7,0,2,4.61,0,0,0
2026-09-14T08:01:08.588087+00:00,20560.65,8,0,0,4.97,0,0,0
2026-09-14T08:01:37.339732+00:00,14694.08,8,0,0,3.4,0,0,0
2026-09-14T08:04:35.420146+00:00,18681.01,8,0,2,2.93,0,1,1
2026-09-14T08:09:30.182752+00:00,618.42,8,0,0,5.27,0,0,0
2026-09-14T08:10:50.492809+00:00,84.83,8,0,1,6.05,0,1,0
2026-09-14T08:17:41.968423+00:00,1820.35,8,0,1,11.86,0,0,0
2026-09-14T08:22:50.100790+00:00,532.3,8,0,0,0.36,2,0,0
2026-09-14T08:23:45.713030+00:00,619.89,8,0,1,1.66,1,0,0
2026-09-14T08:25:59.773233+00:00,316.09,8,0,1,11.34,0,0,0
2026-09-14T08:28:04.037241+00:00,794.5,8,0,2,3.44,0,0,0
2026-09-14T08:37:08.668743+00:00,4082.29,8,0,1,3.89,2,1,1
2026-09-14T08:39:29.052887+00:00,5356.32,8,0,0,2.3,0,0,0
2026-09-14T08:42:42.911076+00:00,1987.85,8,0,2,2.08,0,0,0
2026-09-14T08:50:23.552834+00:00,2320.29,8,0,0,1.06,0,0,0
2026-09-14T08:51:12.796497+00:00,166.24,8,0,0,5.18,0,0,0
2026-09-14T08:51:28.289513+00:00,289.87,8,0,0,6.96,0,1,0
2026-09-14T08:54:44.167921+00:00,1013.04,8,0,0,7.12,0,0,0
2026-09-14T08:55:30.440483+00:00,2572.13,8,0,0,3.46,0,0,0
2026-09-14T08:57:50.680607+00:00,4365.12,8,0,2,4.33,0,0,0
2026-09-14T09:02:09.334844+00:00,3032.41,9,0,1,7.03,0,0,0
2026-09-14T09:07:53.221411+00:00,1652.93,9,0,0,7.7,1,1,0
2026-09-14T09:08:02.296873+00:00,462.98,9,0,2,6.16,0,0,0
2026-09-14T09:13:53.326875+00:00,4916.48,9,0,2,6.38,0,1,0
2026-09-14T09:14:50.861694+00:00,20203.73,9,0,0,13.32,2,0,1
2026-09-14T09:15:42.374664+00:00,4322.43,9,0,0,2.8,0,0,0
2026-09-14T09:19:38.843886+00:00,2362.23,9,0,1,1.59,0,1,0
2026-09-14T09:27:57.653349+00:00,4354.21,9,0,1,7.06,1,1,0
2026-09-14T09:35:15.588110+00:00,7670.48,9,0,1,5.44,1,0,0
2026-09-14T09:36:49.530722+00:00,8183.78,9,0,1,4.64,0,0,0
2026-09-14T09:37:03.312460+00:00,2511.03,9,1,1,7.6,0,0,0
2026-09-14T09:38:40.671635+00:00,2352.59,9,0,0,8.38,0,0,0
2026-09-14T09:43:13.784971+00:00,20571.56,9,2,3,7.9,0,0,1
2026-09-14T09:49:34.242410+00:00,8846.4,9,1,1,1.94,0,1,0
2026-09-14T09:49:44.980381+00:00,2019.49,9,1,3,5.14,0,0,0
2026-09-14T09:49:59.492635+00:00,496.79,9,1,1,6.33,0,1,0
2026-09-14T09:51:18.846315+00:00,1874.0,9,0,3,4.17,0,0,0
2026-09-14T09:54:05.861145+00:00,494.82,9,0,3,11.43,0,0,0
2026-09-14T09:56:35.275387+00:00,19116.02,9,0,1,2.71,1,0,1
2026-09-14T10:01:08.956011+00:00,2696.43,10,0,1,9.25,0,0,0
2026-09-14T10:04:56.490638+00:00,15827.87,10,0,0,6.11,0,1,1
2026-09-14T10:04:58.191416+00:00,15465.07,10,1,1,3.7,0,0,0
2026-09-14T10:06:42.770965+00:00,9255.45,10,0,1,2.76,1,1,0
2026-09-14T10:06:44.155471+00:00,4809.96,10,0,0,11.2,2,1,1
2026-09-14T10:07:15.115182+00:00,5901.96,10,0,3,0.87,2,0,0
2026-09-14T10:08:12.023909+00:00,1522.65,10,0,1,4.22,0,1,0
2026-09-14T10:08:22.268002+00:00,4637.87,10,0,4,2.9,0,1,0
2026-09-14T10:10:20.074406+00:00,2185.8,10,0,2,3.61,0,1,0
2026-09-14T10:12:16.583934+00:00,778.4,10,1,1,4.05,0,1,0
2026-09-14T10:13:16.033740+00:00,16836.94,10,0,2,1.39,0,0,0
2026-09-14T10:13:42.616382+00:00,1414.23,10,0,2,2.33,0,1,0
2026-09-14T10:19:14.843603+00:00,533.54,10,0,0,5.43,0,0,0
2026-09-14T10:19:47.104722+00:00,20408.94,10,1,0,4.14,0,1,0
2026-09-14T10:24:44.444380+00:00,221.41,10,0,0,3.41,0,0,0
2026-09-14T10:25:23.645422+00:00,17838.72,10,0,0,2.39,0,0,0
2026-09-14T10:26:36.130418+00:00,17774.66,10,2,1,2.69,0,1,1
2026-09-14T10:29:01.379044+00:00,15259.08,10,0,0,2.04,0,0,0
2026-09-14T10:29:24.918220+00:00,23077.26,10,0,3,7.41,0,1,1
2026-09-14T10:31:38.898045+00:00,579.97,10,0,2,3.06,0,0,0
2026-09-14T10:42:12.598406+00:00,4962.63,10,0,1,1.15,1,0,0
2026-09-14T10:59:54.135480+00:00,1353.24,10,1,2,7.62,0,1,0
2026-09-14T11:01:57.671695+00:00,2923.61,11,0,1,4.31,0,0,0
2026-09-14T11:02:17.861469+00:00,4084.04,11,1,1,3.2,0,0,0
2026-09-14T11:07:33.949956+00:00,7095.53,11,0,0,3.46,0,0,0
2026-09-14T11:11:39.555526+00:00,5841.1,11,0,0,14.15,0,0,0
2026-09-14T11:13:38.615280+00:00,3059.3,11,0,0,6.47,0,0,0
2026-09-14T11:14:41.930845+00:00,1633.33,11,0,2,10.36,0,1,0
2026-09-14T11:15:21.465350+00:00,2298.65,11,0,0,1.88,0,0,0
2026-09-14T11:21:04.893442+00:00,4745.41,11,0,2,4.49,0,0,0
2026-09-14T11:30:46.299036+00:00,20018.1,11,0,1,4.33,0,1,1
2026-09-14T11:37:16.508263+00:00,410.63,11,1,0,0.38,0,0,0
2026-09-14T11:37:31.176322+00:00,1614.88,11,0,1,3.1,0,0,0
2026-09-14T11:40:27.817727+00:00,4849.22,11,0,2,0.93,0,1,0
2026-09-14T11:41:48.484525+00:00,1868.07,11,0,0,3.24,0,1,0
2026-09-14T12:04:20.734967+00:00,1352.19,12,0,2,6.68,0,1,0
2026-09-14T12:06:01.254159+00:00,1755.61,12,0,1,11.37,0,1,0
2026-09-14T12:07:21.952240+00:00,3014.97,12,0,0,2.2,0,0,0
2026-09-14T12:08:38.180109+00:00,27398.4,12,2,0,11.65,0,1,1
2026-09-14T12:09:54.599043+00:00,2233.53,12,1,1,5.9,0,0,0
2026-09-14T12:11:49.785948+00:00,808.22,12,0,2,8.18,0,1,0
2026-09-14T12:12:16.623444+00:00,628.79,12,1,2,3.51,0,0,0
2026-09-14T12:18:54.846309+00:00,198.47,12,0,1,1.17,0,0,0
2026-09-14T12:32:59.311118+00:00,2678.55,12,1,0,2.93,0,0,0
2026-09-14T12:33:27.275348+00:00,2576.86,12,0,4,5.37,0,0,0
2026-09-14T12:34:20.163404+00:00,795.06,12,0,3,12.89,0,1,0
2026-09-14T12:36:00.244918+00:00,3863.28,12,3,2,10.86,0,0,0
2026-09-14T12:36:08.550943+00:00,4384.29,12,0,1,14.63,0,0,0
2026-09-14T12:40:33.319525+00:00,17539.66,12,0,1,11.82,0,0,0
2026-09-14T12:48:12.392559+00:00,1409.59,12,0,2,5.29,0,0,0
2026-09-14T12:53:20.161810+00:00,28000.0,12,0,1,5.12,0,0,1
2026-09-14T12:56:17.130187+00:00,1560.25,12,0,2,2.63,0,1,0
2026-09-14T12:57:31.923567+00:00,22915.27,12,0,3,2.35,0,0,0
2026-09-14T13:02:17.784597+00:00,1988.97,13,4,1,9.6,0,0,0
2026-09-14T13:04:06.679499+00:00,5105.45,13,0,3,12.97,0,0,0
2026-09-14T13:15:49.095419+00:00,20592.69,13,1,3,2.04,0,0,0
2026-09-14T13:19:10.009476+00:00,3586.03,13,0,2,1.6,1,0,0
2026-09-14T13:21:29.422780+00:00,6234.38,13,0,2,4.54,1,1,0
2026-09-14T13:24:46.094247+00:00,9021.5,13,0,1,1.43,0,1,0
2026-09-14T13:30:11.974487+00:00,17004.66,13,1,3,5.36,0,0,0
2026-09-14T13:30:47.712238+00:00,927.56,13,0,1,3.51,0,1,0
2026-09-14T13:32:28.862846+00:00,1687.34,13,0,2,7.46,0,0,0
2026-09-14T13:32:34.484792+00:00,4604.26,13,0,3,7.48,0,1,0
2026-09-14T13:33:26.969464+00:00,3427.52,13,1,1,2.55,0,0,0
2026-09-14T13:33:51.762520+00:00,686.46,13,0,2,7.05,0,0,0
2026-09-14T13:36:24.666994+00:00,228.32,13,0,2,6.1,0,0,0
2026-09-14T13:39:42.821595+00:00,3735.94,13,1,3,3.65,0,0,0
2026-09-14T13:41:08.768152+00:00,21696.17,13,0,0,2.92,1,0,0
2026-09-14T13:45:38.697467+00:00,2275.96,13,2,1,9.17,0,0,0
2026-09-14T13:45:49.701739+00:00,17566.66,13,1,2,3.35,0,0,0
2026-09-14T13:46:24.399819+00:00,2706.59,13,0,2,2.09,0,0,0
2026-09-14T13:51:46.935178+00:00,338.33,13,0,0,4.28,0,1,0
2026-09-14T13:56:13.495755+00:00,716.89,13,0,0,8.83,0,0,0
2026-09-14T13:57:18.297477+00:00,19303.42,13,3,0,18.3,0,0,1
2026-09-14T14:02:01.451227+00:00,1014.31,14,0,2,1.11,0,0,0
2026-09-14T14:02:21.632342+00:00,2726.68,14,1,3,12.13,0,0,0
2026-09-14T14:02:30.108376+00:00,2303.55,14,0,0,5.94,0,0,0
2026-09-14T14:07:19.399980+00:00,786.72,14,0,0,1.71,0,0,0
2026-09-14T14:11:30.277189+00:00,283.82,14,0,1,3.84,1,1,0
2026-09-14T14:14:36.571465+00:00,661.78,14,0,3,3.68,0,0,0
2026-09-14T14:18:54.077411+00:00,13369.72,14,0,1,2.44,0,0,0
2026-09-14T14:22:25.204639+00:00,2082.85,14,0,1,15.66,0,0,0
2026-09-14T14:27:36.262521+00:00,6524.02,14,0,0,3.69,0,1,0
2026-09-14T14:42:56.499827+00:00,6104.28,14,0,0,1.5,0,0,0
2026-09-14T14:46:46.619503+00:00,2352.66,14,0,2,8.51,1,1,0
2026-09-14T14:47:05.666486+00:00,3984.86,14,0,0,3.72,0,1,0
2026-09-14T14:51:39.203023+00:00,745.2,14,0,1,3.01,0,0,0
2026-09-14T14:53:40.000883+00:00,3791.28,14,0,0,4.19,0,1,0
2026-09-14T14:53:50.568468+00:00,1077.54,14,1,3,6.41,0,0,0
2026-09-14T14:56:39.213542+00:00,5769.32,14,0,1,4.68,1,1,0
2026-09-14T15:00:24.522773+00:00,339.8,15,2,0,4.63,0,1,1
2026-09-14T15:01:22.747171+00:00,4806.93,15,0,0,10.03,0,1,0
2026-09-14T15:02:37.898851+00:00,20438.03,15,1,3,8.75,0,0,0
2026-09-14T15:04:43.669036+00:00,6876.71,15,0,2,1.5,0,0,0
2026-09-14T15:11:16.968897+00:00,1220.64,15,0,0,7.76,0,0,0
2026-09-14T15:12:43.475250+00:00,16661.14,15,0,3,5.5,1,0,0
2026-09-14T15:14:05.996619+00:00,2199.07,15,0,2,0.95,1,0,0
2026-09-14T15:26:20.810578+00:00,1519.79,15,0,0,0.94,0,0,0
2026-09-14T15:26:28.899836+00:00,3378.03,15,0,1,1.16,0,1,0
2026-09-14T15:29:57.395109+00:00,28000.0,15,0,1,7.96,0,1,1
2026-09-14T15:37:19.102634+00:00,194.87,15,0,1,2.53,0,0,0
2026-09-14T15:42:34.831587+00:00,8096.77,15,0,3,0.71,0,0,0
2026-09-14T15:42:37.278127+00:00,24056.32,15,0,2,1.85,0,1,1
2026-09-14T15:45:52.265186+00:00,5329.42,15,0,0,9.24,0,1,0
2026-09-14T15:51:11.822573+00:00,1609.78,15,0,1,6.25,1,0,0
2026-09-14T15:52:40.615107+00:00,2102.76,15,0,0,0.22,0,1,0
2026-09-14T15:55:03.757687+00:00,6560.54,15,0,3,6.04,0,1,0
2026-09-14T15:55:09.031997+00:00,1774.83,15,0,0,2.37,2,0,0
2026-09-14T15:55:45.085756+00:00,2507.96,15,0,0,1.56,0,0,0
2026-09-14T15:59:22.470682+00:00,125.29,15,0,1,2.93,0,0,0
2026-09-14T16:07:24.944667+00:00,612.59,16,0,0,0.86,0,1,0
2026-09-14T16:12:25.179672+00:00,3344.31,16,4,2,1.64,1,1,0
2026-09-14T16:17:08.146294+00:00,4099.13,16,3,1,0.57,0,1,0
2026-09-14T16:17:47.150599+00:00,2855.88,16,0,3,17.32,0,1,0
2026-09-14T16:28:32.245621+00:00,18672.11,16,0,0,3.49,0,0,0
2026-09-14T16:34:53.979541+00:00,1946.46,16,0,0,10.41,0,0,0
2026-09-14T16:35:30.127055+00:00,1463.69,16,0,0,7.04,0,0,0
2026-09-14T16:38:40.938818+00:00,2250.42,16,0,3,7.52,1,0,0
2026-09-14T16:40:10.938040+00:00,6596.82,16,0,1,2.33,0,0,0
2026-09-14T16:47:26.094109+00:00,21163.0,16,0,1,1.78,0,0,0
2026-09-14T16:48:25.028559+00:00,340.73,16,1,1,2.82,0,0,0
2026-09-14T16:53:24.877696+00:00,27127.49,16,1,0,2.16,0,0,1
2026-09-14T16:58:42.307094+00:00,2102.3,16,3,3,9.95,0,0,0
2026-09-14T17:02:17.151465+00:00,21851.96,17,0,1,5.89,0,0,0
2026-09-14T17:13:55.063403+00:00,542.78,17,1,1,0.77,0,0,0
2026-09-14T17:14:11.023699+00:00,3614.71,17,0,2,4.28,0,0,0
2026-09-14T17:14:38.513311+00:00,922.77,17,0,2,4.0,0,0,0
2026-09-14T17:15:19.060232+00:00,1906.18,17,1,1,4.16,0,1,0
2026-09-14T17:16:59.267824+00:00,114.42,17,2,1,13.71,0,1,1
2026-09-14T17:23:14.743125+00:00,586.13,17,0,1,5.21,0,0,0
2026-09-14T17:26:20.499340+00:00,369.12,17,0,3,2.54,0,1,0
2026-09-14T17:30:47.451092+00:00,937.12,17,0,2,5.53,0,0,0
2026-09-14T17:31:11.049500+00:00,397.22,17,0,1,2.28,0,0,0
2026-09-14T17:31:45.211045+00:00,3827.56,17,1,0,11.77,0,1,0
2026-09-14T17:32:03.979021+00:00,154.3,17,0,1,0.98,0,0,0
2026-09-14T17:32:57.716550+00:00,3137.3,17,0,1,4.55,0,0,0
2026-09-14T17:33:44.076913+00:00,545.27,17,0,1,3.47,0,0,0
2026-09-14T17:34:14.697977+00:00,9350.76,17,0,1,4.3,1,0,0
2026-09-14T17:36:47.867589+00:00,8714.3,17,1,1,12.75,1,0,0
2026-09-14T17:36:55.148686+00:00,877.73,17,0,2,2.82,0,1,0
2026-09-14T17:37:15.905756+00:00,3109.63,17,0,0,3.21,2,0,0
2026-09-14T17:41:11.955859+00:00,150.9,17,1,1,1.55,0,0,0
2026-09-14T17:42:11.912364+00:00,8652.46,17,0,0,8.35,0,0,0
2026-09-14T17:48:38.281951+00:00,2428.68,17,1,0,1.61,1,0,0
2026-09-14T17:51:57.854252+00:00,201.39,17,1,1,2.51,0,0,0
2026-09-14T17:55:24.350020+00:00,20397.32,17,0,1,8.04,0,0,0
2026-09-14T17:56:24.461617+00:00,315.88,17,0,3,5.48,0,0,0
2026-09-14T17:59:29.895213+00:00,1657.23,17,0,0,7.24,0,1,0
2026-09-14T18:00:15.457577+00:00,3607.01,18,0,3,2.48,0,0,0
2026-09-14T18:00:23.595128+00:00,2090.95,18,0,2,5.25,0,1,0
2026-09-14T18:02:42.752626+00:00,1608.98,18,0,1,1.59,0,0,0
2026-09-14T18:07:39.628289+00:00,466.0,18,0,1,3.51,0,0,0
2026-09-14T18:10:54.542178+00:00,18661.29,18,0,0,0.69,0,1,1
2026-09-14T18:15:06.919601+00:00,397.66,18,0,2,14.12,0,0,0
2026-09-14T18:15:12.768079+00:00,5332.49,18,0,0,5.52,0,0,0
2026-09-14T18:17:07.333624+00:00,13831.3,18,0,2,2.46,0,0,0
2026-09-14T18:18:17.370715+00:00,2955.33,18,0,3,5.41,0,0,0
2026-09-14T18:23:43.247418+00:00,1402.96,18,0,0,7.29,0,0,0
2026-09-14T18:26:16.232736+00:00,879.7,18,0,0,8.49,0,0,0
2026-09-14T18:27:51.161067+00:00,3324.56,18,0,0,2.06,0,0,0
2026-09-14T18:28:09.986370+00:00,2014.08,18,1,1,5.61,0,0,0
2026-09-14T18:34:16.646117+00:00,1695.42,18,0,0,5.26,0,0,0
2026-09-14T18:35:26.590667+00:00,17640.61,18,0,2,12.21,0,0,0
2026-09-14T18:36:37.535973+00:00,2222.67,18,0,2,2.62,0,0,0
2026-09-14T18:44:42.709035+00:00,1217.33,18,0,1,1.66,0,0,0
2026-09-14T18:50:38.171080+00:00,2680.32,18,0,3,1.91,0,1,0
2026-09-14T18:56:05.102715+00:00,3602.86,18,0,1,6.01,1,0,0
2026-09-14T18:59:07.965565+00:00,146.58,18,0,3,3.52,1,1,0
2026-09-14T19:06:38.330166+00:00,15696.89,19,0,0,10.48,0,0,1
2026-09-14T19:10:30.964179+00:00,250.12,19,0,4,3.5,0,1,0
2026-09-14T19:16:48.190988+00:00,720.14,19,0,2,7.67,2,0,0
2026-09-14T19:17:23.929772+00:00,2690.84,19,1,1,1.81,0,0,0
2026-09-14T19:18:23.833811+00:00,6496.24,19,1,2,5.52,0,0,0
2026-09-14T19:18:41.604967+00:00,6920.55,19,0,3,11.78,0,0,0
2026-09-14T19:20:50.889810+00:00,292.03,19,1,1,7.58,0,1,0
2026-09-14T19:33:04.819907+00:00,1798.19,19,0,0,2.09,0,0,0
2026-09-14T19:36:41.433140+00:00,2858.99,19,0,0,1.58,0,1,0
2026-09-14T19:47:27.233418+00:00,569.05,19,0,2,5.23,0,1,0
2026-09-14T19:51:25.457095+00:00,4700.03,19,0,0,5.31,1,1,0
2026-09-14T20:01:42.203500+00:00,4423.19,20,0,0,6.75,3,1,0
2026-09-14T20:17:02.233199+00:00,7537.01,20,0,1,7.32,0,1,0
2026-09-14T20:24:23.758051+00:00,87.27,20,0,4,1.33,0,1,0
2026-09-14T20:27:08.115344+00:00,841.5,20,0,2,0.94,0,1,0
2026-09-14T20:28:45.189581+00:00,5677.74,20,1,2,5.4,1,0,0
2026-09-14T20:36:07.606779+00:00,3613.35,20,0,1,4.27,0,1,0
2026-09-14T20:39:01.274479+00:00,7253.6,20,0,2,0.87,0,1,0
2026-09-14T20:40:26.087978+00:00,248.41,20,0,0,2.59,0,0,0
2026-09-14T20:44:04.913650+00:00,2967.93,20,1,2,0.5,0,0,0
2026-09-14T20:44:42.452834+00:00,2753.62,20,0,2,11.84,1,1,0
2026-09-14T20:49:40.216156+00:00,176.24,20,0,1,4.49,0,0,0
2026-09-14T20:52:02.793902+00:00,2365.8,20,1,0,10.76,0,1,0
2026-09-14T20:57:15.712950+00:00,3069.21,20,0,1,1.16,0,1,0
2026-09-14T20:58:42.903541+00:00,739.42,20,0,1,2.68,0,0,0
2026-09-14T21:02:01.850778+00:00,1081.7,21,0,1,7.02,0,0,0
2026-09-14T21:03:28.416336+00:00,3332.37,21,0,0,7.2,0,1,0
2026-09-14T21:04:26.514989+00:00,2081.37,21,0,0,1.4,0,0,0
2026-09-14T21:05:54.246699+00:00,6306.48,21,0,0,7.47,0,0,0
2026-09-14T21:06:58.489199+00:00,1401.22,21,0,4,6.91,0,0,0
2026-09-14T21:15:06.620801+00:00,1052.47,21,3,0,0.8,0,0,0
2026-09-14T21:20:01.481772+00:00,13470.58,21,0,0,2.56,0,0,0
2026-09-14T21:25:33.267729+00:00,7806.07,21,0,1,4.52,0,0,0
2026-09-14T21:26:37.493419+00:00,154.15,21,1,4,4.86,0,1,0
2026-09-14T21:28:49.399645+00:00,4773.12,21,0,0,5.04,0,0,0
2026-09-14T21:29:22.472730+00:00,434.11,21,0,2,7.69,0,0,0
2026-09-14T21:31:17.591543+00:00,149.18,21,0,0,2.59,0,1,0
2026-09-14T21:31:56.871532+00:00,1083.32,21,0,0,5.4,0,0,0
2026-09-14T21:37:40.233267+00:00,1064.21,21,0,1,4.71,0,0,0
2026-09-14T21:38:19.480324+00:00,5535.27,21,0,1,0.45,1,0,0
2026-09-14T21:39:54.554216+00:00,4028.57,21,1,2,2.38,0,0,0
2026-09-14T21:40:00.051662+00:00,26700.44,21,0,2,7.92,0,1,1
2026-09-14T21:47:10.363729+00:00,4037.94,21,0,1,1.28,0,0,0
2026-09-14T21:48:17.210185+00:00,1793.52,21,0,1,4.76,0,0,0
2026-09-14T21:49:21.323195+00:00,3901.3,21,1,0,0.45,0,1,0
2026-09-14T21:52:19.252594+00:00,24131.09,21,0,0,0.64,0,0,0
2026-09-14T21:53:04.807095+00:00,4022.76,21,0,0,9.85,0,0,0
2026-09-14T21:53:56.568268+00:00,4649.27,21,0,1,3.02,0,1,0
2026-09-14T21:55:30.064923+00:00,8976.88,21,0,1,3.29,0,0,0
2026-09-14T22:06:35.779980+00:00,446.06,22,0,0,2.63,0,1,0
2026-09-14T22:07:45.654889+00:00,3964.16,22,0,2,0.69,1,1,0
2026-09-14T22:08:04.756845+00:00,19271.27,22,0,1,3.74,0,0,0
2026-09-14T22:09:20.556654+00:00,26308.93,22,0,2,9.82,0,1,1
2026-09-14T22:13:15.929091+00:00,818.24,22,1,1,2.39,0,1,0
2026-09-14T22:16:13.064931+00:00,2303.32,22,0,0,1.63,0,1,0
2026-09-14T22:16:45.275105+00:00,3711.74,22,0,1,13.76,0,1,0
2026-09-14T22:21:35.232888+00:00,969.8,22,1,3,1.01,0,0,0
2026-09-14T22:27:14.446140+00:00,2995.92,22,0,1,3.96,0,0,0
2026-09-14T22:38:32.551604+00:00,1013.08,22,0,0,5.75,0,1,0
2026-09-14T22:40:11.406470+00:00,1358.08,22,0,2,1.94,0,1,0
2026-09-14T22:44:00.892078+00:00,1924.11,22,0,4,3.1,2,1,1
2026-09-14T22:45:07.604032+00:00,2470.56,22,0,0,7.67,0,0,0
2026-09-14T22:49:07.654616+00:00,1969.39,22,0,2,3.6,0,1,0
2026-09-14T22:50:37.509145+00:00,2234.82,22,2,0,5.68,0,0,0
2026-09-14T22:54:42.167183+00:00,1194.91,22,0,0,2.11,0,1,0
2026-09-14T22:58:17.160131+00:00,613.99,22,1,0,6.57,0,0,0
2026-09-14T23:00:26.234742+00:00,215.22,23,0,1,3.42,0,1,0
2026-09-14T23:00:51.189691+00:00,758.01,23,0,3,7.53,2,0,1
2026-09-14T23:01:29.886165+00:00,2850.84,23,1,2,9.11,0,1,0
2026-09-14T23:04:49.058821+00:00,4995.42,23,0,0,3.67,0,0,0
2026-09-14T23:10:59.872958+00:00,653.36,23,1,4,3.54,0,1,0
2026-09-14T23:13:55.980600+00:00,427.72,23,0,1,8.44,0,0,0
2026-09-14T23:15:44.346798+00:00,4487.07,23,1,0,6.42,0,0,0
2026-09-14T23:18:03.218313+00:00,1225.03,23,0,0,5.78,0,0,0
2026-09-14T23:19:08.614602+00:00,9743.78,23,0,1,0.88,0,1,0
2026-09-14T23:21:18.887435+00:00,4069.2,23,0,1,1.85,1,0,0
2026-09-14T23:26:05.306491+00:00,1326.07,23,1,2,1.15,0,1,0
2026-09-14T23:37:42.616225+00:00,1153.91,23,0,1,6.2,0,0,0
2026-09-14T23:45:36.598158+00:00,16862.67,23,3,1,0.92,0,0,1
2026-09-14T23:54:13.132625+00:00,323.85,23,0,2,1.06,0,0,0
2026-09-14T23:57:36.910995+00:00,460.63,23,0,3,6.98,2,0,0
2026-09-14T23:59:08.377692+00:00,678.92,23,0,1,7.49,0,1,0
2026-09-15T00:00:46.196566+00:00,24674.94,0,0,1,2.16,0,1,0
2026-09-15T00:06:30.534983+00:00,2368.01,0,0,1,10.71,0,1,0
2026-09-15T00:21:07.534948+00:00,19094.3,0,0,0,0.31,0,0,0
2026-09-15T00:22:36.484867+00:00,3642.0,0,1,2,0.88,0,1,0
2026-09-15T00:24:38.789168+00:00,1823.55,0,0,0,6.91,0,1,0
2026-09-15T00:36:50.084306+00:00,2348.29,0,0,2,2.21,0,0,0
2026-09-15T00:40:12.176092+00:00,831.03,0,0,0,1.53,0,1,0
2026-09-15T00:46:43.755449+00:00,2627.92,0,2,3,3.19,0,0,0
2026-09-15T00:47:10.394768+00:00,12445.78,0,0,1,10.17,0,0,0
2026-09-15T00:52:57.864484+00:00,304.1,0,0,1,2.89,0,1,0
2026-09-15T00:53:17.836381+00:00,1128.67,0,0,2,1.82,0,1,0
2026-09-15T00:56:15.059249+00:00,950.84,0,1,3,4.81,0,0,0
2026-09-15T00:57:17.654883+00:00,974.4,0,3,2,4.34,0,1,0
2026-09-15T00:57:22.025556+00:00,1583.04,0,2,1,8.07,0,0,0
2026-09-15T00:59:05.548836+00:00,5513.93,0,1,2,15.21,0,1,0
2026-09-15T01:02:41.675877+00:00,25454.13,1,0,0,9.48,0,1,1
2026-09-15T01:05:16.411833+00:00,782.93,1,0,2,7.48,0,0,0
2026-09-15T01:05:22.029013+00:00,2565.48,1,0,0,3.96,3,1,1
2026-09-15T01:13:22.132180+00:00,3301.84,1,0,0,3.28,0,1,0
2026-09-15T01:15:15.002487+00:00,19333.08,1,0,2,2.36,0,1,1
2026-09-15T01:23:23.133833+00:00,1881.75,1,0,2,1.5,1,1,0
2026-09-15T01:29:09.437785+00:00,742.12,1,0,2,2.94,0,0,0
2026-09-15T01:29:12.474799+00:00,17250.5,1,0,1,6.43,0,1,1
2026-09-15T01:34:13.853067+00:00,1701.13,1,0,0,3.62,0,0,0
2026-09-15T01:35:57.514814+00:00,5139.99,1,0,1,2.71,0,0,0
2026-09-15T01:38:58.523862+00:00,21474.81,1,1,1,4.14,0,1,1
2026-09-15T01:42:20.787480+00:00,520.38,1,0,0,2.51,0,1,1
2026-09-15T01:53:20.698885+00:00,356.59,1,2,0,4.16,0,1,1
2026-09-15T02:04:24.016950+00:00,25830.29,2,0,3,3.23,0,1,1
2026-09-15T02:13:39.426731+00:00,21771.63,2,0,0,5.85,0,0,1
2026-09-15T02:19:11.292858+00:00,6301.69,2,0,1,3.14,0,0,0
2026-09-15T02:23:00.880341+00:00,251.71,2,0,0,7.8,0,1,0
2026-09-15T02:25:19.326522+00:00,2452.44,2,1,1,2.35,0,1,0
2026-09-15T02:27:31.066620+00:00,2540.91,2,0,1,4.54,0,0,0
2026-09-15T02:29:09.342415+00:00,6367.65,2,1,1,18.46,0,0,0
2026-09-15T02:36:59.258673+00:00,388.67,2,0,0,4.74,0,1,1
2026-09-15T02:39:08.692877+00:00,940.07,2,0,1,0.44,0,0,0
2026-09-15T02:43:29.976176+00:00,1729.7,2,0,1,3.52,0,1,1
2026-09-15T02:46:25.860444+00:00,6487.95,2,0,2,2.02,0,0,0
2026-09-15T02:46:55.694842+00:00,9003.91,2,0,0,6.04,0,0,0
2026-09-15T02:46:57.921589+00:00,15814.43,2,0,2,5.09,1,0,1
2026-09-15T02:50:14.846291+00:00,23949.98,2,1,2,2.4,2,0,1
2026-09-15T02:52:17.913771+00:00,18746.79,2,0,0,6.47,0,0,1
2026-09-15T02:52:44.180962+00:00,19158.27,2,0,2,4.21,0,0,1
2026-09-15T02:53:39.889655+00:00,571.06,2,1,0,0.88,0,0,0
2026-09-15T02:54:47.682951+00:00,18904.69,2,0,1,2.98,0,0,1
2026-09-15T02:57:14.303535+00:00,5728.72,2,0,1,13.22,0,0,0
2026-09-15T02:59:00.701168+00:00,7201.5,2,0,0,2.54,0,0,0
2026-09-15T03:00:53.700872+00:00,15436.38,3,1,1,2.54,0,0,1
2026-09-15T03:06:22.040680+00:00,3153.44,3,0,0,8.02,0,0,0
2026-09-15T03:08:25.879634+00:00,25351.99,3,0,3,0.17,1,0,1
2026-09-15T03:10:06.055653+00:00,19075.63,3,3,0,3.69,0,0,1
2026-09-15T03:10:18.407437+00:00,409.78,3,1,1,3.68,0,0,0
2026-09-15T03:10:50.663014+00:00,2018.87,3,0,1,6.25,0,0,0
2026-09-15T03:14:32.336757+00:00,1568.08,3,1,2,2.16,0,1,0
2026-09-15T03:25:01.896662+00:00,2818.21,3,0,0,3.4,0,1,0
2026-09-15T03:27:00.128207+00:00,1907.76,3,0,2,4.6,0,0,0
2026-09-15T03:32:30.099873+00:00,115.99,3,0,2,5.7,0,0,0
2026-09-15T03:44:26.199211+00:00,28000.0,3,0,0,2.72,0,0,1
2026-09-15T03:56:28.202631+00:00,2569.62,3,0,1,12.61,1,0,0
2026-09-15T03:58:30.644836+00:00,18798.73,3,0,3,0.25,1,0,1
2026-09-15T04:02:26.824756+00:00,9956.4,4,0,1,2.32,0,0,0
2026-09-15T04:12:32.628903+00:00,14488.8,4,1,1,3.67,0,0,0
2026-09-15T04:13:57.309724+00:00,731.3,4,0,1,4.57,0,0,0
2026-09-15T04:20:23.401724+00:00,5341.08,4,0,0,9.2,0,0,0
2026-09-15T04:28:41.408831+00:00,15490.27,4,0,0,6.05,0,0,1
2026-09-15T04:36:55.570703+00:00,5197.86,4,0,3,1.43,0,0,1
2026-09-15T04:40:07.593946+00:00,1073.8,4,4,2,5.1,3,1,1
2026-09-15T04:40:11.941832+00:00,13946.66,4,0,2,9.6,0,1,0
2026-09-15T04:44:46.376078+00:00,2388.86,4,0,0,4.01,0,1,0
2026-09-15T04:49:03.679287+00:00,15700.66,4,3,0,9.36,0,1,1
2026-09-15T04:54:24.268388+00:00,4598.18,4,0,0,0.33,0,0,0
2026-09-15T04:56:33.662309+00:00,3339.97,4,0,2,6.29,0,0,0
2026-09-15T04:57:16.309637+00:00,8289.78,4,0,0,8.27,0,0,0
2026-09-15T05:00:42.603778+00:00,4948.97,5,0,1,2.83,0,0,0
2026-09-15T05:02:03.313819+00:00,15805.89,5,0,0,0.8,1,0,0
2026-09-15T05:06:26.797640+00:00,5212.73,5,0,2,7.28,0,0,0
2026-09-15T05:06:55.776133+00:00,3344.76,5,0,0,1.41,1,1,0
2026-09-15T05:16:07.550128+00:00,3597.57,5,1,4,2.66,0,0,0
2026-09-15T05:17:34.848351+00:00,20733.75,5,0,2,7.56,1,0,1
2026-09-15T05:18:35.461113+00:00,2789.29,5,0,1,5.26,0,0,0
2026-09-15T05:18:48.490664+00:00,2067.57,5,0,0,22.47,0,0,0
2026-09-15T05:19:33.687055+00:00,3299.56,5,0,0,3.79,0,0,0
2026-09-15T05:20:23.786739+00:00,1192.04,5,0,1,4.79,0,1,0
2026-09-15T05:23:47.068150+00:00,705.19,5,1,0,7.24,1,0,0
2026-09-15T05:28:58.770782+00:00,3127.66,5,0,2,1.41,0,0,0
2026-09-15T05:31:23.661903+00:00,912.4,5,0,2,3.45,0,1,0
2026-09-15T05:31:44.477210+00:00,15013.96,5,0,1,1.19,0,0,0
2026-09-15T05:37:26.256920+00:00,61.77,5,0,1,0.9,0,0,0
2026-09-15T05:42:53.751462+00:00,3059.39,5,1,1,8.48,0,0,0
2026-09-15T05:44:42.144634+00:00,1498.88,5,1,0,4.1,0,0,0
2026-09-15T05:48:13.807245+00:00,23409.24,5,0,1,4.29,0,1,0
2026-09-15T05:49:24.292423+00:00,1564.91,5,1,5,5.54,0,0,0
2026-09-15T05:56:42.397443+00:00,21738.25,5,0,1,1.73,0,0,0
2026-09-15T05:58:53.562570+00:00,1732.65,5,0,1,7.21,0,1,0
2026-09-15T05:59:50.099686+00:00,3424.69,5,1,2,5.28,0,0,0
2026-09-15T06:01:59.261534+00:00,1468.87,6,0,5,5.72,0,0,0
2026-09-15T06:04:56.335349+00:00,26293.84,6,0,0,1.81,0,0,0
2026-09-15T06:09:47.824169+00:00,8863.75,6,0,0,4.73,1,1,0
2026-09-15T06:10:06.345676+00:00,6088.99,6,0,1,6.56,1,1,0
2026-09-15T06:12:06.734681+00:00,8154.37,6,0,1,3.01,0,0,0
2026-09-15T06:13:10.659196+00:00,1968.08,6,1,0,3.67,0,1,0
2026-09-15T06:19:47.019353+00:00,17961.19,6,0,1,3.59,0,1,1
2026-09-15T06:23:26.896759+00:00,4396.49,6,0,0,2.77,0,1,0
2026-09-15T06:31:37.370627+00:00,23624.12,6,0,1,5.01,0,0,1
2026-09-15T06:35:58.899189+00:00,7143.08,6,0,2,3.62,0,0,0
2026-09-15T06:37:28.698549+00:00,4091.83,6,1,0,2.82,1,0,0
2026-09-15T06:37:54.750933+00:00,28000.0,6,1,1,12.62,0,0,1
2026-09-15T06:45:04.945441+00:00,1431.16,6,2,2,3.76,0,0,0
2026-09-15T06:48:44.450241+00:00,5787.19,6,0,0,1.4,0,0,0
2026-09-15T06:50:03.931286+00:00,3887.58,6,3,1,4.74,0,1,1
2026-09-15T06:50:27.254974+00:00,3822.13,6,0,0,4.57,0,1,0
2026-09-15T06:52:37.187061+00:00,1321.7,6,0,1,4.95,0,0,0
2026-09-15T06:53:05.545412+00:00,4987.74,6,1,2,12.76,0,0,0
2026-09-15T06:55:45.354896+00:00,7440.33,6,0,0,0.38,0,0,0
2026-09-15T06:56:52.547895+00:00,849.13,6,0,0,6.83,0,1,0
2026-09-15T07:00:12.059280+00:00,3202.9,7,1,1,2.23,0,1,0
2026-09-15T07:01:38.826660+00:00,17000.47,7,1,1,3.5,1,1,1
2026-09-15T07:02:31.987426+00:00,28000.0,7,0,1,1.23,0,1,1
2026-09-15T07:08:16.842380+00:00,2145.39,7,1,2,7.34,0,1,0
2026-09-15T07:11:48.173187+00:00,889.39,7,1,2,3.78,0,1,0
2026-09-15T07:19:12.042982+00:00,1599.32,7,1,1,5.31,0,0,0
2026-09-15T07:20:35.928670+00:00,3454.72,7,0,1,9.66,2,1,1
2026-09-15T07:21:48.466742+00:00,313.25,7,0,4,1.59,0,1,0
2026-09-15T07:25:22.623215+00:00,3021.08,7,1,0,5.24,0,0,0
2026-09-15T07:31:28.558487+00:00,8626.12,7,0,1,16.36,0,0,0
2026-09-15T07:35:07.368968+00:00,6138.53,7,0,1,8.82,0,0,0
2026-09-15T07:41:18.356298+00:00,284.23,7,0,1,1.7,1,0,0
2026-09-15T07:44:59.486797+00:00,16121.29,7,0,1,10.56,0,0,0
2026-09-15T07:45:09.042749+00:00,19655.9,7,4,3,4.18,0,1,1
2026-09-15T07:45:21.570584+00:00,18319.08,7,0,1,12.19,0,0,0
2026-09-15T07:47:15.737677+00:00,21041.05,7,0,0,7.96,1,1,1
2026-09-15T07:53:35.548324+00:00,16073.96,7,1,1,3.4,2,1,1
2026-09-15T08:00:35.942962+00:00,26332.19,8,0,1,7.94,0,0,0
2026-09-15T08:00:56.862117+00:00,130.01,8,0,1,0.99,0,1,0
2026-09-15T08:06:36.527978+00:00,909.47,8,0,3,1.84,1,0,0
2026-09-15T08:07:30.293638+00:00,4591.05,8,0,1,7.37,0,1,0
2026-09-15T08:10:58.855963+00:00,2882.9,8,2,0,1.26,0,1,0
2026-09-15T08:11:25.037554+00:00,4945.25,8,0,0,3.47,0,0,0
2026-09-15T08:14:16.762525+00:00,4447.24,8,0,3,5.36,0,0,0
2026-09-15T08:26:56.632185+00:00,226.16,8,2,4,5.66,0,0,1
2026-09-15T08:33:34.892074+00:00,7197.19,8,0,1,8.99,0,0,0
2026-09-15T08:34:02.471857+00:00,884.06,8,0,2,2.59,0,1,0
2026-09-15T08:37:25.088623+00:00,2639.44,8,0,3,8.17,0,0,0
2026-09-15T08:41:44.046603+00:00,3367.63,8,3,0,7.51,0,1,0
2026-09-15T08:48:06.483068+00:00,650.97,8,0,0,2.48,0,1,0
2026-09-15T08:51:01.296476+00:00,12026.03,8,0,1,0.66,0,0,0
2026-09-15T08:52:14.780855+00:00,2203.15,8,0,0,2.98,0,1,0
2026-09-15T08:57:35.671626+00:00,15815.21,8,0,1,2.49,0,1,1
2026-09-15T08:58:11.315719+00:00,8920.12,8,2,2,1.45,0,0,0
2026-09-15T08:59:18.622340+00:00,2884.12,8,0,2,4.47,0,0,0
2026-09-15T09:06:55.162129+00:00,3904.12,9,0,0,16.29,0,0,0
2026-09-15T09:08:11.109300+00:00,2443.39,9,0,4,4.58,0,0,0
2026-09-15T09:10:02.697297+00:00,5820.71,9,1,2,14.24,0,0,0
2026-09-15T09:13:12.506450+00:00,167.82,9,1,0,18.52,0,1,0
2026-09-15T09:14:13.887383+00:00,18382.27,9,0,0,2.32,0,1,0
2026-09-15T09:16:03.858281+00:00,2089.49,9,0,1,2.72,0,0,0
2026-09-15T09:16:06.484645+00:00,315.03,9,2,3,7.94,0,0,0
2026-09-15T09:16:48.912199+00:00,3976.35,9,1,2,3.71,2,1,0
2026-09-15T09:19:36.297986+00:00,1661.02,9,0,3,1.8,0,0,0
2026-09-15T09:20:39.800347+00:00,1078.79,9,0,0,4.42,0,0,0
2026-09-15T09:22:55.161234+00:00,70.83,9,1,3,6.71,0,1,0
2026-09-15T09:23:01.157112+00:00,4131.55,9,0,1,8.03,1,0,0
2026-09-15T09:25:02.068236+00:00,5802.78,9,0,2,6.14,0,0,0
2026-09-15T09:31:32.893824+00:00,1668.3,9,3,1,5.29,0,0,0
2026-09-15T09:37:14.916271+00:00,2717.96,9,2,0,3.81,1,1,0
2026-09-15T09:38:26.794532+00:00,886.77,9,1,3,2.13,0,0,0
2026-09-15T09:41:14.145110+00:00,3174.83,9,0,1,10.73,0,1,0
2026-09-15T09:42:29.287114+00:00,99.08,9,3,0,3.0,0,0,0
2026-09-15T09:44:07.641228+00:00,2206.2,9,0,1,3.79,0,0,0
2026-09-15T09:44:10.797660+00:00,3366.89,9,0,0,7.48,1,0,0
2026-09-15T09:45:19.466771+00:00,8070.81,9,0,0,2.22,0,0,0
2026-09-15T09:48:32.596765+00:00,1596.62,9,1,1,13.76,0,1,0
2026-09-15T09:52:24.898826+00:00,4696.73,9,0,0,4.33,0,1,0
2026-09-15T09:52:57.763378+00:00,2973.68,9,1,1,2.34,0,0,0
2026-09-15T09:56:01.418220+00:00,25115.75,9,1,2,5.6,0,0,0
2026-09-15T09:58:39.703798+00:00,20951.28,9,0,1,6.72,1,0,0
2026-09-15T10:01:11.653625+00:00,1289.87,10,1,0,3.36,0,0,0
2026-09-15T10:05:08.381541+00:00,7041.2,10,2,2,4.07,0,1,0
2026-09-15T10:07:15.309872+00:00,221.59,10,0,0,5.0,0,1,0
2026-09-15T10:09:22.401891+00:00,14017.95,10,0,5,4.17,0,0,0
2026-09-15T10:13:23.356294+00:00,335.2,10,0,4,1.03,1,0,0
2026-09-15T10:16:13.146641+00:00,5987.07,10,0,2,1.6,0,1,0
2026-09-15T10:21:24.436817+00:00,94.13,10,0,0,4.34,0,1,0
2026-09-15T10:26:33.197396+00:00,6389.66,10,0,0,1.94,0,0,0
2026-09-15T10:30:04.889532+00:00,1980.46,10,2,2,9.32,3,0,1
2026-09-15T10:36:46.976458+00:00,72.91,10,3,0,15.1,1,0,0
2026-09-15T10:43:22.105316+00:00,1703.43,10,0,2,6.47,0,1,0
2026-09-15T10:47:26.846496+00:00,721.69,10,0,3,0.91,4,1,0
2026-09-15T10:53:54.481767+00:00,3193.54,10,0,1,0.26,0,1,0
2026-09-15T11:12:42.062642+00:00,3699.78,11,0,2,2.63,0,1,0
2026-09-15T11:15:18.038419+00:00,2199.23,11,0,3,5.62,0,0,0
2026-09-15T11:15:53.003057+00:00,18209.34,11,0,0,7.38,0,0,1
2026-09-15T11:18:02.216622+00:00,3475.96,11,0,0,0.87,0,1,0
2026-09-15T11:19:11.783907+00:00,25050.63,11,0,0,4.14,0,1,0
2026-09-15T11:23:51.815677+00:00,4137.2,11,1,2,1.27,0,1,0
2026-09-15T11:24:25.316094+00:00,5729.47,11,0,3,0.38,0,1,0
2026-09-15T11:26:18.847881+00:00,776.1,11,0,1,4.91,1,1,0
2026-09-15T11:34:29.167801+00:00,7091.09,11,0,0,4.5,1,0,0
2026-09-15T11:39:47.378911+00:00,1304.46,11,0,0,5.81,0,1,0
2026-09-15T11:41:45.449228+00:00,103.19,11,0,1,4.28,0,1,0
2026-09-15T11:43:23.802471+00:00,5992.82,11,0,1,0.59,1,1,0
2026-09-15T11:45:54.462931+00:00,9161.55,11,0,0,5.57,0,0,0
2026-09-15T11:59:18.228296+00:00,20247.82,11,0,0,3.01,0,1,0
2026-09-15T12:00:09.748249+00:00,902.34,12,0,2,2.66,0,1,0
2026-09-15T12:01:49.151184+00:00,988.03,12,0,0,3.37,0,0,0
2026-09-15T12:12:43.668668+00:00,2071.1,12,0,1,0.34,0,0,0
2026-09-15T12:15:54.301506+00:00,7359.61,12,0,2,7.01,0,0,0
2026-09-15T12:22:26.457094+00:00,578.55,12,0,1,3.83,0,0,0
2026-09-15T12:32:01.511395+00:00,5655.36,12,0,0,9.04,0,0,0
2026-09-15T12:34:18.172218+00:00,1161.85,12,1,5,6.92,0,1,0
2026-09-15T12:34:26.987925+00:00,5350.62,12,1,1,2.62,0,0,0
2026-09-15T12:36:31.019511+00:00,8153.2,12,1,0,12.05,0,1,0
2026-09-15T12:37:21.302270+00:00,1844.74,12,0,1,9.24,0,0,0
2026-09-15T12:39:20.941923+00:00,15355.81,12,0,0,2.3,0,1,0
2026-09-15T12:44:11.385492+00:00,5245.94,12,0,1,3.59,0,1,0
2026-09-15T12:50:04.841205+00:00,2472.55,12,1,0,6.89,0,0,0
2026-09-15T12:55:21.532871+00:00,3750.99,12,1,0,2.01,0,1,0
2026-09-15T13:01:38.973898+00:00,3180.18,13,0,5,2.56,0,0,0
2026-09-15T13:08:50.111059+00:00,590.95,13,0,2,0.65,0,0,0
2026-09-15T13:15:23.961020+00:00,6021.53,13,0,1,0.98,0,0,0
2026-09-15T13:15:42.266040+00:00,757.2,13,0,0,1.39,0,0,0
2026-09-15T13:18:49.988792+00:00,8675.7,13,2,0,3.96,0,1,1
2026-09-15T13:22:51.237483+00:00,983.02,13,0,2,7.59,2,0,0
2026-09-15T13:30:04.013508+00:00,4296.2,13,0,1,2.15,1,0,0
2026-09-15T13:30:12.911185+00:00,1131.97,13,1,1,6.64,0,1,0
2026-09-15T13:32:01.163391+00:00,16242.16,13,0,2,2.08,0,0,0
2026-09-15T13:34:32.110819+00:00,1247.41,13,0,2,5.45,0,1,0
2026-09-15T13:38:42.988490+00:00,4469.28,13,0,2,3.15,1,0,0
2026-09-15T13:42:16.279544+00:00,21101.44,13,0,1,1.1,0,0,0
2026-09-15T13:47:23.031237+00:00,6924.56,13,0,1,6.99,0,1,0
2026-09-15T13:52:34.880482+00:00,1235.24,13,0,3,7.02,0,0,0
2026-09-15T13:52:56.029762+00:00,3828.42,13,0,1,0.27,0,1,0
2026-09-15T13:58:25.192430+00:00,24697.61,13,0,2,4.7,0,0,1
2026-09-15T13:58:52.660537+00:00,585.65,13,0,0,5.1,0,0,0
2026-09-15T14:00:22.775664+00:00,1697.79,14,1,0,4.3,1,1,0
2026-09-15T14:02:26.247241+00:00,2169.95,14,0,0,2.68,0,0,0
2026-09-15T14:06:17.316071+00:00,1466.63,14,0,2,1.4,0,1,0
2026-09-15T14:11:04.796415+00:00,1304.08,14,0,1,3.98,0,0,0
2026-09-15T14:13:17.601734+00:00,3771.04,14,0,0,0.25,0,1,0
2026-09-15T14:14:31.940047+00:00,838.16,14,0,0,1.6,2,0,0
2026-09-15T14:16:19.013795+00:00,4014.48,14,1,2,4.97,0,1,0
2026-09-15T14:18:16.305057+00:00,8808.95,14,0,3,7.76,0,1,0
2026-09-15T14:19:18.863698+00:00,19098.03,14,0,0,10.15,0,0,0
2026-09-15T14:27:21.325450+00:00,3084.94,14,0,3,1.22,0,1,0
2026-09-15T14:28:24.941353+00:00,288.56,14,1,1,1.95,0,1,0
2026-09-15T14:36:44.520577+00:00,6455.56,14,3,0,5.96,0,1,1
2026-09-15T14:38:38.298915+00:00,18618.81,14,0,1,7.1,1,0,0
2026-09-15T14:42:44.133762+00:00,3114.86,14,0,1,12.02,0,0,0
2026-09-15T14:44:19.953726+00:00,12439.48,14,0,1,5.84,0,1,0
2026-09-15T14:51:45.761166+00:00,17783.43,14,1,1,4.66,0,0,0
2026-09-15T14:53:02.928837+00:00,4187.77,14,0,0,4.38,1,0,0
2026-09-15T14:55:47.730332+00:00,18243.67,14,0,1,1.49,4,0,1
2026-09-15T14:56:16.750764+00:00,259.25,14,0,1,0.64,0,1,0
2026-09-15T14:56:35.756838+00:00,5172.02,14,0,2,5.78,0,0,0
2026-09-15T15:00:48.964729+00:00,174.0,15,0,2,5.43,0,0,0
2026-09-15T15:07:24.250229+00:00,3919.74,15,0,0,0.61,1,1,0
2026-09-15T15:13:25.253721+00:00,134.2,15,1,2,1.59,0,1,0
2026-09-15T15:19:43.881775+00:00,6404.69,15,0,1,12.69,0,1,0
2026-09-15T15:20:00.257012+00:00,608.94,15,0,1,0.91,0,0,0
2026-09-15T15:20:45.155626+00:00,2370.74,15,0,2,0.75,0,0,0
2026-09-15T15:22:41.271237+00:00,2969.42,15,0,1,1.02,0,0,0
2026-09-15T15:23:05.646032+00:00,2017.28,15,0,0,5.0,2,0,0
2026-09-15T15:28:09.151147+00:00,1393.35,15,1,2,5.2,0,0,0
2026-09-15T15:32:23.417324+00:00,2078.44,15,0,0,9.58,1,0,0
2026-09-15T15:54:48.526477+00:00,1253.98,15,1,1,5.86,0,0,0
2026-09-15T15:55:19.953194+00:00,17599.03,15,0,1,2.25,0,1,0
2026-09-15T15:59:42.176951+00:00,1482.69,15,0,1,0.43,0,0,0
2026-09-15T16:02:26.651516+00:00,20976.79,16,0,1,3.66,0,0,0
2026-09-15T16:04:25.989806+00:00,929.47,16,1,0,12.37,0,0,0
2026-09-15T16:16:02.500454+00:00,14393.17,16,0,2,2.2,0,0,0
2026-09-15T16:30:13.307422+00:00,2283.64,16,0,1,5.92,0,0,0
2026-09-15T16:33:41.047109+00:00,750.79,16,0,0,2.49,0,0,0
2026-09-15T16:37:33.801492+00:00,2134.56,16,0,0,5.49,0,1,0
2026-09-15T16:38:10.597959+00:00,6501.66,16,0,3,4.42,0,0,0
2026-09-15T16:47:50.352276+00:00,130.55,16,0,0,5.41,0,1,0
2026-09-15T16:49:04.614449+00:00,3701.73,16,0,3,2.19,0,0,0
2026-09-15T16:49:06.624299+00:00,2600.81,16,0,0,2.08,0,0,0
2026-09-15T16:54:52.275714+00:00,654.55,16,0,1,1.36,0,1,0
2026-09-15T17:02:01.914050+00:00,26380.39,17,1,1,3.21,0,0,0
2026-09-15T17:02:33.490399+00:00,1532.85,17,0,0,5.36,0,0,0
2026-09-15T17:03:25.914509+00:00,1173.15,17,0,0,4.48,0,1,0
2026-09-15T17:13:02.029878+00:00,5695.16,17,1,0,2.92,0,0,0
2026-09-15T17:14:40.542692+00:00,3316.2,17,0,0,5.58,0,1,0
2026-09-15T17:16:59.009482+00:00,26879.47,17,0,0,6.0,0,0,0
2026-09-15T17:17:48.793172+00:00,3240.6,17,0,0,7.02,0,1,0
2026-09-15T17:19:28.687883+00:00,4380.72,17,0,0,2.59,0,1,0
2026-09-15T17:20:55.920695+00:00,5853.96,17,0,0,2.79,0,1,0
2026-09-15T17:26:22.698081+00:00,240.14,17,0,1,9.31,0,0,0
2026-09-15T17:26:25.865089+00:00,4848.25,17,0,1,8.32,0,1,0
2026-09-15T17:31:36.338510+00:00,3103.7,17,0,0,6.74,0,1,0
2026-09-15T17:33:57.717915+00:00,290.53,17,4,1,0.96,2,1,1
2026-09-15T17:35:57.914977+00:00,16870.76,17,0,1,3.42,0,1,1
2026-09-15T17:35:59.499004+00:00,335.38,17,1,1,7.81,2,0,0
2026-09-15T17:39:29.368001+00:00,4321.14,17,0,3,7.02,0,0,0
2026-09-15T17:39:41.080267+00:00,2590.44,17,0,0,4.33,0,0,0
2026-09-15T17:41:40.929968+00:00,9883.63,17,0,1,4.13,3,0,1
2026-09-15T17:42:46.328547+00:00,707.3,17,0,1,1.74,1,0,0
2026-09-15T17:48:05.750332+00:00,20662.19,17,0,0,1.44,0,0,0
2026-09-15T17:54:43.006525+00:00,14352.02,17,1,1,1.9,0,0,0
2026-09-15T17:57:57.382676+00:00,3106.68,17,0,1,1.82,0,0,0
2026-09-15T17:59:56.169732+00:00,4163.92,17,0,2,3.01,0,1,0
2026-09-15T18:01:48.756990+00:00,4159.93,18,0,2,7.3,0,0,0
2026-09-15T18:03:18.772337+00:00,5460.96,18,0,2,1.13,1,1,0
2026-09-15T18:04:12.755218+00:00,6207.43,18,0,1,1.19,0,0,0
2026-09-15T18:14:34.023443+00:00,317.35,18,0,2,3.57,0,1,0
2026-09-15T18:15:30.278141+00:00,1405.53,18,0,1,9.5,3,0,0
2026-09-15T18:20:36.124599+00:00,3778.22,18,0,3,1.92,3,1,1
2026-09-15T18:20:39.579320+00:00,2269.04,18,0,2,3.34,0,1,0
2026-09-15T18:28:41.858142+00:00,736.98,18,4,0,5.4,1,1,0
2026-09-15T18:29:34.292579+00:00,2634.55,18,0,0,3.06,0,0,0
2026-09-15T18:36:58.193813+00:00,1734.55,18,0,1,4.75,0,1,0
2026-09-15T18:41:16.939979+00:00,16617.27,18,0,2,6.38,1,1,1
2026-09-15T18:41:54.019454+00:00,5370.19,18,0,2,6.43,0,0,0
2026-09-15T18:44:30.336986+00:00,1735.43,18,1,0,1.53,0,1,0
2026-09-15T18:44:52.726884+00:00,145.79,18,0,0,3.64,0,0,0
2026-09-15T18:45:38.818991+00:00,251.42,18,0,1,1.45,0,1,0
2026-09-15T18:46:27.297745+00:00,6266.84,18,0,1,5.57,0,0,0
2026-09-15T18:49:35.576350+00:00,10408.83,18,0,3,9.73,0,1,0
2026-09-15T18:52:42.720351+00:00,3791.41,18,0,1,3.54,0,0,0
2026-09-15T18:53:01.026663+00:00,1510.04,18,1,0,6.15,0,0,0
2026-09-15T18:55:15.988038+00:00,8989.12,18,0,1,4.03,0,0,0
2026-09-15T18:57:24.381427+00:00,17916.42,18,0,2,3.84,0,0,0
2026-09-15T19:02:39.386305+00:00,6012.13,19,1,1,0.82,0,0,0
2026-09-15T19:13:19.025268+00:00,4705.77,19,0,3,8.88,0,1,0
2026-09-15T19:15:40.524514+00:00,17269.64,19,0,2,5.5,0,1,1
2026-09-15T19:15:49.995884+00:00,2144.59,19,3,3,3.74,0,0,0
2026-09-15T19:16:09.680840+00:00,719.06,19,0,0,4.77,0,1,0
2026-09-15T19:24:58.828199+00:00,1165.06,19,2,1,3.29,0,0,0
2026-09-15T19:25:05.688559+00:00,4878.06,19,0,3,2.47,0,0,0
2026-09-15T19:26:29.643911+00:00,7241.16,19,0,0,8.0,0,0,0
2026-09-15T19:27:40.774841+00:00,4184.88,19,0,0,2.54,0,0,0
2026-09-15T19:36:02.247450+00:00,20493.11,19,0,0,5.09,0,0,0
2026-09-15T19:45:45.746623+00:00,349.54,19,0,1,1.25,0,0,0
2026-09-15T19:47:18.409159+00:00,247.63,19,0,1,4.27,0,1,0
2026-09-15T19:48:29.518334+00:00,1560.56,19,3,0,12.49,1,0,0
2026-09-15T19:53:30.794745+00:00,19049.67,19,1,0,1.52,0,0,1
2026-09-15T19:56:45.114277+00:00,3065.94,19,0,3,2.78,0,1,0
2026-09-15T19:59:00.099800+00:00,80.83,19,0,1,4.73,0,1,0
2026-09-15T20:00:21.769219+00:00,14709.08,20,0,1,3.43,0,1,0
2026-09-15T20:08:13.019529+00:00,1507.87,20,0,2,1.33,0,1,0
2026-09-15T20:09:25.386620+00:00,6090.39,20,1,0,5.8,0,0,0
2026-09-15T20:09:49.213423+00:00,22973.34,20,0,0,17.9,0,0,0
2026-09-15T20:10:04.002520+00:00,507.26,20,0,0,1.53,0,1,0
2026-09-15T20:12:17.801577+00:00,5171.49,20,0,0,7.9,0,1,0
2026-09-15T20:16:56.799920+00:00,4019.29,20,0,1,6.62,0,1,0
2026-09-15T20:20:42.592662+00:00,2458.66,20,0,2,0.68,0,0,0
2026-09-15T20:23:13.819014+00:00,2372.59,20,0,0,4.93,0,1,0
2026-09-15T20:26:53.723131+00:00,352.94,20,0,2,8.45,0,0,0
2026-09-15T20:33:10.286473+00:00,3473.36,20,0,1,1.1,0,0,0
2026-09-15T20:34:11.118576+00:00,7810.01,20,0,1,2.11,0,1,0
2026-09-15T20:44:22.674358+00:00,373.23,20,1,1,5.08,0,0,0
2026-09-15T20:46:53.371471+00:00,1038.76,20,0,3,3.78,0,0,0
2026-09-15T20:57:10.644224+00:00,7502.99,20,0,1,7.53,0,0,0
2026-09-15T21:05:43.674362+00:00,1130.58,21,0,1,1.61,2,0,0
2026-09-15T21:06:43.031324+00:00,3455.69,21,0,0,3.36,0,1,0
2026-09-15T21:12:41.929067+00:00,2509.05,21,1,0,7.16,0,0,0
2026-09-15T21:17:03.453013+00:00,2962.89,21,1,1,3.25,0,1,0
2026-09-15T21:22:48.158792+00:00,1779.98,21,2,1,4.15,0,0,0
2026-09-15T21:36:36.563975+00:00,1201.32,21,2,0,0.75,0,0,0
2026-09-15T21:37:46.194379+00:00,219.2,21,1,0,1.08,1,0,0
2026-09-15T21:38:01.284017+00:00,4423.76,21,0,1,5.59,0,1,0
2026-09-15T21:39:53.730311+00:00,19148.52,21,0,3,6.72,0,1,1
2026-09-15T21:40:48.745381+00:00,3614.77,21,0,1,5.75,0,0,0
2026-09-15T21:43:43.253419+00:00,3361.75,21,3,1,6.98,0,0,0
2026-09-15T21:48:02.040400+00:00,953.89,21,0,1,4.0,0,0,0
2026-09-15T21:50:27.230392+00:00,132.31,21,0,1,9.3,0,0,0
2026-09-15T21:53:02.339364+00:00,5352.78,21,2,1,2.11,1,0,0
2026-09-15T21:56:44.756639+00:00,2221.85,21,0,2,0.41,2,1,1
2026-09-15T22:05:35.075502+00:00,1232.77,22,0,1,2.78,0,0,0
2026-09-15T22:07:29.114330+00:00,404.03,22,1,1,9.27,0,1,0
2026-09-15T22:17:34.281627+00:00,16180.95,22,1,1,4.62,3,0,1
2026-09-15T22:20:45.005981+00:00,1432.93,22,1,2,2.59,0,0,0
2026-09-15T22:22:04.648492+00:00,20925.73,22,1,2,4.27,0,1,0
2026-09-15T22:23:51.480286+00:00,8091.68,22,0,2,5.21,0,0,0
2026-09-15T22:27:52.374812+00:00,7325.97,22,0,1,2.93,0,0,0
2026-09-15T22:37:47.542106+00:00,8142.37,22,0,1,5.6,0,0,0
2026-09-15T22:39:37.365778+00:00,7685.55,22,1,0,10.0,0,0,0
2026-09-15T22:46:50.071753+00:00,17344.94,22,0,1,9.47,3,0,1
2026-09-15T23:00:54.269461+00:00,852.68,23,0,4,7.29,0,1,0
2026-09-15T23:03:37.672865+00:00,5179.1,23,0,1,11.26,0,0,0
2026-09-15T23:07:51.271767+00:00,829.39,23,0,1,1.33,0,1,0
2026-09-15T23:09:47.420999+00:00,1054.86,23,0,1,5.05,0,0,0
2026-09-15T23:11:21.391735+00:00,909.92,23,1,0,2.2,0,0,0
2026-09-15T23:15:38.382379+00:00,2375.42,23,0,1,3.25,1,0,0
2026-09-15T23:20:05.412958+00:00,1302.73,23,0,3,11.34,3,0,1
2026-09-15T23:23:44.616049+00:00,595.75,23,0,0,7.46,1,1,0
2026-09-15T23:34:07.595853+00:00,1991.6,23,0,1,1.45,0,1,0
2026-09-15T23:37:52.135862+00:00,6686.36,23,0,1,10.97,0,0,0
2026-09-15T23:39:26.281048+00:00,23710.19,23,0,1,6.63,0,0,0
2026-09-15T23:40:38.214586+00:00,6800.76,23,2,1,8.12,0,0,0
2026-09-15T23:51:37.313671+00:00,757.59,23,1,0,3.57,0,0,0
2026-09-15T23:57:06.880868+00:00,644.61,23,1,3,5.28,0,0,0
2026-09-15T23:57:50.601357+00:00,2802.48,23,0,1,1.32,0,0,0
2026-09-16T00:04:28.827953+00:00,2051.58,0,1,0,3.09,0,1,0
2026-09-16T00:05:45.309362+00:00,3513.82,0,1,0,9.1,0,1,0
2026-09-16T00:08:01.303367+00:00,5125.36,0,2,0,2.56,0,0,0
2026-09-16T00:13:01.634419+00:00,20610.72,0,0,2,2.28,0,0,0
2026-09-16T00:17:56.856628+00:00,9185.84,0,0,1,5.41,0,0,0
2026-09-16T00:22:40.866864+00:00,1685.36,0,0,0,4.17,0,1,0
2026-09-16T00:25:37.518222+00:00,799.71,0,1,0,2.89,0,1,0
2026-09-16T00:33:28.313196+00:00,2621.72,0,0,2,2.64,0,0,0
2026-09-16T00:33:56.782490+00:00,435.58,0,0,1,3.42,1,0,0
2026-09-16T00:40:08.215845+00:00,1150.8,0,0,0,0.42,1,0,0
2026-09-16T00:53:26.699960+00:00,805.77,0,1,2,1.84,0,0,0
2026-09-16T00:56:03.588876+00:00,1676.37,0,1,0,6.79,0,0,0
2026-09-16T00:56:31.413335+00:00,437.29,0,0,1,5.14,0,0,0
2026-09-16T01:00:56.449181+00:00,163.55,1,0,2,4.0,0,0,0
2026-09-16T01:01:11.172924+00:00,3482.16,1,0,2,1.63,0,1,0
2026-09-16T01:05:10.990165+00:00,3075.19,1,0,1,4.49,0,0,0
2026-09-16T01:06:57.154645+00:00,4003.14,1,1,2,4.96,0,1,0
2026-09-16T01:07:40.127663+00:00,3515.83,1,1,2,2.64,1,1,1
2026-09-16T01:11:45.528953+00:00,448.39,1,0,0,0.78,0,0,0
2026-09-16T01:15:10.265221+00:00,1160.84,1,0,0,4.78,0,0,0
2026-09-16T01:17:26.000846+00:00,21027.97,1,0,1,2.29,0,0,1
2026-09-16T01:18:11.831148+00:00,5984.27,1,0,2,3.82,0,0,0
2026-09-16T01:19:09.567898+00:00,4456.75,1,0,3,2.85,0,0,1
2026-09-16T01:19:34.286850+00:00,780.17,1,0,1,1.04,0,1,0
2026-09-16T01:23:09.711252+00:00,1396.0,1,2,1,0.83,0,0,1
2026-09-16T01:25:47.424718+00:00,27062.66,1,0,1,6.01,0,0,1
2026-09-16T01:27:15.579322+00:00,2945.74,1,0,0,4.07,0,0,0
2026-09-16T01:28:18.645062+00:00,5228.74,1,0,1,8.25,3,0,1
2026-09-16T01:30:34.906375+00:00,1043.45,1,1,1,7.82,0,0,0
2026-09-16T01:38:41.484118+00:00,15447.26,1,0,2,1.5,0,0,1
2026-09-16T01:52:34.839519+00:00,4962.7,1,0,1,2.1,0,0,0
2026-09-16T01:56:34.335710+00:00,3765.46,1,0,1,3.45,0,0,0
2026-09-16T01:57:35.750205+00:00,3715.98,1,0,0,0.64,0,0,0
2026-09-16T01:59:43.786121+00:00,2634.01,1,0,1,2.29,0,0,0
2026-09-16T01:59:53.081101+00:00,2713.27,1,0,0,10.44,0,0,0
2026-09-16T02:02:23.979734+00:00,4318.12,2,0,0,7.43,0,0,0
2026-09-16T02:08:36.353245+00:00,1067.09,2,0,0,6.48,0,1,0
2026-09-16T02:11:00.938442+00:00,1452.16,2,0,1,11.0,0,0,0
2026-09-16T02:11:58.649639+00:00,6629.25,2,2,3,0.22,0,1,1
2026-09-16T02:15:24.872081+00:00,1242.15,2,1,2,6.58,0,1,0
2026-09-16T02:23:55.679573+00:00,2589.09,2,0,1,6.6,0,0,0
2026-09-16T02:24:26.913251+00:00,3940.99,2,0,1,4.4,0,1,0
2026-09-16T02:25:10.803931+00:00,28000.0,2,0,1,1.09,0,0,1
2026-09-16T02:29:32.347029+00:00,1888.62,2,0,0,14.31,1,0,0
2026-09-16T02:29:38.980389+00:00,1848.09,2,4,3,7.71,0,0,1
2026-09-16T02:32:19.434739+00:00,5976.45,2,0,2,10.46,0,0,0
2026-09-16T02:32:21.571699+00:00,25143.99,2,1,3,6.05,0,0,1
2026-09-16T02:32:46.677417+00:00,4262.64,2,2,0,1.83,1,0,1
2026-09-16T02:33:22.946057+00:00,2050.99,2,0,2,1.46,0,0,0
2026-09-16T02:37:01.076093+00:00,1312.71,2,0,0,8.32,0,1,0
2026-09-16T02:42:17.553999+00:00,3062.75,2,0,1,2.03,2,0,1
2026-09-16T02:49:59.466319+00:00,6745.68,2,0,2,4.24,0,1,0
2026-09-16T02:59:33.584573+00:00,20203.98,2,1,2,2.66,0,0,1
2026-09-16T03:01:52.039366+00:00,427.51,3,0,1,6.02,0,0,0
2026-09-16T03:05:12.894728+00:00,1849.53,3,0,1,3.69,0,1,0
2026-09-16T03:10:31.933679+00:00,22775.06,3,1,3,14.2,0,0,1
2026-09-16T03:30:17.057268+00:00,12218.02,3,3,1,15.17,0,0,1
2026-09-16T03:30:48.717683+00:00,3686.23,3,0,1,5.3,0,0,0
2026-09-16T03:32:00.092114+00:00,1733.52,3,1,0,1.62,0,1,1
2026-09-16T03:38:09.589880+00:00,144.49,3,0,2,1.89,0,1,0
2026-09-16T03:48:18.320073+00:00,19072.07,3,1,2,2.13,0,1,1
2026-09-16T03:51:59.190849+00:00,383.23,3,0,1,1.52,0,0,0
2026-09-16T03:52:29.913666+00:00,5815.14,3,2,0,4.5,0,0,1
2026-09-16T03:53:25.689650+00:00,4528.54,3,0,0,1.31,0,1,0
2026-09-16T03:53:52.350874+00:00,2034.81,3,0,0,3.49,0,0,0
2026-09-16T03:54:25.197486+00:00,1854.35,3,0,1,4.17,0,0,0
2026-09-16T03:58:14.358328+00:00,7344.23,3,0,5,3.39,1,1,1
2026-09-16T03:59:49.231515+00:00,1149.03,3,0,1,16.21,0,0,0
2026-09-16T04:06:44.025739+00:00,15955.4,4,1,2,4.23,0,1,1
2026-09-16T04:25:14.772957+00:00,9020.39,4,0,0,3.6,0,1,0
2026-09-16T04:34:51.931669+00:00,5361.66,4,1,1,8.12,1,0,0
2026-09-16T04:36:37.590269+00:00,23498.07,4,1,1,4.75,0,0,1
2026-09-16T04:38:17.751352+00:00,754.89,4,3,2,8.72,0,0,1
2026-09-16T04:38:32.918150+00:00,554.92,4,0,4,2.87,2,0,1
2026-09-16T04:38:40.053109+00:00,144.4,4,0,3,6.03,0,1,1
2026-09-16T04:42:06.786371+00:00,14989.07,4,1,1,4.89,0,1,1
2026-09-16T04:46:59.531908+00:00,4821.8,4,0,2,2.91,0,0,0
2026-09-16T04:47:42.474121+00:00,938.36,4,4,3,2.11,0,1,1
2026-09-16T04:49:52.491601+00:00,17816.42,4,0,0,5.45,0,1,1
2026-09-16T04:50:06.868730+00:00,20611.0,4,0,1,13.06,0,0,1
2026-09-16T04:51:34.908514+00:00,1669.63,4,0,1,11.9,0,0,0
2026-09-16T04:56:26.802457+00:00,13129.23,4,0,2,8.21,0,0,0
2026-09-16T04:59:49.787800+00:00,958.52,4,0,2,7.38,0,0,0
2026-09-16T05:05:28.519336+00:00,1571.04,5,2,1,4.17,0,1,0
2026-09-16T05:08:43.882932+00:00,1206.33,5,0,1,1.77,0,1,0
2026-09-16T05:16:10.793658+00:00,431.56,5,0,1,0.85,0,0,0
2026-09-16T05:35:16.560311+00:00,2214.04,5,0,1,5.52,0,0,0
2026-09-16T05:37:43.134943+00:00,17980.33,5,0,0,12.53,0,0,0
2026-09-16T05:41:26.725858+00:00,3858.63,5,0,1,4.62,0,1,0
2026-09-16T05:43:28.047484+00:00,5504.87,5,0,0,8.5,1,1,0
2026-09-16T05:50:12.315556+00:00,19720.63,5,0,2,5.06,0,0,0
2026-09-16T05:50:59.115555+00:00,164.72,5,0,0,4.26,0,1,0
2026-09-16T05:56:28.991568+00:00,3147.21,5,0,2,2.38,1,0,0
2026-09-16T05:56:48.485105+00:00,242.35,5,1,0,2.46,0,0,0
2026-09-16T06:02:52.921760+00:00,3125.73,6,0,2,4.02,0,0,0
2026-09-16T06:03:32.260044+00:00,3756.89,6,0,0,3.1,0,0,0
2026-09-16T06:09:21.805590+00:00,765.14,6,0,2,7.61,1,1,0
2026-09-16T06:12:04.051234+00:00,5535.75,6,0,2,8.22,0,1,0
2026-09-16T06:15:30.990849+00:00,7804.24,6,0,2,5.93,0,0,0
2026-09-16T06:16:00.417719+00:00,19840.33,6,0,1,13.26,0,1,1
2026-09-16T06:16:01.032348+00:00,1224.8,6,3,2,9.01,0,0,0
2026-09-16T06:18:24.535119+00:00,2887.02,6,0,0,4.47,0,0,0
2026-09-16T06:18:39.772186+00:00,7941.38,6,0,1,3.04,0,0,0
2026-09-16T06:18:52.381705+00:00,1297.25,6,0,2,5.67,0,1,0
2026-09-16T06:22:15.572123+00:00,5547.85,6,0,1,10.75,2,0,0
2026-09-16T06:23:10.681711+00:00,90.46,6,0,0,1.63,0,0,0
2026-09-16T06:26:06.089661+00:00,71.69,6,0,1,9.73,1,0,0
2026-09-16T06:28:17.485135+00:00,4622.93,6,1,0,2.1,0,0,0
2026-09-16T06:28:33.596308+00:00,4646.13,6,0,2,3.07,0,0,0
2026-09-16T06:37:40.064332+00:00,18529.92,6,0,0,7.98,0,1,1
2026-09-16T06:37:47.576054+00:00,8570.86,6,1,0,8.21,0,0,0
2026-09-16T06:38:16.592439+00:00,461.46,6,0,1,3.82,1,0,0
2026-09-16T06:47:14.344389+00:00,904.63,6,0,2,4.99,0,0,0
2026-09-16T06:47:24.424640+00:00,7549.75,6,0,1,12.54,0,0,0
2026-09-16T06:53:48.649062+00:00,684.28,6,0,0,12.22,1,0,0
2026-09-16T06:54:28.491657+00:00,3728.56,6,1,1,4.31,0,0,0
2026-09-16T06:56:25.772250+00:00,2479.23,6,0,0,3.8,0,1,0
2026-09-16T06:58:18.433921+00:00,337.95,6,0,2,2.8,0,1,0
2026-09-16T07:00:11.246375+00:00,1134.69,7,0,0,1.24,0,0,0
2026-09-16T07:03:00.630624+00:00,18353.39,7,0,3,4.19,0,0,0
2026-09-16T07:10:54.532550+00:00,6181.32,7,0,2,4.27,1,0,0
2026-09-16T07:16:14.242321+00:00,3994.15,7,0,2,3.14,0,0,0
2026-09-16T07:19:03.681166+00:00,20221.34,7,1,0,3.61,0,1,0
2026-09-16T07:22:10.191865+00:00,2252.78,7,0,1,1.26,0,0,0
2026-09-16T07:22:35.638595+00:00,1195.35,7,0,0,4.45,0,0,0
2026-09-16T07:28:44.251030+00:00,466.32,7,0,2,2.14,0,1,0
2026-09-16T07:37:13.740860+00:00,1743.42,7,0,0,6.34,0,0,0
2026-09-16T07:42:11.414718+00:00,152.59,7,4,2,3.66,2,1,1
2026-09-16T07:46:20.626622+00:00,818.59,7,0,1,6.82,1,0,0
2026-09-16T07:49:24.153886+00:00,1872.75,7,1,1,18.69,0,1,0
2026-09-16T07:50:47.140847+00:00,1795.44,7,0,0,1.35,0,1,0
2026-09-16T07:51:34.300058+00:00,204.98,7,1,0,1.55,0,0,0
2026-09-16T07:52:06.787838+00:00,2905.79,7,0,1,8.5,0,1,0
2026-09-16T07:55:34.365850+00:00,21736.43,7,0,0,5.24,0,0,0
2026-09-16T07:57:49.535202+00:00,320.23,7,1,1,6.42,1,0,0
2026-09-16T07:59:01.479175+00:00,9236.22,7,1,1,0.6,0,0,0
2026-09-16T08:05:03.690327+00:00,394.96,8,0,0,2.11,0,1,0
2026-09-16T08:16:23.177326+00:00,6235.61,8,0,1,7.12,2,0,0
2026-09-16T08:26:27.476256+00:00,60.99,8,0,0,6.67,0,0,0
2026-09-16T08:27:04.737703+00:00,23914.67,8,0,0,0.77,0,0,0
2026-09-16T08:29:39.941457+00:00,123.73,8,0,1,5.38,0,0,0
2026-09-16T08:34:04.197342+00:00,23857.79,8,0,0,2.32,2,0,1
2026-09-16T08:34:49.229071+00:00,15420.05,8,0,0,2.71,0,0,0
2026-09-16T08:36:08.661791+00:00,17860.47,8,0,1,3.28,0,0,0
2026-09-16T08:49:30.324131+00:00,1703.96,8,0,1,1.29,0,0,0
2026-09-16T08:49:40.298585+00:00,295.35,8,2,3,3.35,0,0,0
2026-09-16T08:50:26.134445+00:00,4728.46,8,0,2,8.35,0,0,0
2026-09-16T09:03:06.783414+00:00,296.54,9,0,2,2.7,0,0,0
2026-09-16T09:05:48.023516+00:00,8228.29,9,1,2,3.99,0,0,0
2026-09-16T09:08:40.305543+00:00,14498.31,9,0,1,5.8,0,0,0
2026-09-16T09:11:50.941713+00:00,2148.42,9,0,2,5.42,0,0,0
2026-09-16T09:13:22.221744+00:00,23344.46,9,0,2,2.7,0,1,1
2026-09-16T09:19:17.305127+00:00,20733.47,9,0,0,3.69,0,1,0
2026-09-16T09:27:37.339052+00:00,843.75,9,0,3,4.76,1,1,0
2026-09-16T09:28:39.552551+00:00,4614.67,9,0,2,3.26,1,0,0
2026-09-16T09:32:37.539144+00:00,4968.29,9,2,1,4.06,0,0,0
2026-09-16T09:33:42.148340+00:00,8251.99,9,0,0,16.61,0,0,0
2026-09-16T09:34:42.589492+00:00,1569.98,9,1,0,8.08,1,0,0
2026-09-16T09:39:29.761228+00:00,2318.33,9,0,1,11.68,0,0,0
2026-09-16T09:57:44.052009+00:00,1503.8,9,0,1,5.0,0,0,0
2026-09-16T09:57:51.695703+00:00,1010.94,9,0,2,5.58,0,0,0
2026-09-16T10:02:45.138245+00:00,4509.39,10,0,0,2.48,0,1,0
2026-09-16T10:09:51.177598+00:00,1387.96,10,1,0,9.42,0,0,0
2026-09-16T10:19:42.803445+00:00,15979.35,10,0,1,0.68,1,1,0
2026-09-16T10:22:10.090235+00:00,1714.3,10,0,3,15.1,0,0,0
2026-09-16T10:37:18.297631+00:00,4050.7,10,0,3,5.8,0,0,0
2026-09-16T10:39:43.742161+00:00,8055.35,10,0,1,2.64,1,1,0
2026-09-16T10:41:38.665535+00:00,3576.42,10,1,0,7.08,0,0,0
2026-09-16T10:41:49.437324+00:00,15349.09,10,1,0,1.87,0,0,0
2026-09-16T10:45:42.350773+00:00,4893.67,10,1,0,4.25,0,0,0
2026-09-16T10:46:00.423862+00:00,3337.93,10,0,1,2.61,0,0,0
2026-09-16T10:46:31.605897+00:00,260.08,10,0,1,3.13,3,1,1
2026-09-16T10:48:30.934038+00:00,381.77,10,0,4,4.32,0,1,0
2026-09-16T10:49:37.167716+00:00,183.69,10,0,1,9.56,0,1,0
2026-09-16T10:50:19.113625+00:00,20495.24,10,0,2,4.16,0,1,1
2026-09-16T10:53:01.004151+00:00,25495.4,10,2,2,1.42,2,0,1
2026-09-16T10:55:36.267809+00:00,1261.73,10,2,2,2.45,0,0,0
2026-09-16T10:58:29.548590+00:00,1611.26,10,1,0,2.29,0,1,0
2026-09-16T10:58:45.152240+00:00,7746.89,10,0,1,15.46,0,1,0
2026-09-16T10:58:47.046882+00:00,24895.78,10,0,0,2.28,0,1,1
2026-09-16T10:59:45.483694+00:00,3560.06,10,1,2,5.11,0,0,0
2026-09-16T11:00:34.773460+00:00,15675.49,11,0,1,4.09,2,1,1
2026-09-16T11:02:00.040424+00:00,458.33,11,0,2,3.11,0,0,0
2026-09-16T11:02:19.079249+00:00,111.81,11,0,1,2.0,0,0,0
2026-09-16T11:05:53.677346+00:00,422.18,11,1,0,1.58,0,0,0
2026-09-16T11:10:23.542864+00:00,1167.69,11,0,0,6.47,0,1,0
2026-09-16T11:15:16.949691+00:00,2627.98,11,0,0,8.88,0,1,0
2026-09-16T11:19:05.208090+00:00,271.65,11,1,1,1.48,0,0,0
2026-09-16T11:22:14.938239+00:00,528.63,11,0,1,4.45,0,0,0
2026-09-16T11:24:33.550154+00:00,699.26,11,0,0,3.82,0,1,0
2026-09-16T11:24:56.697192+00:00,3258.8,11,0,1,1.28,0,1,0
2026-09-16T11:34:53.070481+00:00,3121.01,11,0,1,2.49,1,1,0
2026-09-16T11:50:57.424049+00:00,20290.82,11,0,0,7.53,1,0,0
2026-09-16T11:51:21.530511+00:00,20041.65,11,0,2,12.88,0,1,1
2026-09-16T11:53:55.452132+00:00,1544.21,11,0,1,13.72,0,0,0
2026-09-16T12:01:31.099828+00:00,385.41,12,0,2,3.61,0,0,0
2026-09-16T12:05:24.908836+00:00,881.69,12,1,0,5.32,0,0,0
2026-09-16T12:09:38.784580+00:00,7355.67,12,0,1,3.81,0,0,0
2026-09-16T12:14:15.231668+00:00,12529.53,12,1,4,8.41,0,1,0
2026-09-16T12:20:19.712593+00:00,3398.1,12,0,0,6.94,0,0,0
2026-09-16T12:22:30.361933+00:00,8017.72,12,0,0,7.22,1,1,0
2026-09-16T12:22:50.461848+00:00,3353.75,12,0,2,2.15,0,0,0
2026-09-16T12:23:18.952350+00:00,168.03,12,0,0,3.49,1,1,0
2026-09-16T12:25:43.013143+00:00,28000.0,12,1,1,7.67,0,1,1
2026-09-16T12:27:22.769581+00:00,393.43,12,0,1,13.08,0,0,0
2026-09-16T12:29:26.472345+00:00,3732.72,12,2,0,9.96,0,0,0
2026-09-16T12:30:06.850124+00:00,992.71,12,0,0,1.73,1,1,0
2026-09-16T12:35:22.738057+00:00,1652.16,12,1,1,1.0,0,1,0
2026-09-16T12:38:05.356362+00:00,3382.47,12,0,3,8.17,0,1,0
2026-09-16T12:43:31.149811+00:00,1895.41,12,0,0,2.2,0,1,0
2026-09-16T12:52:51.439410+00:00,18204.68,12,0,0,16.05,1,1,1
2026-09-16T13:01:09.433186+00:00,1362.83,13,0,1,7.97,0,0,0
2026-09-16T13:03:40.519433+00:00,1397.16,13,0,2,6.37,0,1,0
2026-09-16T13:08:55.900657+00:00,10306.77,13,0,1,3.38,0,0,0
2026-09-16T13:11:21.592607+00:00,5188.09,13,0,1,5.87,0,0,0
2026-09-16T13:11:48.628415+00:00,2023.21,13,0,1,2.23,0,0,0
2026-09-16T13:14:31.318426+00:00,773.34,13,1,2,4.88,0,1,0
2026-09-16T13:15:02.821115+00:00,20907.18,13,0,2,8.91,0,1,1
2026-09-16T13:19:37.072010+00:00,607.22,13,0,0,3.32,0,1,0
2026-09-16T13:26:23.228048+00:00,816.18,13,0,1,4.09,0,0,0
2026-09-16T13:29:21.271971+00:00,1518.33,13,1,0,0.71,0,1,0
2026-09-16T13:33:33.155005+00:00,6854.14,13,0,1,4.41,0,1,0
2026-09-16T13:34:24.416657+00:00,512.22,13,0,1,5.36,0,1,0
2026-09-16T13:34:28.854091+00:00,477.2,13,0,2,7.47,0,0,0
2026-09-16T13:48:53.851995+00:00,17044.34,13,0,1,11.69,0,1,1
2026-09-16T13:50:17.143549+00:00,1095.3,13,0,0,3.47,0,1,0
2026-09-16T13:52:18.668072+00:00,2751.25,13,0,5,1.33,0,0,0
2026-09-16T13:54:14.439542+00:00,1982.62,13,0,1,3.79,0,1,0
2026-09-16T13:56:20.640129+00:00,1886.74,13,0,2,7.71,0,0,0
2026-09-16T13:56:27.326951+00:00,440.01,13,0,1,0.12,0,1,0
2026-09-16T14:00:17.084066+00:00,546.54,14,0,1,1.76,1,0,0
2026-09-16T14:08:43.422089+00:00,5566.59,14,0,1,2.09,1,1,0
2026-09-16T14:12:09.373759+00:00,7005.69,14,0,3,2.29,0,0,0
2026-09-16T14:16:50.845996+00:00,21672.61,14,0,0,2.64,0,0,0
2026-09-16T14:17:06.055574+00:00,445.37,14,0,2,2.72,0,0,0
2026-09-16T14:20:28.554887+00:00,235.67,14,0,1,5.97,1,0,0
2026-09-16T14:22:18.792790+00:00,3059.21,14,0,0,7.39,1,0,0
2026-09-16T14:24:04.899790+00:00,4080.82,14,0,2,12.5,0,0,0
2026-09-16T14:27:06.498433+00:00,1552.82,14,0,1,6.28,0,0,0
2026-09-16T14:35:39.689298+00:00,3702.95,14,0,1,1.08,0,0,0
2026-09-16T14:38:03.627443+00:00,4054.01,14,0,5,3.68,0,0,0
2026-09-16T14:41:23.960998+00:00,28000.0,14,0,1,7.03,0,0,0
2026-09-16T14:42:02.278198+00:00,274.64,14,1,3,3.57,0,0,0
2026-09-16T14:45:16.801916+00:00,743.37,14,0,1,1.49,0,1,0
2026-09-16T14:47:20.425098+00:00,287.16,14,0,0,9.15,0,0,0
2026-09-16T14:47:21.791831+00:00,6539.7,14,0,3,5.25,0,0,0
2026-09-16T14:54:17.135906+00:00,5093.74,14,1,0,8.84,0,0,0
2026-09-16T14:55:15.967235+00:00,2795.44,14,1,2,6.2,0,0,0
2026-09-16T14:57:27.908281+00:00,339.59,14,0,2,6.4,1,1,0
2026-09-16T15:00:38.175170+00:00,1081.63,15,0,0,4.06,3,0,0
2026-09-16T15:02:30.026403+00:00,1190.95,15,0,1,3.2,0,0,0
2026-09-16T15:07:57.356903+00:00,2692.55,15,0,0,2.05,0,0,0
2026-09-16T15:12:01.427659+00:00,17580.43,15,0,1,5.93,0,1,0
2026-09-16T15:12:16.646856+00:00,302.43,15,0,2,2.41,1,0,0
2026-09-16T15:13:09.553762+00:00,18353.14,15,0,4,1.56,0,1,1
2026-09-16T15:13:48.055801+00:00,1197.16,15,0,0,1.2,0,0,0
2026-09-16T15:18:19.360663+00:00,1986.92,15,0,0,6.54,0,1,0
2026-09-16T15:25:21.004248+00:00,497.07,15,0,2,1.27,1,0,0
2026-09-16T15:32:29.952154+00:00,5251.24,15,1,1,6.89,0,0,0
2026-09-16T15:32:39.222167+00:00,2727.62,15,0,1,7.71,1,1,0
2026-09-16T15:34:51.976724+00:00,26302.68,15,0,1,6.03,0,0,0
2026-09-16T15:39:47.580722+00:00,2249.22,15,1,0,1.1,0,0,0
2026-09-16T15:40:45.120521+00:00,9139.87,15,0,1,7.19,0,0,0
2026-09-16T15:44:20.408573+00:00,22223.7,15,1,2,4.55,0,1,1
2026-09-16T15:47:52.235850+00:00,2809.14,15,1,1,2.64,0,1,0
2026-09-16T15:48:22.440911+00:00,8752.76,15,0,0,2.15,1,1,0
2026-09-16T15:53:53.087710+00:00,1308.69,15,0,1,3.75,1,1,0
2026-09-16T15:54:08.863697+00:00,1516.45,15,1,0,7.14,0,0,0
2026-09-16T15:57:41.203420+00:00,208.94,15,0,1,4.77,0,0,0
2026-09-16T15:59:06.132913+00:00,2906.88,15,0,2,6.73,0,0,0
2026-09-16T16:01:01.619583+00:00,18503.7,16,1,1,3.02,0,0,1
2026-09-16T16:07:10.877596+00:00,4812.3,16,0,0,3.52,0,0,0
2026-09-16T16:07:33.884442+00:00,579.37,16,0,0,2.16,1,0,0
2026-09-16T16:07:57.189989+00:00,1939.27,16,0,1,2.87,0,0,0
2026-09-16T16:08:50.628245+00:00,682.83,16,0,0,7.8,0,0,0
2026-09-16T16:08:57.540767+00:00,3532.28,16,0,2,3.03,0,1,0
2026-09-16T16:09:00.908179+00:00,610.12,16,0,2,3.69,0,1,0
2026-09-16T16:22:20.873662+00:00,7564.36,16,0,0,5.04,0,1,0
2026-09-16T16:22:31.132557+00:00,899.01,16,0,2,3.66,1,0,0
2026-09-16T16:35:04.175692+00:00,1162.3,16,1,2,12.2,0,1,0
2026-09-16T16:36:40.325941+00:00,6150.18,16,0,1,2.95,1,0,0
2026-09-16T16:51:54.095224+00:00,2022.73,16,0,2,2.31,0,1,0
2026-09-16T16:54:40.359751+00:00,137.72,16,0,2,4.81,0,1,0
2026-09-16T16:54:56.507503+00:00,18295.84,16,1,2,7.67,0,0,0
2026-09-16T16:56:14.026136+00:00,342.66,16,0,1,3.47,1,0,0
2026-09-16T17:02:05.495671+00:00,13573.45,17,0,0,4.03,0,0,0
2026-09-16T17:24:38.643508+00:00,2898.41,17,1,3,0.66,0,0,0
2026-09-16T17:27:01.840224+00:00,1008.58,17,1,1,1.9,0,0,0
2026-09-16T17:29:49.853511+00:00,2714.29,17,0,2,7.28,0,0,0
2026-09-16T17:31:58.145712+00:00,17554.74,17,0,0,1.2,0,1,0
2026-09-16T17:36:40.186345+00:00,5208.46,17,1,1,0.54,1,1,0
2026-09-16T17:42:03.779271+00:00,8362.88,17,1,1,5.35,1,0,0
2026-09-16T17:47:27.324486+00:00,6700.02,17,0,1,1.19,0,0,0
2026-09-16T17:51:16.301258+00:00,1398.18,17,0,3,8.34,0,0,0
2026-09-16T17:51:24.705639+00:00,15100.9,17,0,0,7.91,0,1,1
2026-09-16T18:03:11.145490+00:00,174.3,18,0,1,3.82,0,1,0
2026-09-16T18:04:25.533941+00:00,3432.26,18,0,0,2.48,0,0,0
2026-09-16T18:05:43.040131+00:00,2509.64,18,0,1,8.05,0,0,0
2026-09-16T18:05:53.497990+00:00,2027.92,18,0,1,3.56,0,1,0
2026-09-16T18:08:51.794113+00:00,7682.28,18,0,1,10.86,0,0,0
2026-09-16T18:21:23.836752+00:00,648.09,18,0,0,0.92,0,0,0
2026-09-16T18:21:37.117747+00:00,91.08,18,0,2,2.06,0,0,0
2026-09-16T18:23:03.918495+00:00,303.66,18,0,1,1.44,0,1,0
2026-09-16T18:23:29.742988+00:00,868.94,18,0,1,0.71,0,0,0
2026-09-16T18:28:44.938599+00:00,168.33,18,2,1,5.24,0,0,0
2026-09-16T18:33:49.693176+00:00,2296.32,18,0,0,6.37,0,1,0
2026-09-16T18:38:15.486299+00:00,1266.43,18,0,0,13.97,0,1,0
2026-09-16T18:44:05.096986+00:00,696.93,18,0,2,2.9,2,1,0
2026-09-16T18:45:15.230168+00:00,4497.22,18,0,1,3.02,2,0,0
2026-09-16T18:45:26.535579+00:00,791.91,18,0,2,5.44,0,1,0
2026-09-16T18:47:42.150402+00:00,21357.13,18,0,1,4.08,1,0,0
2026-09-16T18:49:33.212901+00:00,1434.89,18,0,3,2.54,0,0,0
2026-09-16T18:51:41.284263+00:00,15477.47,18,0,1,8.83,0,1,1
2026-09-16T18:52:36.797976+00:00,8751.48,18,0,1,3.43,0,1,0
2026-09-16T18:53:56.713768+00:00,181.81,18,0,2,0.62,0,0,0
2026-09-16T18:54:37.281031+00:00,2279.76,18,1,3,3.19,0,0,0
2026-09-16T18:57:50.327432+00:00,26361.51,18,1,0,7.01,0,1,1
2026-09-16T19:01:20.008748+00:00,2897.34,19,0,2,7.37,0,1,0
2026-09-16T19:03:59.694925+00:00,1097.33,19,1,1,8.57,0,1,0
2026-09-16T19:11:07.652256+00:00,22048.23,19,3,1,4.88,0,0,1
2026-09-16T19:20:06.277904+00:00,3708.85,19,0,1,4.03,0,1,0
2026-09-16T19:24:06.095465+00:00,7146.99,19,0,2,12.68,1,0,0
2026-09-16T19:25:32.210259+00:00,194.19,19,1,0,4.89,0,1,0
2026-09-16T19:32:44.478479+00:00,297.53,19,0,0,6.09,0,0,0
2026-09-16T19:33:03.965822+00:00,1317.98,19,0,1,9.07,0,0,0
2026-09-16T19:33:46.420298+00:00,907.94,19,3,1,1.45,0,0,0
2026-09-16T19:35:57.734017+00:00,1044.93,19,0,6,5.03,0,1,0
2026-09-16T19:40:41.831066+00:00,860.29,19,1,0,2.75,0,0,0
2026-09-16T19:50:14.403851+00:00,757.4,19,1,2,2.87,0,1,0
2026-09-16T19:50:44.549816+00:00,507.93,19,0,2,4.33,0,1,0
2026-09-16T19:50:48.203844+00:00,27620.26,19,0,1,2.2,2,0,1
2026-09-16T20:01:43.296811+00:00,558.26,20,0,1,1.83,0,0,0
2026-09-16T20:01:56.635970+00:00,791.72,20,0,1,2.38,0,0,0
2026-09-16T20:02:36.518798+00:00,964.69,20,0,1,2.79,0,0,0
2026-09-16T20:16:51.521370+00:00,8710.51,20,0,3,7.54,0,0,0
2026-09-16T20:22:18.337241+00:00,4570.13,20,0,1,6.18,0,0,0
2026-09-16T20:22:30.530698+00:00,5049.5,20,0,0,9.15,0,0,0
2026-09-16T20:26:14.922378+00:00,414.12,20,0,2,2.21,0,0,0
2026-09-16T20:28:38.530488+00:00,5851.3,20,0,1,8.2,2,0,0
2026-09-16T20:29:36.229503+00:00,1738.64,20,1,1,6.12,0,0,0
2026-09-16T20:31:42.232819+00:00,1035.77,20,0,4,4.42,1,1,0
2026-09-16T20:36:47.755812+00:00,2803.78,20,0,2,1.88,0,1,0
2026-09-16T20:38:54.369945+00:00,5586.4,20,4,3,7.21,0,0,0
2026-09-16T20:39:17.352422+00:00,21618.06,20,0,1,4.02,0,1,1
2026-09-16T20:46:34.441627+00:00,7123.21,20,0,0,8.4,0,0,0
2026-09-16T20:53:11.151430+00:00,8485.37,20,0,0,1.62,0,1,0
2026-09-16T20:53:26.181786+00:00,930.3,20,0,0,9.32,0,0,0
2026-09-16T20:56:51.097397+00:00,1824.48,20,0,0,8.06,0,0,0
2026-09-16T20:56:53.040660+00:00,107.16,20,0,0,6.49,0,0,0
2026-09-16T20:59:51.933384+00:00,6826.81,20,0,1,9.59,0,1,0
2026-09-16T21:09:12.624912+00:00,597.32,21,0,3,8.57,0,0,0
2026-09-16T21:12:41.420832+00:00,6385.45,21,0,1,8.19,0,0,0
2026-09-16T21:27:16.369390+00:00,1338.6,21,0,0,2.31,2,1,0
2026-09-16T21:27:57.098719+00:00,1529.05,21,0,1,3.66,0,1,0
2026-09-16T21:28:08.440699+00:00,187.74,21,0,3,4.97,0,1,0
2026-09-16T21:32:39.241246+00:00,1326.66,21,1,0,4.41,1,1,0
2026-09-16T21:35:36.587270+00:00,7076.03,21,0,3,5.05,0,0,0
2026-09-16T21:35:49.938678+00:00,142.81,21,0,2,4.71,0,0,0
2026-09-16T21:39:01.823726+00:00,1728.57,21,0,1,8.29,0,1,0
2026-09-16T21:42:55.355123+00:00,162.09,21,1,2,2.91,1,0,0
2026-09-16T21:46:08.931067+00:00,1543.21,21,0,0,3.21,0,0,0
2026-09-16T21:48:14.141290+00:00,15705.62,21,0,1,1.7,0,0,0
2026-09-16T21:49:19.445092+00:00,990.06,21,0,0,9.26,0,0,0
2026-09-16T22:01:24.960623+00:00,6781.43,22,0,3,5.23,0,1,0
2026-09-16T22:02:39.903037+00:00,1892.92,22,0,3,5.79,0,1,0
2026-09-16T22:04:50.523317+00:00,1083.77,22,1,2,6.38,0,0,0
2026-09-16T22:05:07.999094+00:00,2907.95,22,0,1,8.61,0,0,0
2026-09-16T22:06:02.773372+00:00,550.48,22,0,1,0.74,0,0,0
2026-09-16T22:09:28.635418+00:00,19973.8,22,0,1,17.64,0,0,1
2026-09-16T22:09:40.340012+00:00,2588.65,22,0,1,3.01,0,1,0
2026-09-16T22:11:11.569962+00:00,927.79,22,0,2,4.72,0,0,0
2026-09-16T22:14:11.370253+00:00,3697.48,22,0,1,16.19,0,0,0
2026-09-16T22:14:59.536153+00:00,2224.07,22,0,2,1.6,0,0,0
2026-09-16T22:18:40.005047+00:00,25245.14,22,0,0,5.74,0,0,0
2026-09-16T22:22:01.648113+00:00,9535.92,22,0,1,6.61,0,0,0
2026-09-16T22:35:22.604300+00:00,453.85,22,0,1,6.21,0,1,0
2026-09-16T22:47:28.651324+00:00,1363.89,22,0,0,4.79,1,1,0
2026-09-16T22:49:38.906719+00:00,1292.0,22,0,2,2.87,0,1,0
2026-09-16T22:51:05.508187+00:00,584.52,22,1,0,11.02,0,1,0
2026-09-16T23:00:03.063592+00:00,5379.45,23,0,0,4.27,0,0,0
2026-09-16T23:06:59.332323+00:00,4625.16,23,0,1,1.68,0,1,0
2026-09-16T23:07:44.287136+00:00,2179.91,23,1,0,0.8,1,1,0
2026-09-16T23:12:02.556978+00:00,2529.42,23,0,1,5.84,0,0,0
2026-09-16T23:12:12.021566+00:00,256.45,23,1,0,4.15,0,0,0
2026-09-16T23:14:27.230207+00:00,2654.63,23,0,3,6.58,0,0,0
2026-09-16T23:20:22.102172+00:00,5074.58,23,0,0,1.88,0,1,0
2026-09-16T23:20:46.487705+00:00,17057.59,23,0,1,4.43,0,0,0
2026-09-16T23:20:49.276484+00:00,17773.14,23,0,1,3.82,0,1,0
2026-09-16T23:22:21.352069+00:00,3584.03,23,0,0,9.31,1,1,0
2026-09-16T23:23:36.896566+00:00,1495.57,23,1,2,2.62,0,0,0
2026-09-16T23:24:45.307396+00:00,2578.97,23,0,0,0.82,0,0,0
2026-09-16T23:27:16.536180+00:00,2199.46,23,0,1,12.96,0,0,0
2026-09-16T23:32:52.659378+00:00,1595.78,23,0,0,0.15,0,1,0
2026-09-16T23:39:35.707483+00:00,4120.69,23,0,2,5.11,0,0,0
2026-09-16T23:44:48.489469+00:00,6949.91,23,0,0,6.84,0,1,0
2026-09-16T23:47:47.186470+00:00,76.72,23,0,1,5.29,1,0,0
2026-09-16T23:59:31.964043+00:00,8739.38,23,0,0,1.86,0,0,0
2026-09-16T23:59:43.988424+00:00,2352.63,23,0,0,3.15,0,0,0
2026-09-17T00:01:30.665119+00:00,3920.53,0,1,0,3.85,0,0,0
2026-09-17T00:12:52.844519+00:00,6253.08,0,1,2,4.21,0,0,0
2026-09-17T00:14:16.572035+00:00,2074.17,0,0,2,1.76,0,0,0
2026-09-17T00:14:50.969979+00:00,5825.29,0,0,0,6.87,1,1,0
2026-09-17T00:16:35.562542+00:00,685.77,0,0,1,4.27,0,0,0
2026-09-17T00:17:32.544031+00:00,614.76,0,2,0,13.28,0,0,0
2026-09-17T00:28:30.821468+00:00,3488.48,0,0,0,3.1,0,1,0
2026-09-17T00:35:13.854223+00:00,6592.23,0,0,0,0.43,0,0,0
2026-09-17T00:38:44.954426+00:00,7194.65,0,0,1,2.44,0,0,0
2026-09-17T00:38:59.526489+00:00,3362.71,0,0,1,0.41,0,0,0
2026-09-17T00:42:03.578088+00:00,2445.51,0,1,1,9.65,0,0,0
2026-09-17T00:43:02.339662+00:00,1348.19,0,0,1,4.28,0,1,0
2026-09-17T00:46:15.417746+00:00,12578.54,0,0,0,3.74,1,0,0
2026-09-17T00:49:58.203909+00:00,1292.69,0,0,0,9.55,0,1,0
2026-09-17T00:52:54.588986+00:00,4422.58,0,0,1,4.42,0,1,0
2026-09-17T00:53:51.874400+00:00,2489.59,0,0,1,6.65,0,0,0
2026-09-17T01:03:36.103859+00:00,3060.96,1,1,2,6.28,0,0,0
2026-09-17T01:04:59.687480+00:00,1660.06,1,1,0,6.91,0,1,1
2026-09-17T01:06:03.302377+00:00,10771.57,1,3,0,13.13,0,0,1
2026-09-17T01:06:06.418655+00:00,2773.25,1,0,1,3.9,0,0,0
2026-09-17T01:07:43.328539+00:00,8947.04,1,0,1,13.05,0,1,1
2026-09-17T01:12:38.185126+00:00,84.39,1,1,3,0.76,0,1,1
2026-09-17T01:13:08.562718+00:00,2780.64,1,0,1,5.43,0,1,0
2026-09-17T01:31:50.281216+00:00,4101.5,1,0,0,5.03,2,0,1
2026-09-17T01:39:39.575842+00:00,19955.87,1,0,1,4.98,0,1,1
2026-09-17T01:42:12.800771+00:00,23445.57,1,2,3,4.82,0,0,1
2026-09-17T01:45:13.210789+00:00,74.12,1,0,1,7.03,0,0,0
2026-09-17T01:45:37.855437+00:00,61.06,1,0,1,2.93,0,0,0
2026-09-17T01:58:52.652066+00:00,2105.31,1,0,2,2.31,0,0,0
2026-09-17T02:00:15.971620+00:00,155.14,2,1,2,3.07,0,0,0
2026-09-17T02:07:10.786404+00:00,11805.13,2,1,1,7.75,0,0,0
2026-09-17T02:11:14.683926+00:00,863.56,2,0,1,2.19,0,0,0
2026-09-17T02:11:43.033042+00:00,2107.74,2,0,1,8.06,0,0,0
2026-09-17T02:12:26.425526+00:00,261.88,2,0,3,7.19,0,0,1
2026-09-17T02:25:21.560127+00:00,2422.39,2,0,1,1.61,0,0,0
2026-09-17T02:31:06.795035+00:00,1589.49,2,2,1,9.13,0,1,1
2026-09-17T02:31:20.303589+00:00,206.2,2,0,2,5.25,0,0,0
2026-09-17T02:40:31.052606+00:00,1366.1,2,0,0,13.23,0,0,0
2026-09-17T02:42:46.225512+00:00,1649.29,2,0,1,1.06,0,0,0
2026-09-17T02:55:16.443078+00:00,14771.52,2,0,3,6.91,0,0,1
2026-09-17T02:58:05.492899+00:00,805.76,2,0,0,6.79,0,0,0
2026-09-17T02:59:21.172513+00:00,2578.32,2,1,2,11.04,0,1,1
2026-09-17T03:02:30.877639+00:00,14035.61,3,0,1,4.08,0,0,0
2026-09-17T03:06:46.529808+00:00,5084.99,3,0,1,9.07,1,1,0
2026-09-17T03:07:34.510460+00:00,16110.48,3,0,0,16.7,0,1,1
2026-09-17T03:12:42.641262+00:00,11104.43,3,1,0,2.39,0,0,0
2026-09-17T03:17:45.338740+00:00,2211.81,3,0,1,2.85,2,0,1
2026-09-17T03:19:01.711953+00:00,3874.29,3,0,0,3.22,0,0,0
2026-09-17T03:27:41.259360+00:00,434.5,3,0,1,3.93,0,0,0
2026-09-17T03:28:23.733711+00:00,1921.99,3,0,1,2.0,0,1,1
2026-09-17T03:29:08.298387+00:00,5357.85,3,0,0,3.06,0,0,0
2026-09-17T03:30:50.155739+00:00,2312.4,3,0,1,4.82,0,0,0
2026-09-17T03:34:40.544574+00:00,3941.63,3,1,2,10.05,0,1,0
2026-09-17T03:38:43.506056+00:00,4442.22,3,0,1,5.19,0,1,0
2026-09-17T03:40:22.392750+00:00,995.42,3,2,0,1.62,0,1,1
2026-09-17T03:42:36.311271+00:00,6732.17,3,0,2,11.53,1,0,0
2026-09-17T03:42:51.137495+00:00,2030.74,3,0,3,7.72,0,0,1
2026-09-17T03:52:57.944131+00:00,815.06,3,0,2,9.23,0,0,0
2026-09-17T03:55:28.589408+00:00,6477.81,3,0,2,4.0,0,0,0
2026-09-17T03:58:24.789022+00:00,18037.18,3,0,0,5.33,3,1,1
2026-09-17T04:04:05.205647+00:00,4500.14,4,0,3,8.83,0,0,1
2026-09-17T04:09:40.154633+00:00,2601.27,4,0,0,5.03,0,0,0
2026-09-17T04:12:56.658660+00:00,1599.39,4,0,1,7.07,0,1,1
2026-09-17T04:16:04.292229+00:00,5372.26,4,1,1,1.67,0,0,0
2026-09-17T04:27:41.414129+00:00,2870.24,4,2,4,1.95,0,0,1
2026-09-17T04:27:52.863637+00:00,1644.7,4,0,0,9.36,1,0,0
2026-09-17T04:29:03.500171+00:00,21045.83,4,1,1,14.18,0,1,1
2026-09-17T04:30:14.610832+00:00,7285.74,4,0,1,1.84,0,1,0
2026-09-17T04:31:36.932207+00:00,175.56,4,0,0,1.98,0,0,0
2026-09-17T04:31:54.066643+00:00,6425.26,4,0,1,5.63,2,1,1
2026-09-17T04:34:02.867761+00:00,1487.93,4,2,3,5.63,0,1,1
2026-09-17T04:35:01.506802+00:00,18392.51,4,0,0,6.09,1,0,1
2026-09-17T04:36:01.074684+00:00,8231.55,4,0,2,2.94,0,1,0
2026-09-17T04:36:15.517622+00:00,586.49,4,0,1,5.13,0,0,0
2026-09-17T04:43:03.208563+00:00,2738.09,4,0,0,8.45,0,0,0
2026-09-17T04:44:50.382914+00:00,4686.43,4,0,1,4.66,0,0,0
2026-09-17T04:47:48.613043+00:00,4594.72,4,0,0,7.34,0,0,0
2026-09-17T04:57:29.319117+00:00,2446.47,4,0,3,8.1,0,1,1
2026-09-17T04:57:50.587048+00:00,3196.43,4,0,3,8.44,0,1,1
2026-09-17T04:59:48.549205+00:00,4593.97,4,0,0,1.93,0,1,0
2026-09-17T05:02:44.569613+00:00,5944.88,5,0,1,7.3,0,0,0
2026-09-17T05:03:39.880659+00:00,4651.04,5,0,1,1.44,0,0,0
2026-09-17T05:04:50.705815+00:00,1458.28,5,0,0,7.38,0,0,0
2026-09-17T05:09:17.565954+00:00,18369.97,5,0,2,7.36,0,0,0
2026-09-17T05:14:03.422864+00:00,18825.57,5,0,0,19.82,0,0,0
2026-09-17T05:17:26.602970+00:00,139.26,5,0,2,4.42,0,0,0
2026-09-17T05:17:54.611409+00:00,1501.23,5,1,1,4.0,0,1,0
2026-09-17T05:18:33.835738+00:00,21109.39,5,0,1,2.1,0,1,0
2026-09-17T05:20:58.650427+00:00,474.32,5,0,1,1.74,0,0,0
2026-09-17T05:24:58.555940+00:00,1118.04,5,2,0,6.14,0,0,0
2026-09-17T05:26:29.813207+00:00,235.53,5,0,0,5.41,0,1,0
2026-09-17T05:32:59.619422+00:00,20600.92,5,0,2,2.71,0,0,0
2026-09-17T05:35:14.513696+00:00,20214.78,5,2,1,7.48,0,0,1
2026-09-17T05:35:17.650091+00:00,787.24,5,0,1,3.51,0,1,0
2026-09-17T05:44:11.369775+00:00,372.01,5,0,3,3.69,0,0,0
2026-09-17T05:49:47.782182+00:00,268.8,5,0,1,7.08,2,1,0
2026-09-17T05:59:01.204265+00:00,1057.23,5,0,3,1.01,0,0,0
2026-09-17T05:59:15.910222+00:00,2774.87,5,0,1,8.79,0,0,0
2026-09-17T06:05:37.942317+00:00,10759.08,6,0,0,0.39,3,1,0
2026-09-17T06:06:05.590573+00:00,6728.5,6,1,0,1.0,0,0,0
2026-09-17T06:08:03.053827+00:00,6738.21,6,2,3,3.43,0,1,0
2026-09-17T06:11:34.664535+00:00,679.73,6,0,1,0.63,0,1,0
2026-09-17T06:18:13.641703+00:00,14514.95,6,1,4,1.4,0,0,0
2026-09-17T06:22:36.446406+00:00,314.3,6,0,1,2.99,3,1,0
2026-09-17T06:28:44.594775+00:00,25507.25,6,0,0,1.19,0,0,0
2026-09-17T06:30:49.244895+00:00,291.59,6,2,1,3.41,3,0,1
2026-09-17T06:31:56.951319+00:00,2663.2,6,0,1,4.74,1,1,0
2026-09-17T06:33:48.082723+00:00,971.53,6,0,0,5.9,0,0,0
2026-09-17T06:35:27.585934+00:00,952.74,6,0,2,3.88,0,1,0
2026-09-17T06:44:03.027782+00:00,15037.4,6,0,2,0.1,0,0,0
2026-09-17T06:44:14.796490+00:00,4584.12,6,0,1,5.55,0,1,0
2026-09-17T06:44:30.127757+00:00,5863.63,6,0,2,9.49,0,1,0
2026-09-17T06:45:35.602791+00:00,17275.74,6,1,4,2.79,0,1,1
2026-09-17T06:49:36.290752+00:00,6613.77,6,0,0,7.22,0,1,0
2026-09-17T06:50:15.009849+00:00,3378.46,6,0,1,2.26,0,1,0
2026-09-17T06:50:50.083726+00:00,9410.38,6,0,2,4.62,0,0,0
2026-09-17T06:54:56.843699+00:00,21956.65,6,0,0,6.95,0,0,0
2026-09-17T06:55:55.855112+00:00,2954.9,6,2,0,2.27,1,1,1
2026-09-17T07:01:53.876902+00:00,3809.14,7,2,0,4.26,0,0,0
2026-09-17T07:06:01.680709+00:00,16061.81,7,0,1,5.37,0,0,0
2026-09-17T07:07:38.160161+00:00,6837.07,7,0,3,4.49,1,0,0
2026-09-17T07:07:58.871271+00:00,12547.13,7,1,1,3.87,0,0,0
2026-09-17T07:17:13.538815+00:00,2238.44,7,0,3,2.75,0,0,0
2026-09-17T07:18:18.799183+00:00,1645.11,7,0,0,11.0,0,1,0
2026-09-17T07:18:28.193050+00:00,2103.33,7,0,2,11.66,0,1,0
2026-09-17T07:22:10.141701+00:00,6189.71,7,1,1,6.92,0,0,0
2026-09-17T07:30:04.728162+00:00,3378.27,7,0,1,2.22,0,1,0
2026-09-17T07:34:24.861102+00:00,206.58,7,0,0,5.65,0,0,0
2026-09-17T07:40:25.184095+00:00,2560.02,7,0,0,4.7,0,0,0
2026-09-17T07:42:27.391741+00:00,115.84,7,0,0,1.99,0,0,0
2026-09-17T07:50:11.173991+00:00,21438.9,7,1,1,1.07,0,0,0
2026-09-17T07:53:07.985075+00:00,1333.48,7,0,2,2.49,0,1,0
2026-09-17T07:54:05.819064+00:00,2103.75,7,0,0,2.46,1,0,0
2026-09-17T07:55:42.155710+00:00,5189.12,7,0,2,7.1,0,0,0
2026-09-17T07:58:58.034701+00:00,212.2,7,1,0,6.4,0,0,0
2026-09-17T08:00:25.401264+00:00,16081.3,8,0,1,23.65,0,0,1
2026-09-17T08:03:00.571022+00:00,1683.78,8,0,1,8.19,0,1,0
2026-09-17T08:05:30.446201+00:00,896.06,8,0,2,5.75,0,0,0
2026-09-17T08:10:30.646481+00:00,1379.49,8,0,0,3.45,2,0,0
2026-09-17T08:12:07.146387+00:00,20239.3,8,1,1,5.03,0,1,0
2026-09-17T08:14:54.605490+00:00,5645.09,8,2,0,1.13,1,1,0
2026-09-17T08:21:10.251695+00:00,6950.62,8,0,1,1.0,0,0,0
2026-09-17T08:23:03.580459+00:00,8909.56,8,0,0,6.59,0,0,0
2026-09-17T08:24:34.311011+00:00,1394.19,8,0,1,2.72,0,1,0
2026-09-17T08:26:28.934636+00:00,1188.03,8,0,0,6.35,0,0,0
2026-09-17T08:30:15.680912+00:00,913.3,8,0,1,5.67,0,1,0
2026-09-17T08:32:35.450247+00:00,5732.46,8,0,0,3.22,0,1,0
2026-09-17T08:39:31.258711+00:00,3701.71,8,1,0,10.0,0,1,0
2026-09-17T08:43:42.423576+00:00,922.12,8,1,1,0.79,0,1,0
2026-09-17T08:45:06.721291+00:00,1574.24,8,1,2,0.58,0,0,0
2026-09-17T08:54:33.354242+00:00,2321.32,8,0,1,2.25,0,0,0
2026-09-17T08:56:48.106575+00:00,2463.43,8,0,0,9.4,1,0,0
2026-09-17T09:01:32.851884+00:00,23552.33,9,0,0,2.33,0,0,0
2026-09-17T09:01:38.726852+00:00,1592.64,9,0,1,3.58,0,0,0
2026-09-17T09:02:42.106072+00:00,22717.57,9,1,1,2.75,0,0,0
2026-09-17T09:09:48.182420+00:00,1923.24,9,4,2,7.98,0,0,0
2026-09-17T09:11:01.352403+00:00,4450.05,9,1,1,6.96,0,0,0
2026-09-17T09:19:38.128960+00:00,8581.28,9,1,0,3.51,1,0,0
2026-09-17T09:22:47.343226+00:00,7680.37,9,0,1,2.2,0,0,0
2026-09-17T09:24:30.685250+00:00,247.64,9,0,1,2.03,0,0,0
2026-09-17T09:26:19.969785+00:00,796.96,9,1,1,1.6,0,0,0
2026-09-17T09:26:28.788307+00:00,2133.58,9,0,1,1.63,0,0,0
2026-09-17T09:30:11.439001+00:00,1867.52,9,0,0,11.0,0,1,0
2026-09-17T09:30:59.334546+00:00,3337.22,9,1,1,10.9,0,1,0
2026-09-17T09:38:40.966396+00:00,28000.0,9,1,2,4.43,0,0,0
2026-09-17T09:38:49.721831+00:00,15887.37,9,0,1,0.62,2,0,1
2026-09-17T09:41:53.282927+00:00,20210.11,9,1,1,8.64,1,1,1
2026-09-17T09:52:45.795810+00:00,743.85,9,0,0,12.82,1,0,0
2026-09-17T09:55:49.116718+00:00,7245.06,9,2,0,2.5,0,0,0
2026-09-17T09:58:52.543878+00:00,10749.55,9,0,1,3.39,0,1,0
2026-09-17T10:03:25.928225+00:00,2144.59,10,0,0,11.57,0,0,0
2026-09-17T10:04:48.069274+00:00,14511.02,10,1,0,1.17,0,0,0
2026-09-17T10:05:48.006996+00:00,4983.16,10,1,0,10.0,0,0,0
2026-09-17T10:07:13.833473+00:00,3882.37,10,1,0,18.33,0,0,0
2026-09-17T10:08:29.559970+00:00,21056.68,10,1,2,8.29,0,1,1
2026-09-17T10:14:19.327256+00:00,7048.74,10,0,1,5.89,0,1,0
2026-09-17T10:14:51.245296+00:00,11972.71,10,0,1,4.01,0,0,0
2026-09-17T10:15:58.305902+00:00,2671.57,10,1,0,3.33,0,1,0
2026-09-17T10:17:03.052114+00:00,2729.07,10,2,3,6.23,0,0,0
2026-09-17T10:21:03.912851+00:00,1190.01,10,0,0,11.11,0,0,0
2026-09-17T10:22:47.769135+00:00,2870.52,10,0,1,23.88,0,1,0
2026-09-17T10:24:35.834897+00:00,19253.44,10,0,0,1.73,0,1,1
2026-09-17T10:25:45.294363+00:00,22046.96,10,0,2,7.96,0,0,0
2026-09-17T10:28:23.512207+00:00,282.56,10,1,2,3.85,0,1,0
2026-09-17T10:30:40.513764+00:00,992.16,10,0,3,6.94,1,0,0
2026-09-17T10:31:51.120755+00:00,17152.71,10,0,3,1.26,0,0,0
2026-09-17T10:36:51.439270+00:00,2559.13,10,1,1,13.83,0,1,0
2026-09-17T10:39:11.572410+00:00,3005.52,10,0,0,1.87,0,0,0
2026-09-17T10:42:53.911333+00:00,3061.45,10,0,1,3.32,0,1,0
2026-09-17T10:49:51.653401+00:00,1632.22,10,0,0,7.83,0,0,0
2026-09-17T10:51:29.038496+00:00,1809.92,10,0,1,1.27,1,0,0
2026-09-17T10:53:04.571687+00:00,5811.06,10,0,3,3.23,0,0,0
2026-09-17T10:55:40.591657+00:00,2129.47,10,0,0,3.73,0,1,0
2026-09-17T10:56:25.415639+00:00,14153.23,10,0,2,1.71,0,1,0
2026-09-17T10:59:30.771177+00:00,1913.23,10,1,0,3.58,0,1,0
2026-09-17T11:01:45.132048+00:00,17979.18,11,0,1,2.48,1,1,1
2026-09-17T11:06:25.420279+00:00,225.36,11,0,0,8.34,0,0,0
2026-09-17T11:11:13.684668+00:00,3450.11,11,1,3,5.27,0,0,0
2026-09-17T11:13:07.436771+00:00,6161.36,11,0,2,0.62,1,0,0
2026-09-17T11:35:53.676182+00:00,9196.76,11,2,1,2.26,1,0,0
2026-09-17T11:36:50.569956+00:00,19010.93,11,0,1,1.35,0,0,0
2026-09-17T11:41:40.826090+00:00,1120.91,11,0,1,2.12,0,1,0
2026-09-17T11:56:12.848419+00:00,2800.92,11,0,1,5.32,0,1,0
2026-09-17T11:56:39.396231+00:00,1977.26,11,0,1,11.01,0,0,0
2026-09-17T11:59:34.628301+00:00,2715.02,11,0,1,2.05,1,0,0
2026-09-17T12:01:59.818129+00:00,16376.39,12,0,2,7.48,1,1,1
2026-09-17T12:03:29.728748+00:00,6264.74,12,0,0,1.92,1,0,0
2026-09-17T12:11:43.071697+00:00,7750.14,12,1,1,0.23,0,0,0
2026-09-17T12:21:39.001708+00:00,1971.11,12,1,3,3.6,1,0,0
2026-09-17T12:24:32.420994+00:00,20008.85,12,0,0,3.68,1,0,0
2026-09-17T12:28:41.493486+00:00,545.74,12,0,1,1.33,1,0,0
2026-09-17T12:29:13.557041+00:00,3744.06,12,0,0,2.3,0,1,0
2026-09-17T12:30:33.738766+00:00,1257.77,12,0,3,4.5,0,0,0
2026-09-17T12:35:41.692843+00:00,7749.06,12,2,1,9.33,0,0,0
2026-09-17T12:41:41.725475+00:00,3617.55,12,0,1,3.44,0,0,0
2026-09-17T12:45:57.639201+00:00,3380.22,12,0,0,8.79,0,0,0
2026-09-17T12:46:00.976344+00:00,20955.64,12,0,3,2.28,1,1,1
2026-09-17T12:47:42.830415+00:00,209.94,12,0,2,4.27,2,0,0
2026-09-17T12:48:00.632622+00:00,8658.74,12,1,0,5.43,0,0,0
2026-09-17T12:49:44.950999+00:00,22450.6,12,0,0,4.11,0,0,0
2026-09-17T12:50:59.367786+00:00,16464.42,12,0,1,3.77,2,0,1
2026-09-17T12:55:44.759704+00:00,2526.55,12,0,2,8.42,0,0,0
2026-09-17T12:56:43.006866+00:00,4022.42,12,0,2,5.45,1,1,0
2026-09-17T12:58:49.730857+00:00,245.12,12,0,2,8.98,0,1,0
2026-09-17T12:59:04.236246+00:00,3256.66,12,1,0,4.55,0,1,0
2026-09-17T13:01:18.853306+00:00,4689.38,13,0,1,2.56,1,0,0
2026-09-17T13:01:56.502925+00:00,4883.67,13,0,1,0.21,0,1,0
2026-09-17T13:08:25.843810+00:00,4764.52,13,0,2,0.8,0,0,0
2026-09-17T13:08:45.320732+00:00,14468.72,13,0,1,7.5,0,0,0
2026-09-17T13:15:36.956266+00:00,11915.83,13,1,3,5.02,1,1,0
2026-09-17T13:19:04.170021+00:00,17133.35,13,0,1,2.37,0,1,1
2026-09-17T13:19:49.552681+00:00,311.54,13,0,0,7.34,1,1,0
2026-09-17T13:24:23.744732+00:00,8878.79,13,0,0,8.5,0,0,0
2026-09-17T13:26:45.995957+00:00,18796.44,13,0,2,4.0,0,1,1
2026-09-17T13:35:10.381747+00:00,3800.4,13,1,2,3.02,0,0,0
2026-09-17T13:36:57.459041+00:00,1380.5,13,0,3,6.83,3,1,1
2026-09-17T13:45:18.051939+00:00,11049.99,13,0,0,5.19,0,0,0
2026-09-17T13:45:32.952003+00:00,20859.85,13,0,3,2.72,1,0,0
2026-09-17T13:47:25.406012+00:00,16126.9,13,0,3,5.26,0,0,0
2026-09-17T13:59:17.437791+00:00,1847.84,13,0,2,4.43,0,0,0
2026-09-17T13:59:47.078024+00:00,15077.27,13,1,1,0.46,0,0,0
2026-09-17T14:02:09.254287+00:00,3378.86,14,0,1,6.98,0,0,0
2026-09-17T14:09:44.070077+00:00,509.52,14,0,2,12.11,2,1,1
2026-09-17T14:12:00.743451+00:00,4095.57,14,0,3,5.49,0,1,0
2026-09-17T14:19:11.822394+00:00,12674.64,14,0,2,5.4,0,0,0
2026-09-17T14:20:35.445615+00:00,5283.98,14,0,1,3.99,0,0,0
2026-09-17T14:22:16.819506+00:00,6351.94,14,1,0,2.01,0,0,0
2026-09-17T14:22:50.877170+00:00,20219.14,14,1,2,1.95,0,0,0
2026-09-17T14:27:59.491445+00:00,1317.2,14,0,1,3.28,1,1,0
2026-09-17T14:29:10.135298+00:00,2389.08,14,1,0,2.17,0,0,0
2026-09-17T14:32:46.021221+00:00,209.78,14,0,2,4.02,0,0,0
2026-09-17T14:34:39.130116+00:00,9362.26,14,0,1,0.11,0,0,0
2026-09-17T14:40:29.170745+00:00,556.75,14,0,0,2.47,0,1,0
2026-09-17T14:41:33.523148+00:00,7526.17,14,0,1,1.4,0,1,0
2026-09-17T14:42:23.155645+00:00,339.31,14,0,0,8.65,0,0,0
2026-09-17T14:51:10.265886+00:00,5594.36,14,0,2,13.74,0,0,0
2026-09-17T15:00:53.038329+00:00,587.46,15,0,2,0.92,0,1,0
2026-09-17T15:05:58.176673+00:00,184.41,15,0,1,10.58,0,0,0
2026-09-17T15:06:27.656757+00:00,4127.66,15,0,3,3.72,0,0,0
2026-09-17T15:08:01.899503+00:00,1112.39,15,0,0,6.66,0,0,0
2026-09-17T15:22:46.570020+00:00,4071.2,15,1,3,4.65,0,0,0
2026-09-17T15:34:12.270453+00:00,18173.05,15,0,0,12.8,2,0,1
2026-09-17T15:34:40.945167+00:00,428.62,15,0,2,2.19,2,0,0
2026-09-17T15:35:35.869073+00:00,26937.15,15,0,0,6.71,0,1,1
2026-09-17T15:40:15.874334+00:00,1986.57,15,0,1,5.23,0,1,0
2026-09-17T15:44:06.124125+00:00,4303.01,15,0,1,6.09,0,1,0
2026-09-17T15:50:56.864049+00:00,2284.61,15,0,1,9.64,0,1,0
2026-09-17T15:52:24.394398+00:00,20390.29,15,2,2,6.09,0,1,1
2026-09-17T15:54:14.269079+00:00,1214.06,15,0,1,2.22,0,1,0
2026-09-17T15:57:13.155706+00:00,775.5,15,0,1,5.84,0,1,0
2026-09-17T16:02:20.024384+00:00,2562.82,16,0,1,3.13,0,0,0
2026-09-17T16:04:58.823692+00:00,1916.67,16,0,0,7.89,0,1,0
2026-09-17T16:07:08.656960+00:00,1642.34,16,0,0,5.31,0,1,0
2026-09-17T16:08:41.337399+00:00,3632.71,16,0,2,1.04,0,1,0
2026-09-17T16:17:14.117032+00:00,3813.02,16,0,1,1.18,1,1,0
2026-09-17T16:19:24.577494+00:00,210.42,16,0,1,6.37,0,0,0
2026-09-17T16:22:18.305051+00:00,1383.57,16,0,1,10.1,0,0,0
2026-09-17T16:24:00.358318+00:00,1758.01,16,0,0,7.38,3,0,0
2026-09-17T16:24:41.208881+00:00,386.12,16,1,2,2.97,0,0,0
2026-09-17T16:27:35.123099+00:00,21809.52,16,1,2,9.2,0,0,0
2026-09-17T16:27:40.378275+00:00,229.67,16,0,5,2.87,1,1,0
2026-09-17T16:32:18.484020+00:00,17928.46,16,0,1,2.65,0,1,0
2026-09-17T16:36:27.065159+00:00,4328.54,16,0,0,6.65,1,0,0
2026-09-17T16:39:04.169840+00:00,352.84,16,0,1,0.98,0,0,0
2026-09-17T16:46:19.798547+00:00,125.46,16,0,2,11.21,0,0,0
2026-09-17T16:49:29.867527+00:00,4125.36,16,1,0,3.32,0,1,0
2026-09-17T16:49:36.004632+00:00,1910.81,16,0,3,8.6,0,1,0
2026-09-17T16:55:29.935250+00:00,25118.08,16,1,0,12.39,0,0,1
2026-09-17T16:59:12.170260+00:00,8284.48,16,1,1,2.41,0,0,0
2026-09-17T17:07:01.357949+00:00,2986.54,17,1,1,10.87,0,0,0
2026-09-17T17:08:11.821734+00:00,722.9,17,0,0,1.75,0,1,0
2026-09-17T17:10:47.200773+00:00,4937.28,17,0,0,2.46,0,0,0
2026-09-17T17:33:18.040007+00:00,10041.75,17,0,2,2.47,0,0,0
2026-09-17T17:36:39.980494+00:00,2837.76,17,0,0,6.17,0,1,0
2026-09-17T17:37:27.077247+00:00,3726.23,17,0,3,2.34,0,0,0
2026-09-17T17:39:31.214236+00:00,1377.43,17,0,0,1.41,0,0,0
2026-09-17T17:41:56.570857+00:00,1597.61,17,0,0,3.42,0,1,0
2026-09-17T17:42:00.992773+00:00,4305.51,17,2,2,2.45,0,1,0
2026-09-17T17:44:06.226301+00:00,8469.33,17,0,1,11.65,0,1,0
2026-09-17T17:46:11.146075+00:00,3232.87,17,0,2,2.98,1,1,0
2026-09-17T18:04:43.793573+00:00,5051.76,18,0,2,7.24,0,0,0
2026-09-17T18:06:43.667143+00:00,19087.15,18,3,1,1.2,0,1,1
2026-09-17T18:08:41.967652+00:00,822.26,18,0,0,3.8,0,0,0
2026-09-17T18:10:58.040752+00:00,2489.96,18,0,4,11.85,0,0,0
2026-09-17T18:17:23.003461+00:00,15775.02,18,0,3,7.33,0,0,0
2026-09-17T18:21:44.327668+00:00,3285.1,18,1,2,17.28,0,0,0
2026-09-17T18:24:43.567777+00:00,1163.43,18,0,1,2.42,0,0,0
2026-09-17T18:26:57.866445+00:00,5077.51,18,1,2,7.89,0,0,0
2026-09-17T18:27:08.968157+00:00,5342.67,18,0,1,0.1,0,0,0
2026-09-17T18:30:13.982722+00:00,2054.32,18,0,0,8.0,0,1,0
2026-09-17T18:40:36.852069+00:00,15793.47,18,0,0,3.91,0,0,0
2026-09-17T18:45:38.842037+00:00,3390.08,18,1,1,2.27,0,1,0
2026-09-17T18:45:39.254282+00:00,15841.99,18,0,4,1.54,0,1,1
2026-09-17T18:52:30.698248+00:00,23236.11,18,1,0,4.32,2,1,1
2026-09-17T19:01:12.102305+00:00,176.58,19,0,0,13.82,0,1,0
2026-09-17T19:01:26.632771+00:00,115.82,19,0,2,3.86,0,0,0
2026-09-17T19:08:02.339855+00:00,1295.82,19,0,0,3.87,0,1,0
2026-09-17T19:08:04.819896+00:00,757.24,19,0,2,3.53,0,0,0
2026-09-17T19:13:24.309908+00:00,5426.15,19,0,2,2.04,0,0,0
2026-09-17T19:16:35.985229+00:00,6021.85,19,1,1,11.66,0,0,0
2026-09-17T19:18:30.155945+00:00,1017.57,19,1,1,8.49,0,0,0
2026-09-17T19:21:11.771669+00:00,1320.79,19,0,1,4.42,0,0,0
2026-09-17T19:23:02.541063+00:00,922.43,19,0,3,0.66,0,1,0
2026-09-17T19:24:09.927413+00:00,7708.43,19,0,5,4.53,1,1,0
2026-09-17T19:25:39.522192+00:00,2295.07,19,2,0,3.05,0,0,0
2026-09-17T19:26:15.467756+00:00,3476.04,19,1,1,1.83,1,0,0
2026-09-17T19:28:30.148221+00:00,1778.3,19,0,0,4.15,0,0,0
2026-09-17T19:29:40.073617+00:00,3250.39,19,0,0,2.22,0,1,0
2026-09-17T19:32:42.692814+00:00,1620.08,19,3,2,4.07,0,0,0
2026-09-17T19:32:45.777340+00:00,1388.09,19,0,0,3.53,0,1,0
2026-09-17T19:33:34.922449+00:00,3280.59,19,2,0,1.51,0,0,0
2026-09-17T19:38:36.884979+00:00,2921.41,19,0,0,6.82,0,0,0
2026-09-17T19:45:11.413846+00:00,1171.91,19,0,3,6.85,0,0,0
2026-09-17T19:45:26.107848+00:00,18260.34,19,0,1,0.39,0,1,1
2026-09-17T19:46:44.140668+00:00,1531.29,19,0,1,4.81,0,1,0
2026-09-17T19:47:35.876329+00:00,1776.74,19,1,2,1.51,0,0,0
2026-09-17T19:49:32.154657+00:00,22544.5,19,0,3,3.91,0,0,0
2026-09-17T19:51:47.229062+00:00,7930.64,19,0,0,9.38,0,1,0
2026-09-17T19:51:54.115072+00:00,177.94,19,1,0,0.53,0,1,0
2026-09-17T19:54:13.235688+00:00,953.65,19,0,1,8.76,0,0,0
2026-09-17T19:55:48.586842+00:00,749.02,19,0,1,0.13,0,0,0
2026-09-17T19:59:47.574700+00:00,2292.79,19,0,1,4.51,0,0,0
2026-09-17T20:01:59.033701+00:00,1857.1,20,0,0,2.53,0,0,0
2026-09-17T20:14:17.901460+00:00,4238.48,20,0,0,3.09,0,0,0
2026-09-17T20:14:45.421661+00:00,948.39,20,0,0,2.14,0,0,0
2026-09-17T20:14:56.535688+00:00,2948.42,20,0,0,5.42,0,0,0
2026-09-17T20:19:01.791941+00:00,6949.39,20,0,0,9.91,0,1,0
2026-09-17T20:20:18.066151+00:00,7789.61,20,0,1,2.67,1,0,0
2026-09-17T20:23:50.113603+00:00,10264.62,20,0,0,2.98,0,0,0
2026-09-17T20:24:30.054076+00:00,21407.57,20,0,1,1.28,0,1,1
2026-09-17T20:33:36.427946+00:00,7625.86,20,0,3,2.35,0,0,0
2026-09-17T20:40:16.076314+00:00,915.25,20,0,0,7.08,0,0,0
2026-09-17T20:41:52.640780+00:00,764.4,20,0,1,6.16,0,0,0
2026-09-17T20:47:21.807473+00:00,13905.42,20,0,1,3.38,0,0,0
2026-09-17T20:48:39.975414+00:00,3986.57,20,1,2,3.83,0,0,0
2026-09-17T20:49:24.463609+00:00,24592.1,20,0,1,10.86,0,1,0
2026-09-17T20:50:31.247282+00:00,722.22,20,0,1,9.46,0,0,0
2026-09-17T20:54:23.800268+00:00,3302.23,20,0,1,1.77,0,0,0
2026-09-17T20:54:30.765255+00:00,4451.14,20,0,2,10.96,0,0,0
2026-09-17T20:58:33.809807+00:00,8462.39,20,2,2,3.86,0,1,1
2026-09-17T20:58:37.082651+00:00,17680.05,20,0,1,6.18,0,1,1
2026-09-17T21:00:35.412194+00:00,11312.47,21,0,1,12.74,0,1,0
2026-09-17T21:04:33.397531+00:00,1412.39,21,0,2,15.03,2,1,0
2026-09-17T21:07:37.882334+00:00,1438.15,21,0,1,4.59,0,0,0
2026-09-17T21:09:46.534121+00:00,2565.92,21,0,0,8.4,0,0,0
2026-09-17T21:21:29.899907+00:00,1607.84,21,1,3,2.65,0,0,0
2026-09-17T21:26:59.657158+00:00,19319.23,21,0,1,8.87,1,0,0
2026-09-17T21:33:48.456348+00:00,4270.94,21,0,1,4.16,0,0,0
2026-09-17T21:34:22.110902+00:00,4518.2,21,0,1,7.08,0,0,0
2026-09-17T21:34:29.458646+00:00,4457.65,21,1,2,4.19,0,1,0
2026-09-17T21:35:39.635823+00:00,1414.09,21,0,1,1.35,0,0,0
2026-09-17T21:48:33.497868+00:00,2424.0,21,1,0,1.06,0,1,0
2026-09-17T21:49:33.117765+00:00,1487.99,21,0,2,3.2,1,0,0
2026-09-17T21:51:59.107526+00:00,111.73,21,3,0,5.65,0,1,1
2026-09-17T22:02:38.521011+00:00,21309.09,22,1,1,2.98,0,0,0
2026-09-17T22:07:30.724896+00:00,482.77,22,0,1,2.37,0,1,0
2026-09-17T22:09:22.493048+00:00,326.96,22,0,1,5.32,0,0,0
2026-09-17T22:13:25.994505+00:00,4567.32,22,0,2,0.1,0,0,0
2026-09-17T22:14:35.939951+00:00,90.57,22,0,0,5.97,0,1,0
2026-09-17T22:18:23.967472+00:00,10282.05,22,0,1,8.47,0,1,0
2026-09-17T22:28:46.811904+00:00,2377.23,22,0,1,6.93,0,0,0
2026-09-17T22:34:04.651617+00:00,13101.63,22,0,1,8.78,0,0,0
2026-09-17T22:34:44.424803+00:00,251.19,22,0,0,0.97,0,0,0
2026-09-17T22:35:48.246108+00:00,2863.01,22,0,0,4.76,1,0,0
2026-09-17T22:40:22.016041+00:00,1435.19,22,2,2,6.16,0,0,0
2026-09-17T22:44:01.911769+00:00,5994.68,22,0,1,6.07,0,1,0
2026-09-17T22:44:56.860488+00:00,1494.24,22,0,0,4.72,0,0,0
2026-09-17T22:46:56.416586+00:00,1025.65,22,0,2,10.42,0,1,0
2026-09-17T22:49:11.183220+00:00,6296.12,22,0,2,13.41,0,1,0
2026-09-17T22:54:54.407314+00:00,1562.24,22,0,0,5.44,0,1,0
2026-09-17T23:01:21.495074+00:00,13821.63,23,1,0,4.03,0,0,0
2026-09-17T23:11:06.160239+00:00,1643.27,23,0,2,6.74,0,1,0
2026-09-17T23:11:30.618428+00:00,3461.05,23,0,1,5.06,0,0,0
2026-09-17T23:14:48.920790+00:00,999.24,23,0,2,8.95,0,0,0
2026-09-17T23:15:03.712472+00:00,19841.04,23,0,1,5.57,0,0,0
2026-09-17T23:17:09.495162+00:00,246.84,23,0,3,4.01,0,0,0
2026-09-17T23:19:01.670155+00:00,2898.26,23,0,2,7.34,0,0,0
2026-09-17T23:27:21.688575+00:00,4577.75,23,0,1,4.11,0,1,0
2026-09-17T23:28:55.524179+00:00,1766.44,23,0,0,1.05,0,0,0
2026-09-17T23:29:25.269951+00:00,1804.41,23,0,1,7.01,0,1,0
2026-09-17T23:31:56.675695+00:00,355.76,23,0,0,10.56,0,0,0
2026-09-17T23:42:58.888220+00:00,781.83,23,0,1,4.77,0,0,0
2026-09-17T23:50:59.693493+00:00,597.71,23,1,1,9.08,1,0,0
2026-09-17T23:55:21.043300+00:00,2162.97,23,0,2,3.35,0,1,0
2026-09-17T23:56:25.621128+00:00,2471.01,23,0,1,10.03,0,0,0
2026-09-18T00:01:27.377489+00:00,9579.22,0,0,2,2.64,0,0,0
2026-09-18T00:09:33.947966+00:00,303.36,0,1,2,5.59,0,1,0
2026-09-18T00:15:27.519306+00:00,2991.07,0,1,0,1.85,0,1,0
2026-09-18T00:20:53.840266+00:00,2452.32,0,1,1,5.48,0,0,0
2026-09-18T00:25:18.817127+00:00,2383.69,0,0,0,4.28,0,1,0
2026-09-18T00:28:58.570212+00:00,6667.43,0,1,0,0.4,0,0,0
2026-09-18T00:31:51.968876+00:00,796.29,0,1,2,6.24,0,0,0
2026-09-18T00:43:02.692215+00:00,193.21,0,0,2,2.86,0,0,0
2026-09-18T00:43:10.067066+00:00,3629.82,0,3,2,2.27,0,0,0
2026-09-18T00:45:29.617387+00:00,1414.75,0,1,0,8.14,0,1,0
2026-09-18T00:48:00.078705+00:00,116.79,0,2,0,3.56,0,0,0
2026-09-18T00:52:20.339134+00:00,986.45,0,1,0,2.75,1,1,0
2026-09-18T00:57:00.496530+00:00,21237.37,0,1,0,5.85,0,1,1
2026-09-18T00:59:30.345305+00:00,3129.75,0,2,1,3.93,0,1,0
2026-09-18T01:00:31.039669+00:00,666.24,1,0,0,3.23,3,0,1
2026-09-18T01:17:46.874951+00:00,20343.95,1,1,2,0.8,0,0,1
2026-09-18T01:22:04.664889+00:00,19256.73,1,0,2,1.52,0,1,1
2026-09-18T01:24:04.970213+00:00,2027.28,1,0,2,2.34,0,0,0
2026-09-18T01:24:15.026577+00:00,11731.63,1,1,0,3.05,0,0,0
2026-09-18T01:26:41.561296+00:00,209.03,1,0,0,0.92,0,1,0
2026-09-18T01:26:41.748891+00:00,25203.82,1,1,0,4.26,0,1,1
2026-09-18T01:29:33.224168+00:00,2850.8,1,0,2,8.44,0,1,1
2026-09-18T01:32:32.393299+00:00,5142.56,1,0,1,3.22,0,1,0
2026-09-18T01:35:28.659312+00:00,1860.99,1,0,1,3.08,0,0,0
2026-09-18T01:35:58.344367+00:00,1995.49,1,0,0,4.55,0,1,0
2026-09-18T01:40:44.826125+00:00,6826.93,1,0,0,10.16,0,1,0
2026-09-18T01:44:56.228925+00:00,7300.75,1,0,1,5.67,3,0,1
2026-09-18T01:45:38.477439+00:00,932.68,1,0,1,3.49,0,0,0
2026-09-18T01:45:43.281991+00:00,20867.8,1,0,2,4.28,0,0,1
2026-09-18T01:49:51.903408+00:00,2254.07,1,0,1,15.4,0,1,1
2026-09-18T01:57:22.614260+00:00,7437.15,1,0,0,4.42,2,1,1
2026-09-18T02:02:54.552828+00:00,1305.22,2,0,0,18.85,0,0,0
2026-09-18T02:06:57.131957+00:00,19820.34,2,0,1,2.27,0,1,1
2026-09-18T02:08:19.459743+00:00,4000.87,2,0,1,3.52,1,1,0
2026-09-18T02:10:27.513732+00:00,4885.99,2,0,1,5.9,0,0,0
2026-09-18T02:13:22.832461+00:00,2715.81,2,0,2,2.68,0,0,0
2026-09-18T02:19:25.725284+00:00,1707.76,2,0,1,5.64,0,1,1
2026-09-18T02:26:11.532755+00:00,10977.54,2,4,1,3.37,1,0,1
2026-09-18T02:27:22.296112+00:00,3084.09,2,0,0,12.14,0,1,0
2026-09-18T02:37:03.858254+00:00,4232.91,2,0,2,6.17,0,0,0
2026-09-18T02:37:15.195403+00:00,1413.9,2,0,5,2.5,0,1,1
2026-09-18T02:46:00.940693+00:00,3607.23,2,0,3,12.15,0,0,1
2026-09-18T02:46:53.790114+00:00,1014.03,2,0,1,5.84,0,1,0
2026-09-18T02:46:58.645491+00:00,959.73,2,0,0,4.85,0,0,0
2026-09-18T02:48:32.233777+00:00,4073.73,2,1,2,16.78,0,1,1
2026-09-18T02:48:58.793865+00:00,2418.01,2,0,2,21.57,0,0,0
2026-09-18T02:55:28.323211+00:00,3739.12,2,0,1,12.27,0,0,0
2026-09-18T03:00:46.205923+00:00,1064.61,3,0,1,2.82,1,0,0
2026-09-18T03:04:25.600845+00:00,2981.93,3,0,1,2.74,1,0,0
2026-09-18T03:14:19.852117+00:00,1937.98,3,0,0,1.25,0,1,0
2026-09-18T03:29:20.617439+00:00,2967.9,3,1,0,3.31,0,0,0
2026-09-18T03:39:03.144172+00:00,1159.94,3,0,1,3.53,0,1,0
2026-09-18T03:40:29.665671+00:00,4081.92,3,0,1,6.0,0,0,0
2026-09-18T03:43:45.250441+00:00,5306.51,3,0,2,1.27,0,1,0
2026-09-18T03:48:03.651011+00:00,1023.18,3,0,1,5.36,0,1,0
2026-09-18T03:51:56.030311+00:00,1204.2,3,0,1,2.04,3,0,1
2026-09-18T03:55:40.271274+00:00,3523.07,3,0,1,3.47,0,0,0
2026-09-18T03:57:27.008814+00:00,23709.11,3,3,1,1.82,1,1,1
2026-09-18T03:59:18.539699+00:00,3956.74,3,0,1,1.97,1,0,0
2026-09-18T04:00:36.734720+00:00,3733.29,4,4,0,2.68,0,0,1
2026-09-18T04:02:36.599739+00:00,1656.51,4,0,2,0.76,0,1,1
2026-09-18T04:09:30.052694+00:00,1667.31,4,0,0,3.15,0,0,0
2026-09-18T04:18:39.022425+00:00,1001.2,4,1,2,4.3,0,0,0
2026-09-18T04:18:49.879630+00:00,605.89,4,0,2,3.42,0,0,0
2026-09-18T04:23:19.154344+00:00,3834.5,4,0,3,13.95,1,0,1
2026-09-18T04:26:01.968223+00:00,373.03,4,0,0,3.96,0,0,0
2026-09-18T04:28:12.121407+00:00,8947.28,4,2,2,3.38,3,0,1
2026-09-18T04:34:24.575204+00:00,5668.49,4,0,2,0.92,0,0,0
2026-09-18T04:39:45.008009+00:00,6295.05,4,1,2,6.36,0,0,0
2026-09-18T04:41:55.805691+00:00,7649.12,4,0,0,4.69,2,0,1
2026-09-18T04:42:14.714154+00:00,1740.87,4,0,1,11.27,0,0,0
2026-09-18T04:44:07.590098+00:00,6061.16,4,0,1,7.53,0,1,1
2026-09-18T04:45:09.232632+00:00,610.55,4,2,0,1.23,0,0,1
2026-09-18T04:45:16.632888+00:00,130.01,4,0,1,1.28,0,0,0
2026-09-18T04:47:16.478064+00:00,4977.16,4,0,1,8.25,0,1,0
2026-09-18T04:47:55.246146+00:00,308.77,4,0,3,1.61,0,0,1
2026-09-18T04:51:57.779999+00:00,14356.18,4,0,2,4.03,0,0,0
2026-09-18T05:05:19.630992+00:00,22918.57,5,0,0,1.48,0,1,1
2026-09-18T05:05:52.503972+00:00,24070.42,5,0,2,3.38,0,0,0
2026-09-18T05:07:17.204788+00:00,962.73,5,0,1,7.87,0,0,0
2026-09-18T05:07:53.655698+00:00,3645.42,5,0,2,8.43,0,0,0
2026-09-18T05:07:55.862993+00:00,201.38,5,3,1,6.25,0,0,0
2026-09-18T05:09:31.330779+00:00,5881.07,5,0,2,3.69,0,1,0
2026-09-18T05:10:42.076284+00:00,21573.19,5,0,2,3.97,1,0,0
2026-09-18T05:13:54.953048+00:00,22874.72,5,1,0,7.98,2,1,1
2026-09-18T05:17:15.635556+00:00,873.51,5,0,1,0.63,1,0,0
2026-09-18T05:18:49.272344+00:00,286.91,5,0,2,1.83,0,1,0
2026-09-18T05:21:20.083900+00:00,2161.77,5,1,2,4.2,0,1,0
2026-09-18T05:25:04.339506+00:00,653.5,5,0,0,5.08,0,0,0
2026-09-18T05:25:50.955604+00:00,4243.28,5,0,2,10.1,0,0,0
2026-09-18T05:32:38.848497+00:00,14200.29,5,0,1,2.86,0,1,0
2026-09-18T05:33:59.506389+00:00,1401.66,5,0,0,11.02,0,0,0
2026-09-18T05:38:29.315034+00:00,2741.7,5,0,1,7.47,0,0,0
2026-09-18T05:40:00.785028+00:00,1133.37,5,0,3,3.16,0,1,0
2026-09-18T05:43:36.366977+00:00,1579.35,5,0,2,1.76,0,0,0
2026-09-18T05:49:51.109023+00:00,5470.45,5,0,1,1.26,0,1,0
2026-09-18T05:54:15.175158+00:00,691.96,5,1,1,6.68,0,1,0
2026-09-18T06:02:31.677538+00:00,334.49,6,0,1,7.44,0,1,0
2026-09-18T06:09:35.758406+00:00,1333.69,6,0,1,2.5,0,1,0
2026-09-18T06:12:51.312143+00:00,1827.37,6,0,1,2.55,1,1,0
2026-09-18T06:16:06.670304+00:00,17206.92,6,1,0,7.31,0,1,0
2026-09-18T06:20:52.465032+00:00,14832.41,6,0,3,2.9,0,0,0
2026-09-18T06:27:46.703686+00:00,5052.73,6,0,0,2.41,0,0,0
2026-09-18T06:30:57.177918+00:00,188.36,6,0,0,9.7,0,0,0
2026-09-18T06:34:45.247392+00:00,1868.72,6,1,1,1.26,1,1,0
2026-09-18T06:41:19.043059+00:00,1601.38,6,0,1,1.0,1,0,0
2026-09-18T06:42:09.157482+00:00,3397.37,6,0,1,22.18,0,0,0
2026-09-18T06:48:39.797821+00:00,10906.57,6,0,3,0.3,0,0,0
2026-09-18T06:51:37.375666+00:00,2345.17,6,0,4,3.52,0,0,0
2026-09-18T07:01:34.445769+00:00,13926.81,7,3,2,9.9,0,0,1
2026-09-18T07:02:59.215663+00:00,1211.66,7,1,1,3.96,1,1,0
2026-09-18T07:05:47.826280+00:00,160.33,7,0,1,0.75,0,0,0
2026-09-18T07:06:55.145235+00:00,639.58,7,1,1,3.68,0,0,0
2026-09-18T07:09:00.089035+00:00,1668.75,7,0,0,4.99,1,0,0
2026-09-18T07:11:34.274174+00:00,15796.22,7,1,3,8.56,0,1,1
2026-09-18T07:15:49.578574+00:00,386.7,7,0,0,4.02,0,1,0
2026-09-18T07:24:08.328179+00:00,1873.75,7,0,4,0.75,0,1,0
2026-09-18T07:24:18.497346+00:00,1380.53,7,2,0,4.34,0,1,0
2026-09-18T07:26:34.091655+00:00,478.61,7,1,1,2.5,0,1,0
2026-09-18T07:35:24.132739+00:00,1183.66,7,2,1,13.48,0,1,0
2026-09-18T07:36:03.605021+00:00,20512.76,7,0,1,4.95,0,0,1
2026-09-18T07:38:48.706008+00:00,1210.74,7,0,1,4.51,0,0,0
2026-09-18T07:40:16.298220+00:00,4065.14,7,0,0,5.11,0,0,0
2026-09-18T07:41:16.771567+00:00,20102.92,7,0,2,1.82,0,1,0
2026-09-18T07:47:05.769998+00:00,1842.99,7,0,0,3.31,0,0,0
2026-09-18T07:48:06.230999+00:00,934.1,7,0,1,5.63,0,1,0
2026-09-18T07:49:12.280393+00:00,14759.16,7,0,1,8.12,0,0,0
2026-09-18T07:50:52.557488+00:00,2929.6,7,0,2,8.36,0,0,0
2026-09-18T07:54:32.278411+00:00,1442.22,7,0,1,6.76,0,0,0
2026-09-18T07:54:48.430224+00:00,17614.84,7,0,0,11.33,0,0,0
2026-09-18T07:57:55.157746+00:00,456.23,7,0,2,4.15,2,0,0
2026-09-18T08:00:35.352125+00:00,6838.63,8,0,1,5.52,0,1,0
2026-09-18T08:04:37.878988+00:00,1917.21,8,3,0,4.05,0,1,0
2026-09-18T08:07:34.842284+00:00,3200.43,8,0,2,6.15,0,0,0
2026-09-18T08:09:18.503211+00:00,2217.28,8,0,0,7.29,2,1,1
2026-09-18T08:10:21.598209+00:00,6652.51,8,0,1,1.39,0,0,0
2026-09-18T08:15:42.633310+00:00,2593.5,8,1,2,2.65,0,0,0
2026-09-18T08:17:03.988720+00:00,2157.38,8,0,0,5.29,0,0,0
2026-09-18T08:30:49.755509+00:00,8331.88,8,2,1,1.93,0,1,0
2026-09-18T08:35:49.179575+00:00,4129.94,8,0,2,1.91,0,1,0
2026-09-18T08:39:28.853344+00:00,438.49,8,0,2,2.42,3,0,0
2026-09-18T08:41:23.996527+00:00,686.1,8,0,1,1.31,0,1,0
2026-09-18T08:43:53.100421+00:00,5010.53,8,1,1,1.51,0,1,0
2026-09-18T08:45:46.746019+00:00,5842.34,8,0,0,1.88,0,1,0
2026-09-18T08:49:43.732873+00:00,2581.21,8,0,1,1.88,0,0,0
2026-09-18T08:50:18.346408+00:00,22837.79,8,0,1,1.35,0,0,0
2026-09-18T08:50:34.602551+00:00,3258.37,8,0,2,5.79,1,1,0
2026-09-18T08:54:59.166037+00:00,1910.37,8,4,0,4.87,0,1,1
2026-09-18T08:56:41.222136+00:00,22696.79,8,0,0,9.14,0,0,0
2026-09-18T08:58:12.354090+00:00,427.45,8,0,1,2.67,0,0,0
2026-09-18T08:58:36.920823+00:00,10464.41,8,0,1,1.42,0,0,0
2026-09-18T09:10:18.706481+00:00,4498.12,9,0,0,1.98,1,0,0
2026-09-18T09:11:04.498285+00:00,3251.78,9,0,1,8.88,0,0,0
2026-09-18T09:25:25.255224+00:00,1276.86,9,0,0,8.85,0,0,0
2026-09-18T09:36:53.059777+00:00,621.57,9,0,0,6.1,0,0,0
2026-09-18T09:37:03.340676+00:00,22296.51,9,1,2,2.03,1,0,0
2026-09-18T09:37:24.399464+00:00,3527.07,9,0,1,2.78,0,1,0
2026-09-18T09:37:36.435780+00:00,3273.85,9,1,0,4.93,1,0,0
2026-09-18T09:40:11.249736+00:00,1603.38,9,2,2,3.57,0,0,0
2026-09-18T09:44:54.700179+00:00,3100.23,9,0,2,6.0,0,0,0
2026-09-18T09:45:18.163037+00:00,5438.1,9,0,2,9.06,0,1,0
2026-09-18T09:49:21.556539+00:00,145.24,9,1,0,6.7,0,1,0
2026-09-18T09:51:19.894749+00:00,1976.69,9,0,0,3.6,0,0,0
2026-09-18T09:55:23.463825+00:00,4607.57,9,0,0,12.95,0,0,0
2026-09-18T10:07:20.368056+00:00,2587.92,10,0,2,9.68,0,1,0
2026-09-18T10:10:48.280868+00:00,18246.13,10,0,0,0.25,0,1,1
2026-09-18T10:11:10.473952+00:00,2386.62,10,0,1,1.44,0,1,0
2026-09-18T10:17:10.815209+00:00,15460.81,10,0,0,2.01,0,0,0
2026-09-18T10:18:27.780902+00:00,239.74,10,0,2,3.35,1,0,0
2026-09-18T10:22:06.365867+00:00,2221.27,10,1,1,8.71,0,1,0
2026-09-18T10:24:56.875022+00:00,366.78,10,0,1,1.96,0,0,0
2026-09-18T10:27:24.800170+00:00,617.11,10,0,1,3.08,0,0,0
2026-09-18T10:32:23.952293+00:00,1605.43,10,0,1,5.62,0,0,0
2026-09-18T10:35:17.787722+00:00,600.99,10,0,2,3.3,0,0,0
2026-09-18T10:37:27.621669+00:00,10669.87,10,0,2,9.21,0,1,0
2026-09-18T10:38:23.438413+00:00,9447.22,10,0,1,4.72,0,1,0
2026-09-18T10:38:52.759864+00:00,1370.84,10,1,1,4.57,0,0,0
2026-09-18T10:41:55.675179+00:00,3327.04,10,1,2,3.77,0,0,0
2026-09-18T10:48:21.047675+00:00,2501.73,10,0,2,1.84,0,0,0
2026-09-18T10:51:19.534248+00:00,5469.85,10,0,1,4.76,0,1,0
2026-09-18T10:51:20.198320+00:00,20468.28,10,1,1,1.3,1,0,0
2026-09-18T10:53:35.582171+00:00,15609.44,10,0,1,5.85,0,1,1
2026-09-18T10:56:51.850432+00:00,4669.38,10,2,1,9.14,0,1,1
2026-09-18T11:00:08.399572+00:00,4456.05,11,0,1,4.68,1,0,0
2026-09-18T11:09:20.686217+00:00,2340.91,11,0,0,5.52,0,0,0
2026-09-18T11:15:08.499815+00:00,7523.07,11,1,0,3.1,0,1,0
2026-09-18T11:16:13.126778+00:00,7710.65,11,1,3,8.99,0,0,0
2026-09-18T11:17:34.306484+00:00,2434.89,11,1,0,3.74,0,0,0
2026-09-18T11:20:55.313693+00:00,3056.68,11,0,1,5.86,0,0,0
2026-09-18T11:21:09.679235+00:00,18176.22,11,1,1,3.42,0,0,0
2026-09-18T11:22:43.498231+00:00,18146.53,11,0,0,5.29,0,0,0
2026-09-18T11:25:39.141780+00:00,1315.92,11,0,0,2.99,0,1,0
2026-09-18T11:32:02.372754+00:00,705.89,11,1,1,6.34,0,0,0
2026-09-18T11:34:12.499599+00:00,7298.67,11,0,3,0.41,0,1,0
2026-09-18T11:35:35.903391+00:00,4426.36,11,0,0,6.37,0,0,0
2026-09-18T11:37:03.748497+00:00,417.28,11,0,1,12.78,0,1,0
2026-09-18T11:38:22.605605+00:00,12874.53,11,0,1,7.38,0,1,0
2026-09-18T11:39:00.706881+00:00,4261.28,11,1,2,3.95,0,1,0
2026-09-18T11:46:53.089028+00:00,6141.94,11,0,0,3.54,0,1,0
2026-09-18T11:57:44.720197+00:00,217.92,11,1,1,6.24,0,1,0
2026-09-18T11:59:34.594605+00:00,2309.98,11,1,0,2.52,0,0,0
2026-09-18T12:05:09.330446+00:00,21354.4,12,0,0,3.76,0,1,1
2026-09-18T12:07:36.021558+00:00,2565.46,12,0,3,1.87,0,0,0
2026-09-18T12:07:51.865932+00:00,3575.37,12,0,1,7.93,0,0,0
2026-09-18T12:15:00.290601+00:00,5509.78,12,1,2,4.0,2,0,0
2026-09-18T12:20:09.406396+00:00,1560.62,12,0,0,4.98,0,0,0
2026-09-18T12:21:32.284345+00:00,6102.51,12,1,0,1.72,0,0,0
2026-09-18T12:36:54.450290+00:00,629.06,12,0,0,6.14,0,0,0
2026-09-18T12:47:49.070858+00:00,1070.96,12,0,1,3.12,0,0,0
2026-09-18T12:51:28.290737+00:00,201.8,12,0,0,4.55,0,0,0
2026-09-18T12:53:47.126782+00:00,1510.33,12,0,2,3.87,0,1,0
2026-09-18T12:56:40.312060+00:00,1589.25,12,0,1,9.43,0,1,0
2026-09-18T13:05:30.983169+00:00,5295.66,13,1,1,1.73,0,0,0
2026-09-18T13:09:39.251122+00:00,3448.18,13,0,1,11.97,0,1,0
2026-09-18T13:19:38.074594+00:00,1896.75,13,0,0,3.11,0,1,0
2026-09-18T13:21:34.705922+00:00,3438.82,13,0,0,1.11,0,1,0
2026-09-18T13:22:11.300031+00:00,233.53,13,0,2,4.33,0,1,0
2026-09-18T13:23:40.094849+00:00,13985.59,13,0,2,4.1,0,0,0
2026-09-18T13:28:37.506484+00:00,3215.32,13,0,0,1.67,0,1,0
2026-09-18T13:29:39.114798+00:00,3341.46,13,0,2,20.27,0,0,0
2026-09-18T13:31:11.548881+00:00,4821.01,13,0,2,8.91,0,0,0
2026-09-18T13:32:01.125302+00:00,1710.68,13,1,1,9.47,0,1,0
2026-09-18T13:39:24.520578+00:00,4162.81,13,0,1,9.14,0,0,0
2026-09-18T13:41:20.787376+00:00,18612.29,13,0,1,3.15,0,0,0
2026-09-18T13:41:22.396517+00:00,10644.08,13,0,2,17.16,0,0,0
2026-09-18T13:43:20.455968+00:00,835.16,13,1,1,6.26,0,1,0
2026-09-18T13:50:13.575555+00:00,2627.19,13,0,1,4.63,0,1,0
2026-09-18T13:51:04.012084+00:00,3006.28,13,0,1,2.47,0,0,0
2026-09-18T13:55:17.256607+00:00,21199.47,13,3,2,4.41,0,0,1
2026-09-18T13:59:50.929315+00:00,778.8,13,0,1,3.65,0,0,0
2026-09-18T14:11:24.453012+00:00,21068.41,14,0,0,5.79,0,0,0
2026-09-18T14:14:02.534925+00:00,1419.78,14,0,1,2.79,0,0,0
2026-09-18T14:15:44.733972+00:00,2448.23,14,0,0,8.82,1,1,0
2026-09-18T14:20:27.883906+00:00,905.23,14,0,1,3.36,1,1,0
2026-09-18T14:20:50.725637+00:00,216.11,14,0,0,4.15,0,1,0
2026-09-18T14:22:28.070858+00:00,2779.85,14,0,2,3.19,0,0,0
2026-09-18T14:33:46.987893+00:00,20553.04,14,0,0,4.91,0,1,1
2026-09-18T14:40:56.165868+00:00,702.63,14,0,1,6.69,1,1,0
2026-09-18T14:42:45.318315+00:00,1312.69,14,0,0,14.44,1,0,0
2026-09-18T14:42:57.099130+00:00,221.71,14,0,0,3.43,1,0,0
2026-09-18T14:56:42.898604+00:00,9674.77,14,0,2,3.56,0,0,0
2026-09-18T14:57:30.537989+00:00,2844.76,14,0,0,4.27,0,1,0
2026-09-18T14:58:27.630464+00:00,5455.68,14,0,2,1.92,0,1,0
2026-09-18T15:04:39.450264+00:00,1820.38,15,0,2,0.9,0,0,0
2026-09-18T15:05:20.871390+00:00,7536.14,15,0,1,2.21,0,0,0
2026-09-18T15:15:01.106736+00:00,2173.05,15,0,1,1.27,0,0,0
2026-09-18T15:15:04.390424+00:00,20345.81,15,0,1,3.05,0,0,0
2026-09-18T15:33:11.740869+00:00,2225.98,15,0,0,3.89,0,0,0
2026-09-18T15:33:49.750043+00:00,4288.96,15,1,0,1.4,0,0,0
2026-09-18T15:34:55.699665+00:00,2735.92,15,0,2,3.78,0,0,0
2026-09-18T15:35:19.511864+00:00,1074.09,15,0,0,4.87,0,0,0
2026-09-18T15:45:03.778867+00:00,563.31,15,0,0,6.92,0,1,0
2026-09-18T15:45:21.585038+00:00,3041.5,15,0,0,3.05,0,0,0
2026-09-18T15:45:31.158955+00:00,2209.56,15,0,4,2.28,1,0,0
2026-09-18T15:46:54.268491+00:00,15549.51,15,0,3,1.91,1,1,0
2026-09-18T15:48:30.417847+00:00,17912.03,15,1,2,4.02,0,0,0
2026-09-18T15:49:37.655129+00:00,2374.07,15,0,0,5.64,0,0,0
2026-09-18T15:51:49.581159+00:00,5672.31,15,0,2,4.31,3,0,0
2026-09-18T15:59:40.742247+00:00,313.29,15,0,2,3.44,0,1,0
2026-09-18T16:03:18.422339+00:00,1431.11,16,1,2,14.8,1,0,0
2026-09-18T16:05:36.808853+00:00,19363.22,16,1,2,5.34,0,0,0
2026-09-18T16:07:02.030115+00:00,3405.05,16,2,0,2.83,1,1,0
2026-09-18T16:08:49.985225+00:00,1155.78,16,0,1,3.87,0,1,0
2026-09-18T16:15:57.380106+00:00,6032.78,16,0,1,1.14,0,0,0
2026-09-18T16:18:30.364034+00:00,2235.44,16,0,2,6.5,0,0,0
2026-09-18T16:18:45.737477+00:00,2267.54,16,0,1,3.09,0,0,0
2026-09-18T16:21:01.398423+00:00,12074.33,16,1,0,3.66,0,0,0
2026-09-18T16:23:30.886554+00:00,9466.92,16,0,1,5.98,0,0,0
2026-09-18T16:26:32.792341+00:00,1480.79,16,0,0,6.1,0,0,0
2026-09-18T16:34:06.679952+00:00,544.79,16,0,3,7.3,0,0,0
2026-09-18T16:34:39.152683+00:00,21946.34,16,0,0,0.67,0,1,1
2026-09-18T16:39:50.022062+00:00,159.06,16,0,1,3.0,0,0,0
2026-09-18T16:41:03.612479+00:00,127.16,16,0,0,1.92,0,1,0
2026-09-18T16:47:48.713879+00:00,1670.85,16,0,0,5.74,0,0,0
2026-09-18T16:48:00.341751+00:00,9117.77,16,0,2,6.02,0,1,0
2026-09-18T16:52:07.261561+00:00,6622.29,16,0,1,3.02,0,1,0
2026-09-18T17:07:08.361701+00:00,2352.16,17,1,3,7.92,0,1,0
2026-09-18T17:10:42.241106+00:00,2725.38,17,0,0,4.43,0,1,0
2026-09-18T17:11:25.833048+00:00,79.04,17,0,1,11.35,2,0,0
2026-09-18T17:13:08.665160+00:00,20786.09,17,0,2,0.77,0,0,0
2026-09-18T17:29:14.719366+00:00,140.28,17,0,2,4.21,0,1,0
2026-09-18T17:31:02.209702+00:00,4554.78,17,1,1,3.88,0,0,0
2026-09-18T17:32:47.436490+00:00,14088.53,17,2,1,2.13,0,0,0
2026-09-18T17:34:44.312419+00:00,6565.34,17,0,1,6.49,1,0,0
2026-09-18T17:39:53.072101+00:00,3358.97,17,0,0,7.8,2,0,0
2026-09-18T17:46:03.038823+00:00,893.95,17,0,1,0.58,0,1,0
2026-09-18T17:54:19.377834+00:00,609.26,17,0,1,8.07,0,0,0
2026-09-18T17:56:33.389804+00:00,3221.13,17,1,3,12.01,0,1,0
2026-09-18T18:02:20.089239+00:00,7455.17,18,0,1,5.25,0,0,0
2026-09-18T18:04:33.084361+00:00,4114.8,18,0,1,1.73,0,0,0
2026-09-18T18:10:04.488889+00:00,1431.36,18,0,2,7.45,0,0,0
2026-09-18T18:11:16.518237+00:00,17224.68,18,0,1,1.7,0,1,1
2026-09-18T18:12:06.319362+00:00,1250.94,18,0,1,9.36,0,0,0
2026-09-18T18:13:27.082287+00:00,22683.25,18,1,1,1.3,0,0,0
2026-09-18T18:15:28.346309+00:00,4481.32,18,0,1,9.18,0,1,0
2026-09-18T18:22:40.044482+00:00,3109.3,18,3,0,1.11,0,0,0
2026-09-18T18:23:53.370235+00:00,1821.16,18,0,2,3.51,0,0,0
2026-09-18T18:26:59.724022+00:00,3140.75,18,0,1,6.88,0,0,0
2026-09-18T18:37:28.983559+00:00,19046.25,18,0,0,7.96,0,0,0
2026-09-18T18:40:57.631877+00:00,153.73,18,0,0,7.67,0,0,0
2026-09-18T18:42:02.134012+00:00,1668.55,18,0,1,12.61,0,1,0
2026-09-18T18:44:57.734641+00:00,8591.69,18,0,3,7.43,0,0,0
2026-09-18T18:47:10.627037+00:00,3209.78,18,0,1,1.69,0,0,0
2026-09-18T18:47:54.074790+00:00,340.61,18,0,2,1.85,0,0,0
2026-09-18T18:49:15.319216+00:00,6980.86,18,0,0,5.12,0,0,0
2026-09-18T19:03:21.056365+00:00,1062.15,19,0,2,2.85,0,1,0
2026-09-18T19:08:20.492173+00:00,954.11,19,1,1,7.33,0,0,0
2026-09-18T19:11:00.577689+00:00,1188.09,19,0,0,4.17,0,1,0
2026-09-18T19:14:08.339667+00:00,2814.76,19,0,1,6.7,0,1,0
2026-09-18T19:16:27.373777+00:00,2577.67,19,0,0,2.88,0,1,0
2026-09-18T19:17:20.732023+00:00,2223.59,19,1,1,8.28,0,1,0
2026-09-18T19:17:57.034406+00:00,4105.46,19,1,0,3.99,0,1,0
2026-09-18T19:20:39.060615+00:00,1277.87,19,0,2,6.61,1,0,0
2026-09-18T19:23:46.168568+00:00,19794.82,19,1,3,5.39,0,0,0
2026-09-18T19:24:16.298582+00:00,676.84,19,1,0,4.59,0,0,0
2026-09-18T19:25:40.862905+00:00,4943.56,19,0,3,2.38,1,0,0
2026-09-18T19:25:51.801351+00:00,24023.46,19,0,1,1.7,1,1,1
2026-09-18T19:41:28.088256+00:00,3738.43,19,0,0,12.07,1,0,0
2026-09-18T19:42:37.951117+00:00,2162.14,19,0,2,5.79,0,0,0
2026-09-18T19:47:46.887499+00:00,3578.78,19,0,0,2.88,3,0,0
2026-09-18T19:49:54.046320+00:00,326.12,19,0,0,2.37,2,0,0
2026-09-18T19:55:18.431485+00:00,6164.05,19,0,3,3.13,1,1,0
2026-09-18T20:07:02.193546+00:00,19287.6,20,0,1,4.32,0,1,0
2026-09-18T20:10:26.103903+00:00,575.33,20,1,0,7.33,0,0,0
2026-09-18T20:10:44.092096+00:00,17997.97,20,0,2,1.08,0,1,1
2026-09-18T20:11:40.735249+00:00,4363.4,20,0,1,1.35,0,0,0
2026-09-18T20:13:13.853153+00:00,313.81,20,4,1,3.17,1,0,0
2026-09-18T20:14:29.584221+00:00,8173.07,20,0,1,4.11,0,0,0
2026-09-18T20:18:33.661521+00:00,11690.98,20,0,2,4.61,0,1,0
2026-09-18T20:19:12.954457+00:00,3040.09,20,0,1,9.92,0,0,0
2026-09-18T20:20:30.043385+00:00,2160.23,20,1,1,3.18,0,0,0
2026-09-18T20:22:32.424211+00:00,4387.85,20,0,2,0.39,0,0,0
2026-09-18T20:25:26.786960+00:00,1333.69,20,0,0,3.71,0,0,0
2026-09-18T20:28:45.989616+00:00,2235.25,20,1,0,8.96,0,1,0
2026-09-18T20:30:07.391195+00:00,7991.96,20,0,0,6.2,0,0,0
2026-09-18T20:47:46.595042+00:00,10030.45,20,0,1,2.23,0,1,0
2026-09-18T20:55:13.673146+00:00,21487.19,20,0,2,0.44,0,0,0
2026-09-18T21:01:11.100778+00:00,1034.14,21,0,1,8.24,0,1,0
2026-09-18T21:15:54.962948+00:00,906.64,21,0,0,10.11,0,0,0
2026-09-18T21:24:03.694011+00:00,20586.28,21,1,0,1.26,0,0,0
2026-09-18T21:24:33.322996+00:00,18315.64,21,0,3,5.7,0,1,1
2026-09-18T21:29:32.549402+00:00,19405.81,21,0,0,7.36,0,0,1
2026-09-18T21:31:38.695625+00:00,1559.98,21,0,0,0.34,0,1,0
2026-09-18T21:32:06.449456+00:00,3161.64,21,0,0,6.69,0,0,0
2026-09-18T21:44:27.370623+00:00,4660.63,21,0,0,6.54,0,1,0
2026-09-18T21:47:44.822523+00:00,4316.43,21,0,0,9.8,0,0,0
2026-09-18T21:48:50.813650+00:00,5449.72,21,1,0,3.09,0,1,0
2026-09-18T21:50:49.962301+00:00,164.68,21,0,0,1.72,0,1,0
2026-09-18T21:51:19.514791+00:00,216.51,21,3,0,6.51,0,0,0
2026-09-18T21:56:55.031766+00:00,5044.68,21,1,3,7.85,0,1,0
2026-09-18T21:59:33.715956+00:00,2497.1,21,0,1,3.39,0,0,0
2026-09-18T22:00:11.784481+00:00,2821.87,22,0,0,6.98,0,0,0
2026-09-18T22:03:09.191472+00:00,15528.66,22,0,1,5.88,0,1,1
2026-09-18T22:05:14.847927+00:00,1003.34,22,0,3,8.47,2,0,0
2026-09-18T22:07:27.531775+00:00,3314.69,22,0,2,2.35,4,1,1
2026-09-18T22:12:35.906835+00:00,6332.92,22,0,1,4.93,1,0,0
2026-09-18T22:15:21.903961+00:00,8023.89,22,0,0,5.73,0,1,0
2026-09-18T22:20:43.873204+00:00,2280.76,22,0,1,4.17,0,1,0
2026-09-18T22:21:51.917523+00:00,2583.2,22,0,1,6.39,0,0,0
2026-09-18T22:30:33.071063+00:00,5788.19,22,0,0,7.68,0,1,0
2026-09-18T22:31:06.971331+00:00,2528.41,22,0,2,9.22,0,0,0
2026-09-18T22:32:38.650830+00:00,2387.83,22,0,0,4.01,0,1,0
2026-09-18T22:42:53.439184+00:00,7595.24,22,2,1,4.87,0,0,0
2026-09-18T22:43:04.768693+00:00,5053.05,22,0,3,2.97,1,0,0
2026-09-18T22:44:11.654477+00:00,7732.62,22,1,0,3.83,1,0,0
2026-09-18T22:45:15.747908+00:00,847.89,22,0,1,18.69,0,1,0
2026-09-18T22:47:34.238864+00:00,16580.99,22,0,0,1.97,0,0,0
2026-09-18T22:49:59.474875+00:00,5974.09,22,0,2,8.75,0,1,0
2026-09-18T22:52:23.735482+00:00,437.04,22,1,0,4.56,0,0,0
2026-09-18T22:52:44.579426+00:00,5125.92,22,0,0,3.59,2,0,0
2026-09-18T22:58:44.654960+00:00,19109.16,22,2,1,3.79,1,1,1
2026-09-18T22:59:00.681018+00:00,5342.81,22,0,1,0.39,0,0,0
2026-09-18T22:59:47.053577+00:00,3089.61,22,0,3,3.74,1,1,0
2026-09-18T23:00:52.712272+00:00,747.12,23,0,3,1.84,0,0,0
2026-09-18T23:01:53.119015+00:00,2111.93,23,0,0,2.53,0,0,0
2026-09-18T23:02:57.313688+00:00,3725.3,23,2,2,6.58,0,1,1
2026-09-18T23:08:22.530262+00:00,3275.1,23,0,1,5.5,0,0,0
2026-09-18T23:09:45.910658+00:00,1843.36,23,0,0,8.04,0,0,0
2026-09-18T23:18:30.783812+00:00,7408.07,23,0,2,4.79,0,0,0
2026-09-18T23:21:58.621183+00:00,2403.79,23,0,2,5.54,0,0,0
2026-09-18T23:23:58.801112+00:00,2315.84,23,0,1,4.84,1,0,0
2026-09-18T23:25:35.440365+00:00,265.67,23,0,1,3.83,0,1,0
2026-09-18T23:27:08.679562+00:00,8228.29,23,0,0,9.15,0,0,0
2026-09-18T23:31:51.892080+00:00,683.81,23,1,1,9.03,0,0,0
2026-09-18T23:41:20.169562+00:00,2464.82,23,0,0,8.11,0,0,0
2026-09-18T23:45:57.114627+00:00,5267.8,23,1,1,4.05,0,1,0
2026-09-18T23:48:52.699029+00:00,836.48,23,1,0,4.18,0,1,0
2026-09-18T23:52:27.603965+00:00,2458.24,23,1,0,7.9,0,1,0
2026-09-18T23:58:17.866678+00:00,941.08,23,0,0,7.15,0,1,0
2026-09-18T23:58:25.933678+00:00,4622.71,23,0,0,1.57,0,0,0
2026-09-19T00:02:26.793931+00:00,19321.46,0,0,1,10.5,0,1,1
2026-09-19T00:02:36.540573+00:00,6260.88,0,3,1,5.85,0,1,1
2026-09-19T00:04:53.901820+00:00,22140.06,0,0,0,2.57,0,1,0
2026-09-19T00:11:12.973696+00:00,3407.87,0,0,1,3.03,0,0,0
2026-09-19T00:12:35.829844+00:00,18296.73,0,0,0,8.59,0,1,1
2026-09-19T00:20:30.133887+00:00,2609.68,0,0,2,6.36,0,0,0
2026-09-19T00:23:13.604349+00:00,1612.65,0,0,1,11.87,0,0,0
2026-09-19T00:24:13.188030+00:00,3402.27,0,0,1,11.72,0,0,0
2026-09-19T00:26:34.665153+00:00,7705.15,0,0,3,10.49,0,1,0
2026-09-19T00:26:52.383165+00:00,1784.86,0,2,1,4.61,0,0,0
2026-09-19T00:27:37.883672+00:00,1267.92,0,0,1,8.45,0,0,0
2026-09-19T00:32:07.498222+00:00,1633.56,0,0,0,16.08,0,0,0
2026-09-19T00:42:03.038092+00:00,1889.23,0,0,0,3.32,0,0,0
2026-09-19T00:53:05.951588+00:00,304.5,0,1,0,5.72,0,0,0
2026-09-19T01:01:24.642924+00:00,2268.11,1,1,1,1.46,0,1,0
2026-09-19T01:02:50.817765+00:00,2241.89,1,2,2,6.22,0,1,1
2026-09-19T01:04:09.857496+00:00,2900.99,1,0,1,0.37,0,1,0
2026-09-19T01:06:28.558137+00:00,1502.25,1,1,1,0.8,0,1,1
2026-09-19T01:11:34.969275+00:00,3098.75,1,0,0,11.45,1,0,0
2026-09-19T01:14:34.665620+00:00,6797.63,1,0,2,1.29,0,0,0
2026-09-19T01:14:48.475572+00:00,10017.17,1,0,2,7.45,0,0,0
2026-09-19T01:16:06.017002+00:00,2863.64,1,0,1,5.05,0,0,0
2026-09-19T01:17:37.677915+00:00,199.28,1,0,0,4.34,0,1,1
2026-09-19T01:27:34.244401+00:00,11200.51,1,0,3,4.19,0,0,1
2026-09-19T01:28:02.496342+00:00,3975.86,1,1,1,3.21,0,1,1
2026-09-19T01:42:28.992183+00:00,1370.14,1,0,1,5.78,0,0,0
2026-09-19T01:42:32.659511+00:00,569.38,1,0,0,2.82,0,1,0
2026-09-19T01:44:00.484539+00:00,555.38,1,0,3,2.83,0,1,1
2026-09-19T01:46:31.444881+00:00,647.57,1,0,1,4.16,0,1,0
2026-09-19T01:46:59.037066+00:00,17853.1,1,0,0,2.27,0,1,1
2026-09-19T01:47:58.339511+00:00,7497.96,1,0,2,0.32,1,0,0
2026-09-19T01:55:15.061395+00:00,2550.24,1,3,1,7.45,0,0,1
2026-09-19T01:55:23.761958+00:00,3912.28,1,1,0,10.03,0,0,0
2026-09-19T01:57:09.109260+00:00,5694.85,1,0,3,6.53,0,1,1
2026-09-19T01:59:44.009756+00:00,5077.64,1,0,1,1.41,0,0,0
2026-09-19T01:59:54.383940+00:00,6915.09,1,0,1,0.13,0,1,0
2026-09-19T02:08:24.228983+00:00,11000.78,2,0,0,2.33,0,0,0
2026-09-19T02:12:53.477877+00:00,1910.11,2,0,2,4.46,0,0,0
2026-09-19T02:13:00.032144+00:00,9667.89,2,0,1,0.75,0,0,0
2026-09-19T02:13:46.637833+00:00,4171.31,2,0,0,8.16,0,1,1
2026-09-19T02:14:45.235643+00:00,294.53,2,0,2,1.48,0,0,0
2026-09-19T02:16:53.354834+00:00,3724.07,2,0,0,7.2,0,1,1
2026-09-19T02:21:35.951512+00:00,3774.07,2,1,5,2.46,0,0,1
2026-09-19T02:23:27.885926+00:00,26425.93,2,4,0,3.85,0,0,1
2026-09-19T02:24:17.065351+00:00,1553.44,2,2,0,5.83,0,0,1
2026-09-19T02:24:43.254845+00:00,2873.64,2,3,2,2.51,0,1,1
2026-09-19T02:25:16.651365+00:00,99.24,2,0,1,4.59,0,1,1
2026-09-19T02:28:29.674298+00:00,1351.46,2,0,1,12.01,0,0,0
2026-09-19T02:28:40.615375+00:00,265.65,2,0,1,3.63,0,0,0
2026-09-19T02:30:45.071962+00:00,2421.21,2,1,1,3.79,0,0,0
2026-09-19T02:32:23.259902+00:00,5502.3,2,1,0,3.62,0,0,0
2026-09-19T02:32:53.499664+00:00,799.93,2,0,1,4.92,2,1,1
2026-09-19T02:34:17.318612+00:00,2458.7,2,0,1,6.5,0,1,0
2026-09-19T02:36:58.839835+00:00,790.13,2,0,1,8.13,0,0,0
2026-09-19T02:37:48.606412+00:00,471.57,2,0,2,6.33,0,0,0
2026-09-19T02:41:19.961390+00:00,2349.24,2,3,3,2.96,0,0,1
2026-09-19T02:51:12.304011+00:00,323.86,2,1,2,3.73,1,0,0
2026-09-19T02:52:12.611284+00:00,2892.53,2,0,1,2.31,0,1,0
2026-09-19T02:52:19.624182+00:00,161.88,2,0,0,2.06,0,0,0
2026-09-19T02:54:00.660259+00:00,15692.21,2,0,1,1.12,0,1,1
2026-09-19T02:54:40.861606+00:00,2615.21,2,3,1,3.14,0,0,1
2026-09-19T02:56:25.678390+00:00,2924.12,2,1,0,3.24,0,0,0
2026-09-19T02:58:13.693453+00:00,154.13,2,0,2,4.93,0,1,0
2026-09-19T02:59:09.920610+00:00,2785.93,2,0,1,6.28,0,1,1
2026-09-19T03:06:04.000709+00:00,5894.45,3,0,0,4.93,0,0,0
2026-09-19T03:13:50.361055+00:00,4160.07,3,0,2,2.73,0,0,0
2026-09-19T03:15:14.895953+00:00,19391.14,3,2,1,8.85,0,0,1
2026-09-19T03:15:28.204333+00:00,2932.49,3,0,1,0.3,0,1,0
2026-09-19T03:18:26.657077+00:00,3629.64,3,0,1,2.67,0,0,0
2026-09-19T03:19:50.538180+00:00,181.41,3,0,2,7.6,0,1,1
2026-09-19T03:26:39.024243+00:00,20711.93,3,0,0,2.49,0,0,1
2026-09-19T03:27:22.206402+00:00,7635.39,3,0,1,2.88,0,1,1
2026-09-19T03:28:05.400500+00:00,6140.45,3,0,2,0.99,0,1,0
2026-09-19T03:35:36.136499+00:00,5630.77,3,1,1,9.51,0,0,0
2026-09-19T03:36:08.042273+00:00,4432.34,3,1,1,3.81,0,0,0
2026-09-19T03:44:48.428750+00:00,3271.43,3,0,1,4.4,0,1,0
2026-09-19T03:56:11.336041+00:00,3692.49,3,0,1,4.49,0,1,0
2026-09-19T04:03:37.819891+00:00,5314.2,4,0,0,3.27,0,1,0
2026-09-19T04:06:05.571626+00:00,3535.79,4,0,0,6.5,0,1,0
2026-09-19T04:10:26.223984+00:00,1330.69,4,0,1,5.94,3,0,1
2026-09-19T04:11:10.371545+00:00,1568.94,4,2,2,4.57,0,1,1
2026-09-19T04:12:19.729393+00:00,7335.47,4,1,2,1.79,1,1,0
2026-09-19T04:25:20.495775+00:00,115.27,4,0,0,1.57,1,0,0
2026-09-19T04:27:20.553059+00:00,3900.16,4,1,1,5.61,0,1,0
2026-09-19T04:29:53.206413+00:00,9967.72,4,0,2,1.45,0,0,0
2026-09-19T04:33:42.224875+00:00,3979.85,4,3,0,4.4,0,1,1
2026-09-19T04:35:55.209549+00:00,16384.59,4,0,0,3.57,0,0,1
2026-09-19T04:38:50.439400+00:00,3782.54,4,0,1,4.69,0,1,0
2026-09-19T04:59:17.032306+00:00,171.9,4,0,3,2.24,0,0,1
2026-09-19T05:00:04.284023+00:00,5674.47,5,0,0,9.74,0,0,0
2026-09-19T05:01:28.619336+00:00,1131.86,5,0,1,14.01,0,0,0
2026-09-19T05:08:20.254605+00:00,1950.22,5,0,2,1.51,0,0,0
2026-09-19T05:13:46.003920+00:00,16964.45,5,0,0,1.23,0,0,1
2026-09-19T05:14:24.546128+00:00,1060.74,5,0,0,1.14,1,0,0
2026-09-19T05:17:58.647670+00:00,1866.68,5,0,2,1.41,0,0,0
2026-09-19T05:18:26.974741+00:00,1583.28,5,0,0,1.28,0,0,0
2026-09-19T05:18:56.803646+00:00,3270.61,5,2,2,9.75,0,0,1
2026-09-19T05:20:20.280699+00:00,5427.86,5,0,1,3.1,0,0,0
2026-09-19T05:21:14.741227+00:00,1188.08,5,2,1,1.03,0,0,0
2026-09-19T05:24:29.898798+00:00,829.42,5,0,1,1.86,0,1,0
2026-09-19T05:30:04.694364+00:00,3577.75,5,0,1,7.01,0,0,0
2026-09-19T05:34:34.344892+00:00,3610.83,5,0,0,3.64,0,0,0
2026-09-19T05:36:03.158198+00:00,7464.68,5,0,1,4.64,0,0,0
2026-09-19T05:39:19.791115+00:00,111.44,5,0,0,4.5,0,0,0
2026-09-19T05:40:52.376728+00:00,25155.38,5,0,3,0.7,0,1,1
2026-09-19T05:46:03.666054+00:00,2415.39,5,0,1,2.18,0,0,0
2026-09-19T05:49:44.200802+00:00,3167.25,5,4,0,2.94,0,0,0
2026-09-19T05:53:43.397442+00:00,366.62,5,1,0,1.48,1,0,0
2026-09-19T05:54:57.655319+00:00,1873.49,5,0,0,9.83,1,0,0
2026-09-19T05:55:16.097088+00:00,885.18,5,0,2,2.91,0,1,0
2026-09-19T05:55:52.732417+00:00,998.66,5,2,1,1.7,0,1,0
2026-09-19T05:57:15.456873+00:00,2304.39,5,2,2,14.81,0,0,0
2026-09-19T06:01:02.901208+00:00,5415.97,6,1,2,3.22,0,0,0
2026-09-19T06:01:45.141280+00:00,4417.51,6,1,0,1.3,0,1,0
2026-09-19T06:01:46.313106+00:00,2920.93,6,0,0,0.27,3,0,0
2026-09-19T06:05:20.850544+00:00,2540.85,6,1,1,6.05,0,0,0
2026-09-19T06:05:39.975983+00:00,20124.84,6,0,1,3.61,0,1,0
2026-09-19T06:08:11.813119+00:00,11583.95,6,0,0,8.88,0,0,0
2026-09-19T06:15:29.856521+00:00,2688.54,6,0,0,4.3,0,0,0
2026-09-19T06:15:37.313836+00:00,997.55,6,0,1,15.45,0,0,0
2026-09-19T06:27:18.024342+00:00,896.74,6,0,1,5.35,0,1,0
2026-09-19T06:27:22.941847+00:00,3084.27,6,1,2,5.13,1,1,0
2026-09-19T06:28:59.173029+00:00,2427.61,6,1,3,0.81,0,0,0
2026-09-19T06:29:06.363411+00:00,84.73,6,0,2,2.37,1,0,0
2026-09-19T06:30:13.377773+00:00,5731.49,6,0,1,15.09,0,0,0
2026-09-19T06:31:09.809853+00:00,3956.99,6,3,1,11.08,0,1,1
2026-09-19T06:32:29.150745+00:00,3529.45,6,0,0,7.47,0,0,0
2026-09-19T06:34:27.584751+00:00,288.03,6,0,1,4.88,1,0,0
2026-09-19T06:39:12.486984+00:00,1498.41,6,0,0,2.32,0,1,0
2026-09-19T06:41:33.478226+00:00,8825.65,6,2,2,7.25,0,1,1
2026-09-19T06:54:28.077974+00:00,6411.3,6,0,0,1.11,0,0,0
2026-09-19T06:55:47.066343+00:00,16300.13,6,3,0,0.95,0,0,1
2026-09-19T07:02:14.377509+00:00,606.75,7,0,2,9.91,1,1,0
2026-09-19T07:03:29.599550+00:00,1967.78,7,0,1,1.61,0,0,0
2026-09-19T07:12:09.960020+00:00,1467.34,7,0,0,5.73,0,1,0
2026-09-19T07:12:30.336031+00:00,3728.53,7,0,0,6.34,0,0,0
2026-09-19T07:17:57.850977+00:00,10921.65,7,0,0,12.79,0,0,0
2026-09-19T07:20:12.978885+00:00,1503.16,7,0,1,4.29,0,0,0
2026-09-19T07:29:04.183211+00:00,265.58,7,0,2,3.65,1,0,0
2026-09-19T07:31:33.931103+00:00,7352.82,7,0,1,2.28,0,1,0
2026-09-19T07:32:58.200163+00:00,183.8,7,1,0,9.04,1,1,0
2026-09-19T07:37:21.536839+00:00,9828.45,7,1,2,2.27,0,1,0
2026-09-19T07:41:26.346179+00:00,17532.66,7,0,1,10.47,0,0,0
2026-09-19T07:46:58.687421+00:00,9154.3,7,2,3,4.68,1,1,0
2026-09-19T07:51:11.315385+00:00,772.7,7,0,1,6.68,1,0,0
2026-09-19T07:53:17.937672+00:00,192.96,7,0,1,0.74,0,0,0
2026-09-19T07:59:40.812166+00:00,2203.49,7,0,4,4.73,0,1,0
2026-09-19T08:00:47.865111+00:00,1976.71,8,0,1,19.02,2,0,0
2026-09-19T08:03:47.140101+00:00,1348.66,8,0,1,5.67,0,0,0
2026-09-19T08:19:40.240219+00:00,23517.99,8,1,2,1.75,4,1,1
2026-09-19T08:30:04.651168+00:00,5593.62,8,1,1,15.71,0,0,0
2026-09-19T08:30:28.495282+00:00,3527.12,8,0,1,1.58,0,0,0
2026-09-19T08:31:57.075103+00:00,628.84,8,0,0,7.06,0,1,0
2026-09-19T08:34:07.015424+00:00,4301.52,8,0,0,2.28,0,0,0
2026-09-19T08:36:06.717556+00:00,4214.65,8,3,1,3.13,0,0,1
2026-09-19T08:40:39.110715+00:00,1831.21,8,0,1,5.59,0,1,0
2026-09-19T08:41:38.025460+00:00,8339.73,8,0,3,7.6,0,1,0
2026-09-19T08:43:37.230310+00:00,644.62,8,3,0,4.31,0,1,0
2026-09-19T08:49:32.908923+00:00,1055.42,8,3,2,4.24,2,0,1
2026-09-19T08:50:53.396691+00:00,269.0,8,0,1,5.78,0,1,0
2026-09-19T08:51:05.035821+00:00,24841.55,8,0,1,2.13,2,1,1
2026-09-19T08:54:05.882947+00:00,3171.12,8,0,1,4.37,0,1,0
2026-09-19T08:55:20.786818+00:00,1270.4,8,1,0,1.76,0,0,0
2026-09-19T09:03:55.372438+00:00,632.49,9,0,1,9.82,0,0,0
2026-09-19T09:06:25.214251+00:00,13792.26,9,2,2,13.67,0,0,0
2026-09-19T09:06:49.683072+00:00,643.73,9,0,2,3.81,0,0,0
2026-09-19T09:15:06.791384+00:00,1992.25,9,0,0,6.69,0,1,0
2026-09-19T09:16:49.816641+00:00,968.56,9,0,3,4.15,0,0,0
2026-09-19T09:16:56.581095+00:00,1019.14,9,0,1,1.87,0,1,0
2026-09-19T09:22:46.889060+00:00,6729.0,9,0,1,5.58,0,0,0
2026-09-19T09:24:33.621247+00:00,2376.45,9,0,3,7.64,0,0,0
2026-09-19T09:31:38.440791+00:00,18159.77,9,1,1,2.5,0,0,0
2026-09-19T09:32:56.017805+00:00,176.37,9,0,0,9.59,0,1,0
2026-09-19T09:36:28.538956+00:00,1514.04,9,0,4,2.06,0,0,0
2026-09-19T09:37:33.083020+00:00,2147.46,9,0,1,6.92,1,0,0
2026-09-19T09:37:57.214358+00:00,720.18,9,0,2,6.61,0,1,0
2026-09-19T09:43:23.429235+00:00,469.76,9,2,3,7.72,1,0,0
2026-09-19T09:44:16.229099+00:00,6596.19,9,0,0,1.29,1,0,0
2026-09-19T09:49:04.535350+00:00,9032.74,9,0,0,1.14,1,0,0
2026-09-19T09:52:06.316773+00:00,15224.36,9,0,2,2.97,0,0,0
2026-09-19T09:52:47.002770+00:00,1433.68,9,0,0,12.93,0,0,0
2026-09-19T10:02:06.080903+00:00,10226.11,10,0,1,0.39,0,0,0
2026-09-19T10:02:12.219635+00:00,337.84,10,1,3,7.35,2,0,0
2026-09-19T10:03:34.664607+00:00,3361.82,10,0,0,8.62,0,0,0
2026-09-19T10:12:44.618030+00:00,11527.16,10,0,1,8.86,0,0,0
2026-09-19T10:14:14.324110+00:00,12306.18,10,0,0,2.13,0,0,0
2026-09-19T10:18:58.123815+00:00,18664.36,10,0,1,0.32,0,0,0
2026-09-19T10:22:34.747705+00:00,628.42,10,0,1,14.46,0,1,0
2026-09-19T10:23:41.384546+00:00,782.41,10,0,1,1.7,0,0,0
2026-09-19T10:31:56.050906+00:00,26430.0,10,0,1,8.44,0,0,0
2026-09-19T10:33:36.619316+00:00,22805.68,10,1,0,5.12,0,0,0
2026-09-19T10:34:13.053316+00:00,3055.8,10,1,1,9.56,0,1,0
2026-09-19T10:36:30.247876+00:00,4710.2,10,0,1,4.41,0,0,0
2026-09-19T10:40:09.096993+00:00,4369.79,10,0,1,4.8,0,0,0
2026-09-19T10:40:37.387551+00:00,3529.38,10,1,1,2.72,0,1,0
2026-09-19T10:43:30.355104+00:00,5679.41,10,0,1,5.5,0,0,0
2026-09-19T10:43:31.442774+00:00,3760.72,10,4,2,3.11,0,1,1
2026-09-19T10:45:04.406954+00:00,2503.44,10,0,0,1.67,1,1,0
2026-09-19T10:46:03.515600+00:00,925.41,10,0,0,2.02,0,0,0
2026-09-19T10:48:07.253506+00:00,4418.85,10,0,1,7.13,0,1,0
2026-09-19T10:49:57.276088+00:00,2112.44,10,0,1,4.61,0,1,0
2026-09-19T10:52:53.448192+00:00,1177.64,10,0,1,8.73,0,0,0
2026-09-19T10:54:42.722975+00:00,5241.49,10,0,0,1.6,0,0,0
2026-09-19T10:54:47.429830+00:00,3877.85,10,0,2,7.7,0,0,0
2026-09-19T11:01:56.687884+00:00,8924.08,11,0,2,2.09,0,0,0
2026-09-19T11:02:20.521347+00:00,17986.79,11,0,0,11.65,0,0,0
2026-09-19T11:04:48.826717+00:00,17135.01,11,0,1,3.83,0,1,1
2026-09-19T11:09:57.007859+00:00,17672.19,11,0,0,1.34,0,0,0
2026-09-19T11:22:02.599718+00:00,7545.03,11,0,2,2.71,0,0,0
2026-09-19T11:25:27.889132+00:00,395.37,11,0,1,2.26,0,1,0
2026-09-19T11:26:03.928181+00:00,3476.27,11,0,1,10.35,0,0,0
2026-09-19T11:30:13.505515+00:00,5070.66,11,0,0,4.99,0,1,0
2026-09-19T11:30:28.018528+00:00,15883.92,11,2,1,7.8,0,0,1
2026-09-19T11:30:43.849559+00:00,9922.78,11,1,2,7.09,2,0,0
2026-09-19T11:31:30.409663+00:00,20835.94,11,0,0,13.8,0,1,1
2026-09-19T11:34:47.175866+00:00,1176.85,11,0,0,5.89,0,1,0
2026-09-19T11:38:24.737387+00:00,84.22,11,0,0,3.69,4,0,0
2026-09-19T11:39:10.790944+00:00,1186.11,11,0,1,1.92,0,1,0
2026-09-19T11:40:31.513353+00:00,1117.04,11,0,0,1.92,1,0,0
2026-09-19T11:42:59.948143+00:00,23056.88,11,0,1,1.08,1,1,1
2026-09-19T11:44:11.449935+00:00,10987.76,11,0,1,1.31,0,0,0
2026-09-19T11:49:13.442287+00:00,293.74,11,0,1,2.55,0,1,0
2026-09-19T11:49:38.448315+00:00,2099.44,11,0,0,1.88,0,0,0
2026-09-19T11:50:25.248653+00:00,21694.17,11,0,1,8.25,0,1,0
2026-09-19T11:53:01.979712+00:00,19323.94,11,0,0,1.53,0,1,0
2026-09-19T11:53:21.146363+00:00,1576.83,11,0,1,4.62,0,1,0
2026-09-19T11:54:09.678321+00:00,1280.42,11,0,1,2.81,0,1,0
2026-09-19T11:56:15.154565+00:00,2517.57,11,0,0,6.85,0,0,0
2026-09-19T11:57:01.329475+00:00,3523.42,11,0,1,2.35,2,1,0
2026-09-19T11:57:37.257872+00:00,20269.89,11,0,0,3.29,0,0,0
2026-09-19T11:58:21.472780+00:00,530.58,11,1,2,1.09,0,0,0
2026-09-19T12:00:21.066078+00:00,5424.37,12,0,0,3.86,0,0,0
2026-09-19T12:00:23.767266+00:00,17641.01,12,0,1,5.42,3,0,1
2026-09-19T12:00:39.243808+00:00,7096.48,12,0,0,2.35,0,0,0
2026-09-19T12:05:15.248220+00:00,1969.22,12,0,1,5.35,0,0,0
2026-09-19T12:09:52.487747+00:00,7238.49,12,1,0,1.42,0,0,0
2026-09-19T12:24:25.307018+00:00,6486.34,12,1,1,3.28,0,0,0
2026-09-19T12:25:11.636411+00:00,1906.34,12,0,1,5.28,0,1,0
2026-09-19T12:25:54.367867+00:00,1595.62,12,0,1,2.82,0,0,0
2026-09-19T12:28:27.002094+00:00,8700.83,12,0,0,8.4,0,0,0
2026-09-19T12:28:56.470535+00:00,19324.23,12,2,0,4.47,0,1,1
2026-09-19T12:33:00.806627+00:00,8490.41,12,1,4,3.39,1,0,0
2026-09-19T12:33:30.734952+00:00,5162.16,12,0,2,6.0,0,0,0
2026-09-19T12:36:05.331987+00:00,20110.23,12,0,2,9.07,0,1,0
2026-09-19T12:39:21.988792+00:00,454.02,12,1,0,2.01,0,0,0
2026-09-19T12:47:24.407164+00:00,1162.65,12,0,1,5.52,0,0,0
2026-09-19T13:02:00.371178+00:00,11159.83,13,0,0,5.37,0,0,0
2026-09-19T13:02:11.164104+00:00,1291.4,13,0,2,5.93,0,0,0
2026-09-19T13:08:04.918783+00:00,373.26,13,0,4,3.64,0,1,0
2026-09-19T13:08:17.237189+00:00,3994.31,13,1,0,10.27,0,0,0
2026-09-19T13:11:35.071615+00:00,4297.68,13,1,0,3.32,0,0,0
2026-09-19T13:14:41.156039+00:00,1135.56,13,0,1,4.06,0,0,0
2026-09-19T13:25:58.517226+00:00,1190.74,13,0,1,8.53,0,1,0
2026-09-19T13:26:55.441681+00:00,2084.93,13,0,0,1.83,0,0,0
2026-09-19T13:33:19.008610+00:00,130.5,13,0,3,9.39,0,0,0
2026-09-19T13:38:38.619937+00:00,5043.77,13,0,1,12.13,0,0,0
2026-09-19T13:39:59.931892+00:00,1280.45,13,0,1,1.7,0,0,0
2026-09-19T13:40:50.199136+00:00,6212.09,13,1,0,0.11,0,1,0
2026-09-19T13:42:14.623778+00:00,5252.57,13,0,0,5.68,0,0,0
2026-09-19T13:46:17.166013+00:00,3525.41,13,0,1,7.29,0,1,0
2026-09-19T13:47:16.389752+00:00,1317.14,13,0,2,5.34,1,1,0
2026-09-19T13:58:31.695096+00:00,2384.24,13,0,3,10.47,0,1,0
2026-09-19T14:04:39.157014+00:00,1943.13,14,0,0,7.71,0,1,0
2026-09-19T14:04:41.214214+00:00,1384.23,14,0,0,6.15,0,0,0
2026-09-19T14:07:19.671179+00:00,6091.27,14,0,1,2.54,0,1,0
2026-09-19T14:07:49.001439+00:00,2174.22,14,0,3,2.6,0,1,0
2026-09-19T14:10:23.189382+00:00,5781.94,14,0,0,6.81,0,0,0
2026-09-19T14:20:17.426539+00:00,415.76,14,0,1,23.55,0,1,0
2026-09-19T14:24:13.342403+00:00,546.45,14,0,1,5.94,0,0,0
2026-09-19T14:28:30.554356+00:00,12176.11,14,0,2,1.24,0,1,0
2026-09-19T14:28:41.081324+00:00,2895.74,14,0,2,6.44,0,1,0
2026-09-19T14:33:30.552782+00:00,2341.22,14,0,0,6.24,0,0,0
2026-09-19T14:37:07.502683+00:00,2429.81,14,0,2,8.66,2,0,1
2026-09-19T14:37:23.451735+00:00,835.72,14,0,0,3.21,2,1,1
2026-09-19T14:38:18.388606+00:00,4118.71,14,0,0,0.26,0,0,0
2026-09-19T14:38:20.348829+00:00,20298.79,14,0,0,3.68,0,0,0
2026-09-19T14:44:49.542321+00:00,2785.53,14,0,0,6.98,1,1,0
2026-09-19T14:49:33.155032+00:00,2766.43,14,0,1,3.25,0,1,0
2026-09-19T14:51:12.887773+00:00,7917.92,14,0,2,7.58,0,0,0
2026-09-19T15:04:03.610159+00:00,2450.19,15,3,3,7.63,0,0,0
2026-09-19T15:12:02.563644+00:00,21277.76,15,0,0,8.45,0,1,1
2026-09-19T15:13:28.668513+00:00,2781.26,15,1,1,2.25,0,0,0
2026-09-19T15:15:19.027539+00:00,366.47,15,0,4,2.07,0,1,0
2026-09-19T15:15:39.065940+00:00,789.27,15,0,1,9.18,0,0,0
2026-09-19T15:18:23.636789+00:00,161.13,15,2,0,2.35,1,0,0
2026-09-19T15:18:24.420956+00:00,2364.3,15,1,2,1.97,0,1,0
2026-09-19T15:18:52.825507+00:00,342.63,15,0,0,3.86,0,0,0
2026-09-19T15:20:17.080928+00:00,2087.96,15,0,1,4.68,2,0,0
2026-09-19T15:24:23.544563+00:00,26806.94,15,0,0,2.97,0,0,1
2026-09-19T15:24:31.005986+00:00,4130.76,15,1,1,3.82,0,1,0
2026-09-19T15:31:09.403178+00:00,317.83,15,0,3,1.07,0,0,0
2026-09-19T15:31:10.530323+00:00,872.39,15,0,1,1.06,2,1,1
2026-09-19T15:34:46.515906+00:00,3643.43,15,0,2,7.27,0,0,0
2026-09-19T15:35:04.525709+00:00,7263.07,15,0,0,2.36,1,1,0
2026-09-19T15:37:29.897060+00:00,167.11,15,0,1,7.24,0,0,0
2026-09-19T15:40:25.887411+00:00,5415.89,15,0,0,5.88,0,0,0
2026-09-19T15:49:54.840119+00:00,2700.36,15,0,2,0.1,0,0,0
2026-09-19T15:52:33.980050+00:00,2587.55,15,0,1,8.8,0,1,0
2026-09-19T15:58:44.209316+00:00,10190.07,15,1,1,6.26,0,1,0
2026-09-19T16:00:28.917762+00:00,4466.13,16,0,0,4.77,0,1,0
2026-09-19T16:13:25.656432+00:00,6133.32,16,0,1,8.44,0,1,0
2026-09-19T16:13:42.524939+00:00,1458.24,16,0,1,2.69,0,1,0
2026-09-19T16:18:25.163729+00:00,2646.41,16,0,0,4.23,0,0,0
2026-09-19T16:19:40.693543+00:00,3117.81,16,4,3,0.28,0,0,0
2026-09-19T16:27:51.937771+00:00,17107.07,16,0,1,7.61,0,0,1
2026-09-19T16:28:22.628421+00:00,2762.55,16,0,0,0.68,0,0,0
2026-09-19T16:29:04.672786+00:00,924.15,16,0,1,2.41,0,0,0
2026-09-19T16:30:41.304484+00:00,19102.85,16,0,1,4.63,0,0,0
2026-09-19T16:31:01.488899+00:00,1558.74,16,0,2,14.07,0,0,0
2026-09-19T16:36:24.723459+00:00,4361.9,16,1,1,2.28,0,1,0
2026-09-19T16:40:08.205782+00:00,7993.34,16,0,1,4.99,0,1,0
2026-09-19T16:41:55.958218+00:00,2018.28,16,0,0,6.66,0,0,0
2026-09-19T16:44:11.810905+00:00,3354.48,16,0,0,8.98,0,0,0
2026-09-19T16:44:26.852002+00:00,407.97,16,0,2,7.81,0,0,0
2026-09-19T16:53:09.725396+00:00,7574.4,16,1,1,6.63,0,1,0
2026-09-19T16:53:12.409600+00:00,2750.33,16,0,0,1.36,0,0,0
2026-09-19T16:53:50.102258+00:00,4910.13,16,0,1,4.4,0,0,0
2026-09-19T16:54:29.322882+00:00,5122.47,16,0,1,2.33,0,1,0
2026-09-19T17:00:12.459289+00:00,1008.35,17,2,3,4.39,0,0,0
2026-09-19T17:00:46.643542+00:00,2470.46,17,0,2,2.25,0,1,0
2026-09-19T17:05:01.302689+00:00,10399.01,17,0,0,2.09,0,1,0
2026-09-19T17:05:55.850323+00:00,360.51,17,2,0,7.26,0,0,0
2026-09-19T17:08:56.728377+00:00,3736.83,17,0,1,3.12,1,0,0
2026-09-19T17:10:12.348231+00:00,10546.86,17,0,0,3.06,0,1,0
2026-09-19T17:10:27.567686+00:00,1204.0,17,3,0,0.86,0,1,1
2026-09-19T17:11:04.963977+00:00,6384.83,17,2,1,8.93,0,0,0
2026-09-19T17:11:21.023141+00:00,8741.36,17,1,1,9.07,0,0,0
2026-09-19T17:13:49.431568+00:00,4459.06,17,0,0,0.48,0,1,0
2026-09-19T17:13:56.449303+00:00,901.89,17,0,3,11.24,0,0,0
2026-09-19T17:20:45.409212+00:00,1360.69,17,0,0,1.38,1,0,0
2026-09-19T17:24:33.164129+00:00,176.69,17,0,1,10.63,0,1,0
2026-09-19T17:27:18.655955+00:00,5757.73,17,0,1,6.72,0,1,0
2026-09-19T17:27:48.553144+00:00,6122.5,17,0,2,4.45,0,1,0
2026-09-19T17:28:47.635664+00:00,3265.13,17,0,1,2.12,0,0,0
2026-09-19T17:34:25.388087+00:00,1450.97,17,0,1,9.38,0,0,0
2026-09-19T17:34:30.117740+00:00,315.75,17,0,3,6.93,2,1,1
2026-09-19T17:34:49.631558+00:00,4535.52,17,0,2,5.81,0,1,0
2026-09-19T17:35:28.024790+00:00,4208.96,17,1,1,7.54,0,0,0
2026-09-19T17:36:25.006261+00:00,7859.32,17,0,1,3.17,1,0,0
2026-09-19T17:42:01.186425+00:00,4256.18,17,0,2,6.8,1,0,0
2026-09-19T17:45:37.366962+00:00,21395.63,17,0,1,4.58,0,0,0
2026-09-19T17:48:29.406859+00:00,4444.78,17,0,1,2.43,1,1,0
2026-09-19T17:49:27.498366+00:00,3247.56,17,0,0,2.25,0,0,0
2026-09-19T17:52:10.844271+00:00,1841.79,17,0,0,8.01,3,0,0
2026-09-19T17:57:04.552961+00:00,7496.75,17,0,3,2.05,0,1,0
2026-09-19T18:03:38.714437+00:00,3428.3,18,1,1,1.14,0,0,0
2026-09-19T18:04:49.528859+00:00,19689.67,18,0,3,3.94,0,0,0
2026-09-19T18:06:45.933896+00:00,338.91,18,0,2,18.2,0,0,0
2026-09-19T18:09:08.558097+00:00,1159.15,18,0,3,6.09,1,0,0
2026-09-19T18:21:23.875758+00:00,17521.06,18,1,2,2.31,0,0,0
2026-09-19T18:31:42.320509+00:00,1091.87,18,0,3,5.19,0,0,0
2026-09-19T18:33:27.706685+00:00,860.15,18,1,2,11.64,0,0,0
2026-09-19T18:35:24.681419+00:00,17594.28,18,0,3,6.07,0,0,0
2026-09-19T18:48:08.926614+00:00,655.56,18,0,2,8.23,0,1,0
2026-09-19T18:52:44.522802+00:00,5216.77,18,0,1,7.04,0,0,0
2026-09-19T18:59:39.155168+00:00,2179.56,18,0,0,4.89,0,0,0
2026-09-19T19:09:15.552917+00:00,2789.58,19,0,1,6.36,0,1,0
2026-09-19T19:12:23.409131+00:00,570.22,19,0,3,6.23,0,1,0
2026-09-19T19:14:50.306762+00:00,1315.73,19,1,0,3.55,0,1,0
2026-09-19T19:17:07.237818+00:00,1748.91,19,0,1,1.14,0,0,0
2026-09-19T19:19:32.702526+00:00,18946.19,19,0,1,7.38,0,0,0
2026-09-19T19:20:24.384250+00:00,4765.18,19,0,0,8.13,0,1,0
2026-09-19T19:22:27.787760+00:00,867.32,19,0,1,3.18,0,0,0
2026-09-19T19:34:54.457251+00:00,3124.25,19,0,0,2.2,0,0,0
2026-09-19T19:35:15.995080+00:00,952.78,19,0,2,4.92,0,0,0
2026-09-19T19:37:34.187722+00:00,14279.71,19,0,0,2.88,0,1,0
2026-09-19T19:39:53.991397+00:00,9785.24,19,0,1,4.85,0,0,0
2026-09-19T19:48:48.154875+00:00,2710.97,19,1,1,7.12,0,0,0
2026-09-19T19:55:37.622843+00:00,3901.03,19,0,1,4.46,0,0,0
2026-09-19T20:06:34.840384+00:00,5233.17,20,0,1,5.68,0,0,0
2026-09-19T20:11:00.878809+00:00,4144.92,20,1,3,3.53,0,0,0
2026-09-19T20:14:30.231283+00:00,3910.89,20,1,0,1.72,0,1,0
2026-09-19T20:16:59.070776+00:00,10246.77,20,0,2,4.74,0,0,0
2026-09-19T20:18:47.979453+00:00,2963.9,20,0,1,2.37,0,1,0
2026-09-19T20:24:50.268905+00:00,3296.59,20,2,3,0.85,0,0,0
2026-09-19T20:25:11.158890+00:00,6115.22,20,1,1,4.89,0,1,0
2026-09-19T20:28:05.018002+00:00,3606.66,20,0,0,2.25,0,0,0
2026-09-19T20:45:00.046269+00:00,4284.81,20,0,0,0.96,0,0,0
2026-09-19T20:45:59.359517+00:00,913.74,20,0,0,9.95,0,0,0
2026-09-19T20:49:28.734924+00:00,1544.96,20,0,0,5.16,0,0,0
2026-09-19T20:55:49.815895+00:00,569.92,20,0,3,10.31,0,0,0
2026-09-19T21:00:28.002607+00:00,2315.18,21,0,0,2.06,0,0,0
2026-09-19T21:02:24.906082+00:00,2006.58,21,0,0,1.19,1,0,0
2026-09-19T21:03:47.503485+00:00,18827.82,21,0,2,1.59,0,0,0
2026-09-19T21:05:26.168594+00:00,3083.08,21,1,1,4.96,0,0,0
2026-09-19T21:09:23.509800+00:00,21361.48,21,0,1,11.12,0,0,0
2026-09-19T21:11:49.769793+00:00,1360.76,21,0,1,4.9,1,0,0
2026-09-19T21:19:22.052640+00:00,5759.48,21,0,0,2.13,0,0,0
2026-09-19T21:21:43.017118+00:00,3115.14,21,0,3,4.64,1,0,0
2026-09-19T21:23:18.800592+00:00,21826.19,21,0,1,4.59,0,0,0
2026-09-19T21:29:47.644155+00:00,1176.0,21,0,0,6.3,0,0,0
2026-09-19T21:30:31.687468+00:00,2605.56,21,0,1,8.82,0,1,0
2026-09-19T21:35:00.774922+00:00,3276.71,21,0,0,3.17,0,1,0
2026-09-19T21:38:27.550450+00:00,2906.06,21,0,0,3.54,0,0,0
2026-09-19T21:48:01.870635+00:00,7955.63,21,0,1,2.13,0,1,0
2026-09-19T21:50:28.737338+00:00,7373.47,21,1,0,5.01,0,0,0
2026-09-19T21:57:01.610031+00:00,11387.71,21,0,3,9.15,0,0,0
2026-09-19T22:06:08.756208+00:00,22893.24,22,4,0,6.45,0,1,1
2026-09-19T22:06:46.809279+00:00,11491.96,22,0,1,4.05,0,0,0
2026-09-19T22:12:19.390956+00:00,5777.25,22,0,1,0.94,0,1,0
2026-09-19T22:15:33.008136+00:00,1070.72,22,0,2,5.81,0,0,0
2026-09-19T22:15:46.601518+00:00,1844.42,22,0,2,1.83,0,0,0
2026-09-19T22:18:14.075513+00:00,931.44,22,4,0,1.86,0,1,0
2026-09-19T22:18:46.021457+00:00,73.46,22,0,2,2.08,0,0,0
2026-09-19T22:20:56.187614+00:00,726.61,22,0,1,4.34,0,0,0
2026-09-19T22:34:26.662433+00:00,73.02,22,0,0,3.59,0,1,0
2026-09-19T22:35:30.410479+00:00,4131.64,22,0,0,8.15,0,1,0
2026-09-19T22:43:43.483668+00:00,21316.6,22,0,1,0.88,0,0,0
2026-09-19T22:45:21.601396+00:00,22198.92,22,0,1,2.35,0,0,0
2026-09-19T22:47:57.288020+00:00,4649.8,22,1,0,1.4,0,0,0
2026-09-19T22:53:52.370648+00:00,5777.42,22,0,0,4.79,0,0,0
2026-09-19T22:57:19.893454+00:00,25605.03,22,0,1,1.23,0,1,1
2026-09-19T22:57:39.851051+00:00,3347.23,22,0,1,2.37,0,0,0
2026-09-19T22:59:17.697035+00:00,2040.87,22,0,0,2.61,0,1,0
2026-09-19T23:01:42.697475+00:00,18170.61,23,1,0,18.7,0,1,1
2026-09-19T23:05:41.560157+00:00,18035.6,23,0,1,9.15,1,1,1
2026-09-19T23:09:14.310380+00:00,20262.45,23,0,4,1.08,1,0,1
2026-09-19T23:18:46.487142+00:00,1744.03,23,0,2,9.05,0,1,0
2026-09-19T23:19:13.943713+00:00,15426.27,23,0,0,4.02,0,1,1
2026-09-19T23:27:51.630198+00:00,62.73,23,0,0,7.6,0,0,0
2026-09-19T23:27:58.740743+00:00,762.9,23,1,0,11.43,0,1,0
2026-09-19T23:28:10.813743+00:00,727.96,23,0,0,0.99,0,0,0
2026-09-19T23:42:24.811484+00:00,4100.74,23,0,1,2.54,0,0,0
2026-09-19T23:43:28.593632+00:00,1450.76,23,1,1,3.01,1,1,0
2026-09-19T23:44:20.241626+00:00,2015.6,23,0,0,2.04,2,0,0
2026-09-19T23:44:28.623714+00:00,574.89,23,0,1,0.64,0,0,0
2026-09-19T23:46:41.672209+00:00,1721.4,23,0,1,6.6,0,0,0
2026-09-19T23:46:43.841716+00:00,408.55,23,0,3,1.86,0,0,0
2026-09-19T23:49:18.009583+00:00,2496.86,23,0,1,7.27,0,1,0
2026-09-19T23:52:13.623080+00:00,389.83,23,0,0,6.34,0,0,0
2026-09-19T23:53:12.467207+00:00,5061.83,23,0,2,5.25,2,1,1
2026-09-19T23:56:43.315267+00:00,2735.51,23,0,2,3.92,0,0,0
2026-09-19T23:58:53.752230+00:00,4179.16,23,0,1,6.67,0,0,0
2026-09-19T23:59:38.111689+00:00,1794.95,23,0,1,3.52,0,0,0
2026-09-20T00:00:53.135123+00:00,1597.42,0,0,1,3.37,0,0,0
2026-09-20T00:07:21.514148+00:00,15521.66,0,0,3,3.32,0,0,0
2026-09-20T00:14:28.665062+00:00,2434.51,0,0,0,1.06,0,0,0
2026-09-20T00:15:08.754511+00:00,2372.26,0,0,1,11.43,0,1,0
2026-09-20T00:21:43.219698+00:00,2080.17,0,1,2,5.73,0,0,0
2026-09-20T00:26:18.239400+00:00,17932.0,0,1,1,5.24,1,0,0
2026-09-20T00:36:50.991021+00:00,21287.82,0,0,0,2.29,1,1,0
2026-09-20T00:37:50.920044+00:00,4506.27,0,1,0,5.15,0,1,0
2026-09-20T00:43:25.857131+00:00,557.05,0,0,1,2.73,0,0,0
2026-09-20T00:44:51.574684+00:00,3173.66,0,0,1,3.35,2,0,1
2026-09-20T00:47:19.064875+00:00,327.95,0,0,1,6.81,0,1,0
2026-09-20T00:49:27.871580+00:00,3855.86,0,0,0,2.21,0,0,0
2026-09-20T00:52:25.013857+00:00,22470.64,0,0,0,8.49,0,0,0
2026-09-20T00:56:10.835780+00:00,514.84,0,0,0,1.31,0,0,0
2026-09-20T01:03:39.961329+00:00,6398.78,1,0,2,2.83,0,1,1
2026-09-20T01:07:48.848145+00:00,23301.74,1,0,1,6.06,0,0,1
2026-09-20T01:09:04.301852+00:00,1461.85,1,0,3,7.15,0,0,1
2026-09-20T01:15:45.663643+00:00,16321.84,1,0,0,0.25,0,0,1
2026-09-20T01:18:05.811243+00:00,2526.24,1,0,0,2.07,2,0,1
2026-09-20T01:18:48.710441+00:00,8274.04,1,0,0,12.06,0,0,0
2026-09-20T01:21:55.380372+00:00,22973.48,1,0,1,2.42,0,1,1
2026-09-20T01:25:37.972098+00:00,11462.08,1,1,1,1.14,0,1,0
2026-09-20T01:26:43.061360+00:00,529.46,1,0,3,1.81,1,0,1
2026-09-20T01:27:51.461684+00:00,2748.12,1,0,0,2.0,1,0,0
2026-09-20T01:29:56.705219+00:00,5180.34,1,0,2,1.2,0,0,0
2026-09-20T01:31:05.503093+00:00,15707.89,1,0,1,0.99,0,0,1
2026-09-20T01:32:17.027626+00:00,365.55,1,0,3,10.37,0,1,1
2026-09-20T01:39:05.314219+00:00,18371.7,1,0,0,9.28,1,0,1
2026-09-20T01:40:31.307312+00:00,3087.44,1,0,3,9.64,0,0,1
2026-09-20T01:46:08.232203+00:00,4234.61,1,0,0,3.78,0,1,0
2026-09-20T01:46:35.534110+00:00,4642.97,1,0,0,4.29,0,0,0
2026-09-20T01:47:44.858826+00:00,4773.73,1,0,2,9.3,0,0,0
2026-09-20T01:47:53.564533+00:00,3544.77,1,0,0,2.14,0,0,0
2026-09-20T01:51:08.938388+00:00,837.94,1,0,0,10.0,3,1,1
2026-09-20T01:51:23.200176+00:00,1717.31,1,0,2,0.3,0,0,0
2026-09-20T01:55:47.397918+00:00,4849.41,1,0,2,3.92,0,0,0
2026-09-20T01:56:04.200431+00:00,9873.55,1,0,1,4.1,3,0,1
2026-09-20T02:11:15.813955+00:00,323.16,2,3,2,8.82,0,1,1
2026-09-20T02:15:23.451524+00:00,2513.99,2,2,1,7.36,0,0,1
2026-09-20T02:15:29.044194+00:00,1259.12,2,1,0,8.48,2,0,1
2026-09-20T02:26:13.543124+00:00,877.28,2,2,1,0.94,0,1,1
2026-09-20T02:29:09.375460+00:00,21129.97,2,0,0,11.53,1,0,1
2026-09-20T02:38:04.399269+00:00,3041.22,2,0,1,8.19,0,0,0
2026-09-20T02:44:36.896451+00:00,91.42,2,0,2,3.43,0,0,0
2026-09-20T02:47:05.518613+00:00,4908.21,2,0,0,2.62,2,0,1
2026-09-20T02:47:46.832025+00:00,20316.88,2,0,1,3.63,0,0,1
2026-09-20T02:50:54.173861+00:00,10834.75,2,0,1,4.8,0,0,0
2026-09-20T02:50:59.343143+00:00,697.56,2,2,1,6.05,0,0,1
2026-09-20T02:52:34.203097+00:00,2948.84,2,0,0,1.64,0,1,0
2026-09-20T02:56:56.840944+00:00,16427.02,2,0,2,2.1,0,0,1
2026-09-20T03:00:08.412949+00:00,21259.13,3,0,1,2.07,0,0,1
2026-09-20T03:00:23.633275+00:00,2728.37,3,0,1,6.03,1,0,0
2026-09-20T03:02:13.755517+00:00,4940.06,3,0,0,3.21,0,0,0
2026-09-20T03:02:38.633215+00:00,18062.26,3,0,2,4.54,0,0,1
2026-09-20T03:04:20.638415+00:00,11217.63,3,1,2,5.66,1,0,0
2026-09-20T03:04:23.071820+00:00,5372.35,3,2,2,4.32,4,0,1
2026-09-20T03:09:07.932297+00:00,4510.94,3,0,3,4.45,0,1,1
2026-09-20T03:11:02.530571+00:00,4631.94,3,1,0,1.26,0,0,0
2026-09-20T03:13:44.821110+00:00,22549.01,3,0,2,8.05,1,1,1
2026-09-20T03:13:47.156926+00:00,4516.95,3,0,3,4.02,0,0,1
2026-09-20T03:14:16.771461+00:00,15702.21,3,0,0,5.13,0,0,1
2026-09-20T03:16:26.718224+00:00,23236.18,3,0,2,3.44,0,0,1
2026-09-20T03:18:12.488753+00:00,16173.93,3,0,1,2.7,0,1,1
2026-09-20T03:20:49.853256+00:00,1166.57,3,0,4,3.89,0,0,1
2026-09-20T03:30:49.273187+00:00,2624.75,3,0,1,3.76,0,1,1
2026-09-20T03:32:27.104545+00:00,1290.41,3,0,4,1.37,0,0,1
2026-09-20T03:32:27.628412+00:00,1826.59,3,0,1,3.99,0,0,0
2026-09-20T03:32:39.040038+00:00,2229.94,3,0,3,17.49,0,1,1
2026-09-20T03:34:34.430351+00:00,6269.28,3,1,1,6.87,0,0,0
2026-09-20T03:35:36.428004+00:00,22471.11,3,0,1,1.6,0,0,1
2026-09-20T03:36:05.421438+00:00,1500.44,3,0,1,1.37,0,0,0
2026-09-20T03:41:21.497809+00:00,16013.31,3,1,2,5.52,0,0,1
2026-09-20T03:45:44.469959+00:00,1741.25,3,0,1,2.36,0,1,0
2026-09-20T03:45:48.610529+00:00,2380.4,3,0,3,4.13,0,0,1
2026-09-20T03:45:59.240361+00:00,4446.79,3,0,2,8.1,0,0,0
2026-09-20T03:53:21.769169+00:00,472.88,3,0,1,4.17,0,1,0
2026-09-20T04:02:55.379927+00:00,861.68,4,0,2,3.88,0,1,0
2026-09-20T04:07:41.951128+00:00,1587.93,4,0,0,4.38,0,0,0
2026-09-20T04:09:25.097873+00:00,1490.11,4,0,0,8.13,0,1,0
2026-09-20T04:12:31.059406+00:00,1650.93,4,0,1,3.23,0,1,0
2026-09-20T04:12:37.803237+00:00,20935.87,4,0,3,2.96,1,1,1
2026-09-20T04:13:47.190363+00:00,1313.73,4,1,0,1.22,0,0,0
2026-09-20T04:17:50.104166+00:00,2290.24,4,0,2,8.77,0,0,0
2026-09-20T04:18:58.800665+00:00,3189.34,4,0,0,2.09,1,0,0
2026-09-20T04:19:18.827449+00:00,905.43,4,0,0,1.12,0,0,0
2026-09-20T04:22:55.519669+00:00,4118.61,4,1,0,2.86,0,0,0
2026-09-20T04:26:33.549747+00:00,2594.75,4,0,2,1.22,0,0,0
2026-09-20T04:26:37.713885+00:00,16097.08,4,0,0,2.39,2,1,1
2026-09-20T04:27:50.019719+00:00,5370.7,4,0,0,4.73,0,0,0
2026-09-20T04:28:47.596691+00:00,952.95,4,0,2,9.28,0,0,0
2026-09-20T04:43:08.755489+00:00,6930.68,4,0,3,7.75,1,0,1
2026-09-20T04:48:39.609509+00:00,21897.98,4,0,1,1.16,0,0,1
2026-09-20T04:51:28.083170+00:00,3066.38,4,0,1,1.69,0,0,0
2026-09-20T04:51:58.391448+00:00,6715.72,4,0,2,6.14,0,0,0
2026-09-20T04:55:01.113060+00:00,20406.29,4,0,2,2.01,0,0,1
2026-09-20T05:01:27.814285+00:00,3004.65,5,0,1,3.75,0,0,0
2026-09-20T05:08:04.025550+00:00,18083.77,5,0,0,7.64,1,1,1
2026-09-20T05:09:33.181154+00:00,1877.47,5,0,0,5.53,0,1,0
2026-09-20T05:20:15.181494+00:00,2596.63,5,1,1,9.61,0,0,0
2026-09-20T05:25:44.667388+00:00,265.06,5,0,0,1.17,0,0,0
2026-09-20T05:26:02.622876+00:00,361.29,5,2,1,3.75,0,0,0
2026-09-20T05:27:45.798738+00:00,5719.46,5,0,1,0.43,0,0,0
2026-09-20T05:30:44.383783+00:00,256.88,5,0,1,3.09,0,1,0
2026-09-20T05:34:07.304619+00:00,653.94,5,0,2,1.94,0,0,0
2026-09-20T05:34:22.450193+00:00,5144.21,5,0,1,1.84,0,0,0
2026-09-20T05:54:09.109539+00:00,63.67,5,0,2,1.81,1,1,0
2026-09-20T05:54:12.540969+00:00,1121.92,5,0,1,5.79,0,0,0
2026-09-20T05:55:10.037352+00:00,2866.92,5,0,0,5.23,0,1,0
2026-09-20T05:57:35.316143+00:00,2955.94,5,1,2,2.26,0,1,0
2026-09-20T06:01:23.121799+00:00,4864.06,6,0,1,5.44,2,1,0
2026-09-20T06:02:45.052942+00:00,2316.23,6,2,1,4.37,0,1,1
2026-09-20T06:07:17.648259+00:00,2338.82,6,2,1,2.12,1,1,0
2026-09-20T06:18:39.332505+00:00,20675.64,6,0,0,1.27,0,1,1
2026-09-20T06:25:41.775510+00:00,2269.28,6,0,1,2.77,0,0,0
2026-09-20T06:28:52.373803+00:00,3060.79,6,0,0,3.31,0,0,0
2026-09-20T06:35:08.688269+00:00,23489.49,6,0,1,8.65,0,0,1
2026-09-20T06:36:46.768990+00:00,1702.39,6,0,2,2.78,1,1,0
2026-09-20T06:41:43.240901+00:00,1616.28,6,0,1,8.3,0,0,0
2026-09-20T06:47:29.384874+00:00,71.38,6,0,2,1.73,0,0,0
2026-09-20T06:55:50.350510+00:00,17522.26,6,0,2,10.28,0,0,1
2026-09-20T07:01:22.650176+00:00,156.72,7,0,1,10.8,0,0,0
2026-09-20T07:03:53.515184+00:00,2304.73,7,0,0,3.59,2,0,0
2026-09-20T07:06:17.362852+00:00,5278.67,7,0,1,3.02,0,1,0
2026-09-20T07:08:22.375153+00:00,2614.66,7,1,0,1.7,0,0,0
2026-09-20T07:08:54.041362+00:00,1065.48,7,1,1,2.95,0,0,0
2026-09-20T07:09:04.941785+00:00,4996.21,7,0,0,2.68,1,0,0
2026-09-20T07:14:11.860098+00:00,1065.83,7,1,0,9.07,1,0,0
2026-09-20T07:18:25.515169+00:00,4286.0,7,0,0,4.87,0,0,0
2026-09-20T07:19:58.590784+00:00,3075.27,7,1,0,6.83,0,0,0
2026-09-20T07:20:25.597371+00:00,656.24,7,0,1,2.36,0,1,0
2026-09-20T07:26:14.318164+00:00,7596.92,7,0,1,2.67,0,1,0
2026-09-20T07:31:25.344646+00:00,776.64,7,0,0,0.39,0,0,0
2026-09-20T07:32:53.907016+00:00,14667.06,7,0,2,3.11,0,0,0
2026-09-20T07:45:06.519163+00:00,83.48,7,1,1,1.96,0,0,0
2026-09-20T07:46:50.101084+00:00,1038.64,7,0,1,12.35,0,1,0
2026-09-20T07:47:32.390738+00:00,773.5,7,0,1,7.62,0,0,0
2026-09-20T08:00:29.275093+00:00,105.1,8,0,2,2.03,2,0,0
2026-09-20T08:02:59.153021+00:00,4278.05,8,0,1,1.32,0,0,0
2026-09-20T08:07:22.025430+00:00,3843.35,8,0,3,5.13,0,1,0
2026-09-20T08:07:33.035638+00:00,19158.88,8,1,2,5.43,0,1,0
2026-09-20T08:08:11.677339+00:00,21181.75,8,0,0,1.12,0,1,1
2026-09-20T08:10:49.231063+00:00,15483.04,8,0,3,4.85,1,1,1
2026-09-20T08:14:49.434498+00:00,17298.35,8,2,0,9.6,0,0,1
2026-09-20T08:19:13.085912+00:00,16874.47,8,0,1,5.52,0,1,0
2026-09-20T08:21:05.147399+00:00,3884.31,8,0,1,3.43,0,1,0
2026-09-20T08:21:49.602961+00:00,3276.16,8,0,0,3.04,0,0,0
2026-09-20T08:23:39.519544+00:00,449.66,8,0,1,3.18,0,0,0
2026-09-20T08:23:49.649561+00:00,4920.42,8,0,1,1.36,0,0,0
2026-09-20T08:26:02.497699+00:00,4141.23,8,0,2,9.72,2,1,0
2026-09-20T08:33:42.693652+00:00,3473.22,8,0,4,5.82,0,1,0
2026-09-20T08:38:41.170762+00:00,599.29,8,1,2,1.13,0,1,0
2026-09-20T08:50:08.391017+00:00,1058.3,8,0,0,2.49,0,0,0
2026-09-20T08:51:09.135970+00:00,1658.46,8,1,1,2.28,0,0,0
2026-09-20T08:51:20.127829+00:00,1110.9,8,0,4,12.71,0,1,0
2026-09-20T08:51:30.616397+00:00,21509.99,8,0,0,2.69,0,0,0
2026-09-20T08:53:31.155325+00:00,5297.09,8,0,3,0.84,0,1,0
2026-09-20T08:58:53.653035+00:00,3313.61,8,0,0,2.03,0,1,0
2026-09-20T09:00:07.150555+00:00,2727.18,9,0,0,8.5,0,0,0
2026-09-20T09:03:41.759764+00:00,879.59,9,0,0,3.7,0,0,0
2026-09-20T09:03:59.332634+00:00,21749.38,9,1,0,3.16,0,0,0
2026-09-20T09:10:58.624265+00:00,738.98,9,0,2,3.06,2,0,0
2026-09-20T09:13:38.730460+00:00,24658.54,9,0,1,2.11,0,0,0
2026-09-20T09:17:32.166024+00:00,28000.0,9,0,0,5.96,0,0,0
2026-09-20T09:17:52.392688+00:00,20238.54,9,0,0,6.13,0,1,1
2026-09-20T09:21:51.804749+00:00,15873.99,9,0,1,1.11,0,0,0
2026-09-20T09:36:48.609560+00:00,18780.21,9,0,3,0.91,0,1,1
2026-09-20T09:38:02.654910+00:00,844.67,9,0,1,1.7,0,1,0
2026-09-20T09:39:58.433480+00:00,789.37,9,0,0,4.59,0,0,0
2026-09-20T09:40:33.337481+00:00,1315.67,9,0,0,3.0,0,0,0
2026-09-20T09:51:02.412184+00:00,82.9,9,0,0,0.15,0,1,0
2026-09-20T09:51:11.507526+00:00,22142.24,9,0,0,3.54,0,0,0
2026-09-20T09:51:45.925401+00:00,1061.24,9,2,1,3.58,0,1,0
2026-09-20T10:04:08.315471+00:00,5462.85,10,0,0,1.32,0,1,0
2026-09-20T10:05:00.163996+00:00,1483.98,10,0,2,13.53,0,0,0
2026-09-20T10:12:45.979677+00:00,2152.3,10,0,2,4.07,0,0,0
2026-09-20T10:14:10.977026+00:00,28000.0,10,0,1,3.02,0,0,0
2026-09-20T10:15:56.786514+00:00,947.36,10,0,1,2.59,1,0,0
2026-09-20T10:17:58.815559+00:00,4147.85,10,0,0,5.57,0,1,0
2026-09-20T10:18:04.062612+00:00,4562.33,10,0,0,1.85,0,0,0
2026-09-20T10:24:00.896353+00:00,859.17,10,1,1,5.67,0,1,0
2026-09-20T10:28:19.928643+00:00,2284.46,10,0,3,13.12,0,0,0
2026-09-20T10:32:32.837652+00:00,1439.5,10,2,0,1.09,0,0,0
2026-09-20T10:34:53.327024+00:00,4789.6,10,1,1,4.5,2,0,0
2026-09-20T10:36:15.833282+00:00,3177.25,10,0,0,3.71,0,0,0
2026-09-20T10:36:46.101081+00:00,2127.94,10,0,1,0.92,0,1,0
2026-09-20T10:39:36.719315+00:00,4895.96,10,0,2,10.76,0,0,0
2026-09-20T10:41:17.428124+00:00,917.87,10,0,5,1.48,1,0,0
2026-09-20T10:43:06.877239+00:00,4542.84,10,0,3,3.86,0,0,0
2026-09-20T10:45:48.122545+00:00,6476.82,10,0,1,2.17,0,0,0
2026-09-20T10:50:48.694749+00:00,6808.3,10,2,1,2.07,0,0,0
2026-09-20T10:51:48.372160+00:00,4959.09,10,0,1,8.19,0,0,0
2026-09-20T10:55:58.719451+00:00,20977.49,10,0,3,6.11,1,0,0
2026-09-20T10:56:14.972062+00:00,12881.68,10,0,1,3.26,0,0,0
2026-09-20T10:57:48.170787+00:00,1587.62,10,1,2,2.28,0,0,0
2026-09-20T11:00:01.431701+00:00,22961.62,11,1,1,0.9,0,0,0
2026-09-20T11:05:28.272927+00:00,622.03,11,0,0,10.0,0,1,0
2026-09-20T11:08:21.624067+00:00,12651.12,11,0,0,1.2,0,0,0
2026-09-20T11:10:56.349895+00:00,19102.68,11,0,3,9.17,1,0,0
2026-09-20T11:13:29.507175+00:00,4539.67,11,1,0,7.27,3,1,1
2026-09-20T11:20:25.778441+00:00,277.73,11,0,1,1.78,0,0,0
2026-09-20T11:22:24.868620+00:00,4672.67,11,0,2,1.26,0,1,0
2026-09-20T11:26:55.921061+00:00,4829.36,11,0,0,4.02,4,1,1
2026-09-20T11:28:22.390124+00:00,3624.96,11,0,1,4.2,0,0,0
2026-09-20T11:34:07.433961+00:00,1164.59,11,0,3,1.95,0,1,0
2026-09-20T11:34:14.578705+00:00,2212.76,11,1,0,7.32,0,0,0
2026-09-20T11:35:20.689791+00:00,434.47,11,3,3,12.53,0,1,0
2026-09-20T11:39:36.750556+00:00,2101.21,11,1,0,7.55,2,1,1
2026-09-20T11:42:11.772126+00:00,19450.03,11,0,1,7.68,0,0,0
2026-09-20T11:42:36.262039+00:00,1434.06,11,0,3,5.59,0,0,0
2026-09-20T11:45:38.743253+00:00,14707.1,11,1,3,1.04,0,0,0
2026-09-20T11:54:44.131254+00:00,896.59,11,0,4,2.63,0,0,0
2026-09-20T11:58:27.455542+00:00,314.91,11,2,1,8.5,0,0,0
2026-09-20T12:02:29.867396+00:00,8138.39,12,0,2,2.78,0,0,0
2026-09-20T12:08:30.870241+00:00,2478.87,12,2,1,2.72,0,0,0
2026-09-20T12:14:32.858513+00:00,1677.31,12,1,1,1.9,0,1,0
2026-09-20T12:21:43.780840+00:00,19596.35,12,0,4,4.62,0,0,0
2026-09-20T12:34:06.573591+00:00,3226.88,12,0,1,4.87,0,0,0
2026-09-20T12:43:17.527790+00:00,8218.38,12,0,1,2.95,1,0,0
2026-09-20T12:44:19.280243+00:00,689.95,12,0,2,7.43,0,1,0
2026-09-20T12:52:27.048404+00:00,1181.09,12,0,1,0.6,0,0,0
2026-09-20T12:56:35.177776+00:00,11967.08,12,0,2,3.16,0,0,0
2026-09-20T12:59:13.471301+00:00,1544.58,12,0,2,14.12,1,0,0
2026-09-20T12:59:55.167553+00:00,133.02,12,0,1,4.21,0,1,0
2026-09-20T13:04:22.316131+00:00,18474.3,13,3,1,3.07,0,0,1
2026-09-20T13:09:03.636692+00:00,145.41,13,0,0,8.63,1,1,0
2026-09-20T13:18:13.277709+00:00,14772.04,13,1,0,4.24,1,0,0
2026-09-20T13:22:14.739137+00:00,15400.05,13,0,0,4.23,0,1,1
2026-09-20T13:33:52.519386+00:00,8287.28,13,1,2,5.34,1,0,0
2026-09-20T13:34:59.407278+00:00,17638.96,13,0,1,3.34,0,0,0
2026-09-20T13:35:30.359501+00:00,2990.86,13,0,1,6.07,0,0,0
2026-09-20T13:36:04.202231+00:00,168.03,13,0,1,6.85,0,0,0
2026-09-20T13:37:28.788336+00:00,332.36,13,1,1,12.83,0,0,0
2026-09-20T13:41:53.266584+00:00,2162.36,13,0,0,8.23,0,0,0
2026-09-20T13:49:43.322170+00:00,1727.73,13,0,2,4.03,0,0,0
2026-09-20T13:56:04.337613+00:00,16653.99,13,1,0,4.3,0,0,0
2026-09-20T13:59:06.886087+00:00,1908.84,13,0,1,1.04,0,0,0
2026-09-20T14:00:24.096831+00:00,8761.65,14,0,1,4.7,0,1,0
2026-09-20T14:01:41.002543+00:00,2508.51,14,0,1,4.52,0,0,0
2026-09-20T14:05:08.207430+00:00,3846.48,14,0,6,2.08,0,1,0
2026-09-20T14:10:44.826953+00:00,7317.73,14,0,1,4.53,0,0,0
2026-09-20T14:14:16.430573+00:00,568.31,14,0,1,0.83,0,0,0
2026-09-20T14:16:24.871288+00:00,895.26,14,0,2,11.47,0,0,0
2026-09-20T14:28:02.097947+00:00,423.28,14,0,1,2.4,1,0,0
2026-09-20T14:29:17.885967+00:00,541.29,14,0,1,1.77,0,1,0
2026-09-20T14:34:12.935662+00:00,2359.64,14,1,2,7.76,0,1,0
2026-09-20T14:36:04.941638+00:00,15857.64,14,1,1,5.93,1,0,0
2026-09-20T14:37:28.336396+00:00,18185.39,14,0,3,0.49,0,0,0
2026-09-20T14:37:54.188103+00:00,13003.92,14,1,3,4.93,0,1,0
2026-09-20T14:40:18.653449+00:00,605.4,14,2,0,2.47,0,1,0
2026-09-20T14:44:18.344142+00:00,2550.55,14,0,0,6.2,0,0,0
2026-09-20T14:48:08.476537+00:00,393.14,14,4,1,0.73,2,0,1
2026-09-20T14:49:46.145592+00:00,1287.05,14,0,2,2.63,0,0,0
2026-09-20T14:51:29.063607+00:00,2459.27,14,1,0,1.72,0,1,0
2026-09-20T14:53:57.640587+00:00,9437.73,14,0,0,8.76,0,0,0
2026-09-20T14:56:54.108058+00:00,1648.2,14,0,4,6.64,2,0,0
2026-09-20T14:57:51.030097+00:00,274.75,14,0,1,7.73,0,1,0
2026-09-20T15:00:29.222462+00:00,1632.12,15,0,1,2.18,1,1,0
2026-09-20T15:07:18.092394+00:00,564.07,15,0,1,7.41,0,1,0
2026-09-20T15:09:54.537585+00:00,20999.05,15,0,2,1.07,0,0,0
2026-09-20T15:15:21.227503+00:00,3140.23,15,0,1,18.98,2,1,1
2026-09-20T15:15:23.839099+00:00,283.37,15,0,1,0.95,0,0,0
2026-09-20T15:17:06.861262+00:00,19315.23,15,0,1,12.49,0,0,0
2026-09-20T15:19:03.241531+00:00,3068.73,15,0,1,7.44,0,0,0
2026-09-20T15:20:07.494106+00:00,1813.4,15,0,1,4.69,0,1,0
2026-09-20T15:28:49.883991+00:00,121.8,15,0,1,2.33,1,0,0
2026-09-20T15:28:53.965587+00:00,13611.82,15,1,0,4.28,0,1,0
2026-09-20T15:38:55.403393+00:00,1523.9,15,1,2,2.51,0,1,0
2026-09-20T15:39:35.716996+00:00,23872.52,15,0,1,7.31,1,1,1
2026-09-20T15:45:03.616879+00:00,1320.8,15,4,2,4.75,0,1,0
2026-09-20T15:45:41.024256+00:00,16515.2,15,1,1,1.7,0,0,1
2026-09-20T15:47:37.162369+00:00,1633.7,15,0,1,3.2,0,1,0
2026-09-20T15:48:27.296530+00:00,1401.98,15,0,3,4.54,0,0,0
2026-09-20T15:53:09.281198+00:00,130.7,15,0,1,6.13,0,1,0
2026-09-20T15:54:29.356329+00:00,1488.22,15,0,2,17.64,0,1,0
2026-09-20T15:57:58.181480+00:00,7108.48,15,1,1,15.13,0,0,0
2026-09-20T15:59:27.346017+00:00,3811.85,15,0,2,9.34,2,0,0
2026-09-20T16:01:02.288812+00:00,562.88,16,1,2,4.35,0,0,0
2026-09-20T16:02:17.467295+00:00,2922.14,16,0,0,1.1,0,0,0
2026-09-20T16:07:54.358626+00:00,7188.84,16,0,0,1.42,0,1,0
2026-09-20T16:08:22.734167+00:00,3913.08,16,0,1,3.25,0,0,0
2026-09-20T16:12:03.552568+00:00,575.11,16,0,0,0.99,0,0,0
2026-09-20T16:12:05.089947+00:00,20383.62,16,0,0,4.18,0,0,0
2026-09-20T16:12:56.819405+00:00,16125.36,16,1,1,7.85,0,1,1
2026-09-20T16:13:28.640821+00:00,1996.88,16,1,3,3.13,0,0,0
2026-09-20T16:13:46.430668+00:00,2449.92,16,0,0,3.15,0,1,0
2026-09-20T16:20:06.061886+00:00,6141.61,16,0,0,2.27,0,0,0
2026-09-20T16:20:25.751348+00:00,8643.97,16,0,0,3.79,0,0,0
2026-09-20T16:22:05.174003+00:00,8553.8,16,1,2,15.32,0,0,0
2026-09-20T16:23:51.270504+00:00,85.56,16,0,1,4.48,0,1,0
2026-09-20T16:33:11.003304+00:00,8218.78,16,0,1,8.26,1,1,0
2026-09-20T16:35:57.621441+00:00,238.95,16,0,0,2.4,0,0,0
2026-09-20T16:39:32.367489+00:00,1048.6,16,0,0,10.67,0,0,0
2026-09-20T16:43:24.530794+00:00,2375.46,16,0,0,3.34,0,0,0
2026-09-20T16:45:44.493540+00:00,2152.11,16,2,2,6.33,0,0,0
2026-09-20T16:50:27.732741+00:00,3030.03,16,1,1,2.54,1,0,0
2026-09-20T16:52:49.693596+00:00,2149.16,16,1,1,8.46,1,0,0
2026-09-20T16:54:40.144223+00:00,8776.19,16,0,0,0.8,0,0,0
2026-09-20T16:56:50.519687+00:00,940.51,16,0,0,2.15,0,0,0
2026-09-20T17:01:32.826822+00:00,1084.77,17,4,2,4.52,0,0,0
2026-09-20T17:03:43.520266+00:00,8171.99,17,0,0,2.11,0,0,0
2026-09-20T17:03:45.235767+00:00,315.5,17,0,0,8.51,0,1,0
2026-09-20T17:07:43.629009+00:00,3069.55,17,0,1,1.45,0,0,0
2026-09-20T17:12:04.074368+00:00,3723.6,17,0,0,1.15,0,0,0
2026-09-20T17:13:17.175911+00:00,2313.74,17,0,1,7.82,1,0,0
2026-09-20T17:17:39.916363+00:00,3851.77,17,1,1,11.6,1,0,0
2026-09-20T17:31:13.531445+00:00,666.89,17,2,0,3.56,0,1,0
2026-09-20T17:31:55.233935+00:00,6187.44,17,0,2,2.76,1,0,0
2026-09-20T17:32:36.892088+00:00,542.73,17,0,0,2.14,0,1,0
2026-09-20T17:32:44.255410+00:00,17210.02,17,0,1,14.32,0,0,1
2026-09-20T17:37:04.346095+00:00,310.37,17,0,3,1.01,0,0,0
2026-09-20T17:37:17.806652+00:00,2581.35,17,3,1,14.37,0,1,0
2026-09-20T17:42:18.578440+00:00,3605.26,17,0,1,5.42,0,0,0
2026-09-20T17:47:42.545529+00:00,9128.74,17,0,1,5.72,0,1,0
2026-09-20T17:58:57.247921+00:00,4362.48,17,0,2,1.28,0,0,0
2026-09-20T18:01:29.022821+00:00,2552.57,18,0,0,11.62,0,0,0
2026-09-20T18:06:26.429975+00:00,8691.56,18,0,1,3.35,0,0,0
2026-09-20T18:07:09.585609+00:00,2142.96,18,0,0,9.19,0,1,0
2026-09-20T18:17:49.867011+00:00,2695.92,18,0,3,2.63,0,1,0
2026-09-20T18:19:00.012291+00:00,2961.07,18,0,2,2.79,0,0,0
2026-09-20T18:22:31.962350+00:00,1748.31,18,0,2,3.39,1,1,0
2026-09-20T18:24:30.222402+00:00,5894.06,18,1,1,6.58,0,1,0
2026-09-20T18:39:05.099193+00:00,715.31,18,0,0,6.44,0,0,0
2026-09-20T18:40:37.843890+00:00,2649.84,18,0,0,3.67,0,0,0
2026-09-20T18:43:05.646012+00:00,4159.12,18,0,1,1.17,0,0,0
2026-09-20T18:47:56.647884+00:00,7558.11,18,0,1,0.38,0,0,0
2026-09-20T18:49:17.202454+00:00,6951.08,18,1,1,8.13,0,1,0
2026-09-20T18:49:47.554764+00:00,2334.5,18,0,3,2.16,0,0,0
2026-09-20T18:52:06.748828+00:00,3357.51,18,0,1,6.28,0,0,0
2026-09-20T18:53:53.722659+00:00,1664.06,18,1,0,2.53,0,0,0
2026-09-20T18:56:57.435299+00:00,2080.63,18,0,0,2.51,0,0,0
2026-09-20T18:57:39.406438+00:00,7635.33,18,0,1,0.27,0,1,0
2026-09-20T19:01:25.070166+00:00,8601.98,19,1,0,8.16,0,0,0
2026-09-20T19:04:38.689215+00:00,7284.79,19,1,0,1.52,0,0,0
2026-09-20T19:06:01.403803+00:00,536.58,19,0,1,1.96,0,0,0
2026-09-20T19:10:34.596444+00:00,6132.58,19,0,0,8.49,0,0,0
2026-09-20T19:13:05.792502+00:00,9543.3,19,0,1,9.0,0,1,0
2026-09-20T19:21:41.058427+00:00,1494.37,19,1,0,6.5,0,0,0
2026-09-20T19:22:44.528520+00:00,2399.69,19,1,1,2.13,0,0,0
2026-09-20T19:30:47.766198+00:00,4892.08,19,0,1,4.51,0,0,0
2026-09-20T19:31:03.584878+00:00,2702.29,19,0,1,3.4,0,0,0
2026-09-20T19:31:12.495307+00:00,16166.95,19,1,0,0.72,1,0,0
2026-09-20T19:40:21.155198+00:00,2006.49,19,0,1,6.39,0,1,0
2026-09-20T19:42:25.979044+00:00,4065.0,19,0,1,9.87,0,1,0
2026-09-20T19:46:40.671505+00:00,5093.8,19,0,1,1.37,0,0,0
2026-09-20T19:47:07.472128+00:00,2240.53,19,0,0,6.34,0,1,0
2026-09-20T19:49:58.947027+00:00,6283.35,19,2,1,4.85,0,0,0
2026-09-20T19:53:02.115264+00:00,2588.0,19,3,2,0.96,0,0,0
2026-09-20T19:54:35.746632+00:00,1757.39,19,0,2,4.59,3,0,0
2026-09-20T19:57:24.451542+00:00,425.09,19,2,0,6.37,0,0,0
2026-09-20T20:00:58.984772+00:00,19044.52,20,0,0,3.87,0,0,0
2026-09-20T20:01:17.655845+00:00,4296.86,20,1,2,3.95,0,0,0
2026-09-20T20:01:28.202090+00:00,8194.21,20,0,1,1.28,1,1,0
2026-09-20T20:04:42.582534+00:00,987.76,20,1,2,4.98,0,1,0
2026-09-20T20:12:29.461385+00:00,1464.38,20,0,1,12.46,1,0,0
2026-09-20T20:13:47.866136+00:00,595.01,20,0,2,2.59,0,1,0
2026-09-20T20:19:08.751715+00:00,3815.26,20,2,0,9.33,0,0,0
2026-09-20T20:21:37.078214+00:00,28000.0,20,0,1,2.23,2,0,1
2026-09-20T20:26:20.383837+00:00,3337.76,20,3,1,3.53,0,0,0
2026-09-20T20:29:48.551492+00:00,3131.74,20,0,0,2.77,1,0,0
2026-09-20T20:30:12.147172+00:00,2640.14,20,0,0,5.62,0,1,0
2026-09-20T20:54:29.234567+00:00,356.37,20,1,1,1.33,0,0,0
2026-09-20T21:00:21.436707+00:00,4243.99,21,0,1,1.35,0,1,0
2026-09-20T21:09:16.600278+00:00,19417.31,21,0,1,5.8,0,0,0
2026-09-20T21:13:00.005466+00:00,3526.12,21,0,0,4.58,0,1,0
2026-09-20T21:26:37.171445+00:00,7390.45,21,0,2,9.83,0,0,0
2026-09-20T21:29:32.729197+00:00,22113.73,21,0,0,11.76,0,1,1
2026-09-20T21:32:21.228753+00:00,17955.46,21,0,0,3.23,0,0,0
2026-09-20T21:38:12.917593+00:00,8443.41,21,0,2,0.54,0,0,0
2026-09-20T21:39:15.863623+00:00,14775.8,21,0,0,10.85,0,1,0
2026-09-20T21:39:27.306197+00:00,2845.79,21,2,2,7.97,3,0,1
2026-09-20T21:42:20.359961+00:00,428.89,21,0,1,6.08,3,0,0
2026-09-20T21:43:45.526809+00:00,2026.64,21,0,1,2.52,1,1,0
2026-09-20T21:45:24.858701+00:00,5017.73,21,0,2,8.76,1,0,0
2026-09-20T21:50:35.763049+00:00,149.97,21,0,1,5.08,0,1,0
2026-09-20T21:51:22.207838+00:00,247.42,21,0,2,3.48,0,0,0
2026-09-20T21:53:26.844778+00:00,13548.96,21,0,1,2.6,0,0,0
2026-09-20T21:53:27.944495+00:00,4262.17,21,1,2,1.01,0,0,0
2026-09-20T21:55:30.615466+00:00,2285.55,21,1,1,2.78,0,0,0
2026-09-20T21:56:30.109795+00:00,1532.92,21,0,0,5.11,0,0,0
2026-09-20T21:58:13.491297+00:00,417.19,21,0,1,9.48,0,1,0
2026-09-20T22:01:09.603973+00:00,17946.68,22,0,0,4.07,1,0,0
2026-09-20T22:04:55.465813+00:00,1298.92,22,0,1,4.95,0,0,0
2026-09-20T22:05:06.991646+00:00,1046.64,22,1,2,6.05,0,0,0
2026-09-20T22:23:09.171643+00:00,3440.71,22,0,1,6.88,1,1,0
2026-09-20T22:31:04.820983+00:00,2679.95,22,0,0,2.42,0,0,0
2026-09-20T22:31:35.232794+00:00,1500.19,22,0,1,7.0,0,0,0
2026-09-20T22:32:35.818558+00:00,3342.53,22,0,0,2.44,0,0,0
2026-09-20T22:36:05.115355+00:00,19664.39,22,0,1,4.05,0,1,1
2026-09-20T22:37:10.743697+00:00,5128.54,22,0,0,3.43,0,0,0
2026-09-20T22:38:50.512472+00:00,893.54,22,1,0,2.33,0,1,0
2026-09-20T22:40:34.107924+00:00,613.51,22,0,0,2.72,0,0,0
2026-09-20T22:40:40.210992+00:00,4940.89,22,1,2,2.47,0,1,0
2026-09-20T22:45:01.376332+00:00,3998.02,22,0,2,2.24,0,0,0
2026-09-20T22:50:02.590318+00:00,17594.89,22,0,0,2.44,0,1,1
2026-09-20T22:50:57.228922+00:00,455.44,22,0,2,2.75,0,0,0
2026-09-20T22:52:16.789116+00:00,5892.4,22,0,2,4.61,0,1,0
2026-09-20T22:53:03.451916+00:00,4856.11,22,0,2,4.84,0,0,0
2026-09-20T22:54:26.696708+00:00,1328.46,22,1,1,2.63,0,0,0
2026-09-20T23:00:18.051034+00:00,3495.27,23,0,0,5.35,0,0,0
2026-09-20T23:06:24.890378+00:00,484.23,23,3,2,1.89,0,1,0
2026-09-20T23:13:21.360662+00:00,16867.19,23,0,1,13.02,0,0,0
2026-09-20T23:17:50.906886+00:00,120.51,23,0,1,2.31,1,0,0
2026-09-20T23:22:48.395653+00:00,1650.16,23,0,0,3.64,0,0,0
2026-09-20T23:23:02.897168+00:00,308.93,23,0,1,4.28,0,1,0
2026-09-20T23:23:08.251890+00:00,2122.84,23,0,1,2.6,0,1,0
2026-09-20T23:24:16.479789+00:00,1812.42,23,0,2,8.99,0,0,0
2026-09-20T23:24:23.991579+00:00,1940.58,23,0,1,2.64,0,1,0
2026-09-20T23:25:36.319974+00:00,208.45,23,0,3,0.97,0,1,0
2026-09-20T23:32:13.729559+00:00,1496.21,23,0,3,7.01,0,0,0
2026-09-20T23:33:22.444225+00:00,4580.23,23,0,0,1.56,0,1,0
2026-09-20T23:34:05.324025+00:00,1533.0,23,1,1,1.74,0,1,0
2026-09-20T23:37:59.228594+00:00,4078.78,23,1,1,4.64,0,0,0
2026-09-20T23:38:30.803890+00:00,1535.87,23,0,2,1.5,0,0,0
2026-09-20T23:39:41.300759+00:00,1821.05,23,1,0,0.99,0,0,0
2026-09-20T23:40:36.844450+00:00,2715.57,23,0,0,10.25,0,1,0
2026-09-20T23:42:33.919365+00:00,9690.29,23,0,1,7.96,0,0,0
2026-09-20T23:46:27.114443+00:00,428.81,23,0,2,2.2,0,0,0
2026-09-20T23:47:43.845255+00:00,167.1,23,0,2,9.22,0,0,0
2026-09-20T23:50:48.535639+00:00,3056.43,23,0,3,5.97,0,0,0
2026-09-20T23:53:34.361134+00:00,27329.87,23,0,2,13.94,0,0,1
2026-09-21T00:12:44.940931+00:00,14709.15,0,0,0,0.79,1,1,0
2026-09-21T00:16:12.326320+00:00,2178.29,0,0,0,1.59,0,0,0
2026-09-21T00:23:03.597388+00:00,2080.05,0,0,0,9.95,0,0,0
2026-09-21T00:26:57.752833+00:00,3373.71,0,1,2,3.03,0,1,0
2026-09-21T00:35:34.395670+00:00,2655.55,0,0,1,6.57,0,0,0
2026-09-21T00:41:23.459340+00:00,3277.16,0,2,0,6.68,0,1,0
2026-09-21T00:48:05.446738+00:00,6688.7,0,1,3,12.15,0,1,0
2026-09-21T00:49:30.818038+00:00,4449.21,0,0,2,4.27,0,0,0
2026-09-21T00:50:56.223890+00:00,2258.15,0,0,0,4.35,0,0,0
2026-09-21T00:55:03.422457+00:00,2042.86,0,0,1,4.49,0,1,0
2026-09-21T00:56:40.510864+00:00,3325.75,0,0,1,10.44,0,1,0
2026-09-21T00:58:25.336841+00:00,2006.45,0,0,2,7.72,0,1,0
2026-09-21T01:02:04.505476+00:00,2018.66,1,0,0,4.38,0,1,1
2026-09-21T01:02:14.056492+00:00,112.61,1,0,2,0.63,0,0,0
2026-09-21T01:04:30.520953+00:00,671.96,1,0,0,2.64,0,0,0
2026-09-21T01:04:41.357080+00:00,2205.39,1,0,0,1.86,0,0,0
2026-09-21T01:35:24.847446+00:00,5594.88,1,0,1,20.49,0,0,0
2026-09-21T01:39:51.914155+00:00,1105.56,1,0,0,10.76,0,0,0
2026-09-21T01:42:11.351983+00:00,2426.37,1,0,1,15.97,1,0,0
2026-09-21T01:47:43.041188+00:00,1413.8,1,0,1,2.7,0,0,0
2026-09-21T01:48:41.618228+00:00,414.28,1,0,2,0.54,0,0,0
2026-09-21T01:53:30.418180+00:00,10227.1,1,0,1,5.71,0,0,0
2026-09-21T01:55:54.006568+00:00,6232.08,1,0,2,2.14,1,0,0
2026-09-21T01:58:45.481322+00:00,17678.48,1,0,1,3.98,0,0,1
2026-09-21T01:58:48.358120+00:00,4131.06,1,0,0,3.15,0,0,0
2026-09-21T01:58:58.147499+00:00,1426.61,1,1,0,3.39,0,0,0
2026-09-21T02:00:55.914273+00:00,16919.91,2,0,0,3.75,0,1,1
2026-09-21T02:01:05.554629+00:00,1212.34,2,0,0,2.01,0,0,0
2026-09-21T02:05:50.005927+00:00,932.89,2,1,1,3.35,0,0,0
2026-09-21T02:12:01.595788+00:00,2745.04,2,1,0,5.62,1,0,0
2026-09-21T02:13:13.914005+00:00,19538.63,2,1,2,5.13,0,1,1
2026-09-21T02:13:29.333913+00:00,744.27,2,0,0,4.59,0,1,0
2026-09-21T02:16:03.235133+00:00,22137.92,2,0,4,1.3,0,1,1
2026-09-21T02:16:51.200319+00:00,262.79,2,0,1,4.17,0,0,0
2026-09-21T02:19:07.685807+00:00,8100.0,2,0,1,3.02,0,0,0
2026-09-21T02:26:53.878051+00:00,330.56,2,1,1,4.75,0,0,0
2026-09-21T02:31:30.454834+00:00,7919.53,2,0,1,9.97,0,1,1
2026-09-21T02:35:36.014414+00:00,21357.01,2,0,2,2.75,0,1,1
2026-09-21T02:38:26.043825+00:00,1961.99,2,0,1,5.27,0,1,0
2026-09-21T02:38:38.944492+00:00,11654.74,2,1,1,3.38,0,1,0
2026-09-21T02:39:20.803584+00:00,14921.91,2,0,0,4.36,0,1,0
2026-09-21T02:45:20.022053+00:00,3421.06,2,2,2,0.65,0,0,1
2026-09-21T02:46:26.914326+00:00,495.06,2,0,3,3.0,0,0,1
2026-09-21T02:46:29.530925+00:00,2317.81,2,1,0,4.58,0,1,0
2026-09-21T02:53:48.299663+00:00,2470.38,2,0,1,1.6,1,1,0
2026-09-21T02:56:54.713691+00:00,2371.89,2,1,3,1.65,0,0,1
2026-09-21T02:59:28.685395+00:00,2756.92,2,0,2,7.94,2,0,1
2026-09-21T03:05:57.585188+00:00,120.49,3,1,0,2.39,1,0,0
2026-09-21T03:10:45.415623+00:00,4034.77,3,0,1,10.41,0,0,0
2026-09-21T03:16:16.049938+00:00,4047.73,3,0,1,5.05,1,1,1
2026-09-21T03:22:33.784765+00:00,452.64,3,0,4,2.36,0,1,1
2026-09-21T03:35:58.036827+00:00,2762.49,3,0,4,1.2,0,0,1
2026-09-21T03:41:03.430964+00:00,2748.53,3,0,2,5.49,1,0,0
2026-09-21T03:41:30.240539+00:00,3730.79,3,0,1,3.34,0,1,0
2026-09-21T03:44:18.301580+00:00,345.65,3,0,1,2.09,0,1,0
2026-09-21T03:57:38.092538+00:00,3211.51,3,0,1,0.62,0,1,0
2026-09-21T03:58:03.921956+00:00,1114.56,3,0,1,3.19,0,0,0
2026-09-21T04:09:54.877177+00:00,17615.64,4,0,0,1.99,1,1,1
2026-09-21T04:22:35.854275+00:00,4809.54,4,0,2,5.32,0,1,1
2026-09-21T04:28:03.326105+00:00,3973.51,4,0,0,4.98,0,0,0
2026-09-21T04:28:40.069784+00:00,465.08,4,0,0,3.68,0,1,0
2026-09-21T04:40:45.055385+00:00,2922.37,4,0,2,0.62,0,1,0
2026-09-21T04:42:27.189221+00:00,28000.0,4,0,2,3.42,1,0,1
2026-09-21T04:44:04.687266+00:00,605.65,4,0,5,9.36,2,0,1
2026-09-21T04:45:59.204625+00:00,6193.41,4,0,0,2.54,0,0,0
2026-09-21T04:48:00.435717+00:00,3940.01,4,1,1,2.47,1,1,1
2026-09-21T04:48:27.079772+00:00,4819.15,4,0,0,6.53,0,1,1
2026-09-21T04:48:54.168763+00:00,1119.93,4,1,0,2.62,1,0,0
2026-09-21T04:57:30.341199+00:00,1146.47,4,0,1,5.4,1,1,1
2026-09-21T05:14:26.879154+00:00,7626.94,5,0,0,3.8,0,0,0
2026-09-21T05:18:35.082604+00:00,1487.28,5,0,2,6.83,0,0,0
2026-09-21T05:22:40.395719+00:00,268.28,5,0,1,10.8,0,0,0
2026-09-21T05:23:03.736673+00:00,2996.91,5,0,2,10.45,0,1,0
2026-09-21T05:24:28.022813+00:00,486.63,5,1,2,3.31,0,0,0
2026-09-21T05:27:41.919108+00:00,5156.2,5,0,1,6.74,0,0,0
2026-09-21T05:38:47.996373+00:00,3344.85,5,0,2,6.34,0,1,0
2026-09-21T05:39:28.970191+00:00,6707.22,5,0,1,1.89,1,1,0
2026-09-21T05:40:19.754477+00:00,4976.35,5,1,1,3.72,2,1,1
2026-09-21T05:42:21.243659+00:00,440.52,5,1,0,6.78,2,1,1
2026-09-21T05:44:53.750511+00:00,1595.25,5,0,0,2.72,2,0,0
2026-09-21T05:45:23.422496+00:00,4827.05,5,1,1,2.61,0,0,0
2026-09-21T05:49:55.017512+00:00,1788.49,5,0,2,2.23,0,0,0
2026-09-21T05:50:48.719189+00:00,11543.81,5,0,1,8.62,1,0,0
2026-09-21T05:55:17.887060+00:00,4318.64,5,0,3,4.97,0,0,0
2026-09-21T05:56:30.515327+00:00,109.99,5,0,3,9.42,0,1,0
2026-09-21T06:05:59.186643+00:00,6844.46,6,0,0,6.55,0,0,0
2026-09-21T06:12:28.153819+00:00,400.02,6,2,0,1.05,0,1,0
2026-09-21T06:14:14.720102+00:00,544.58,6,1,1,7.56,0,0,0
2026-09-21T06:20:24.943689+00:00,18901.31,6,1,0,2.13,0,0,0
2026-09-21T06:31:40.723455+00:00,6467.19,6,0,0,4.99,0,1,0
2026-09-21T06:31:40.981796+00:00,2519.6,6,0,1,1.06,1,0,0
2026-09-21T06:33:43.161841+00:00,1151.69,6,0,2,3.15,0,0,0
2026-09-21T06:34:55.284877+00:00,1444.99,6,1,0,5.62,0,0,0
2026-09-21T06:42:33.216504+00:00,20457.52,6,2,1,11.64,2,1,1
2026-09-21T06:42:44.517372+00:00,21619.89,6,0,1,8.41,0,0,1
2026-09-21T06:44:27.176018+00:00,950.47,6,0,0,9.01,0,1,0
2026-09-21T06:51:12.343305+00:00,3063.87,6,0,1,6.4,0,0,0
2026-09-21T06:51:25.168067+00:00,7441.27,6,0,1,12.01,0,1,0
2026-09-21T06:53:51.473693+00:00,17768.84,6,0,1,3.67,0,0,0
2026-09-21T06:54:50.064881+00:00,721.27,6,0,1,5.15,0,0,0
2026-09-21T06:56:11.511620+00:00,20852.92,6,0,4,16.28,1,0,1
2026-09-21T07:02:24.326935+00:00,4392.66,7,1,1,1.44,0,0,0
2026-09-21T07:07:42.101650+00:00,8608.13,7,1,0,3.34,0,1,0
2026-09-21T07:08:53.392778+00:00,639.03,7,0,0,4.15,0,0,0
2026-09-21T07:11:22.546658+00:00,16751.9,7,0,2,4.14,0,0,0
2026-09-21T07:11:34.626532+00:00,17555.47,7,0,1,2.88,0,0,0
2026-09-21T07:16:31.690520+00:00,3109.73,7,1,2,3.63,0,1,0
2026-09-21T07:20:01.494192+00:00,2153.63,7,0,1,8.95,0,1,0
2026-09-21T07:29:00.833346+00:00,2983.87,7,0,0,6.32,0,0,0
2026-09-21T07:31:10.891210+00:00,696.53,7,1,1,12.65,0,0,0
2026-09-21T07:32:10.832650+00:00,15160.1,7,1,4,4.32,0,0,0
2026-09-21T07:36:05.011472+00:00,3494.29,7,1,1,6.44,0,0,0
2026-09-21T07:36:47.706565+00:00,1874.01,7,1,1,3.53,2,1,0
2026-09-21T07:43:06.660007+00:00,21904.32,7,0,3,2.95,0,1,0
2026-09-21T07:44:37.004662+00:00,1980.02,7,1,0,10.61,0,0,0
2026-09-21T07:50:12.874349+00:00,1358.77,7,0,1,6.28,1,0,0
2026-09-21T07:56:36.438644+00:00,1217.88,7,0,0,4.71,2,1,0
2026-09-21T07:59:27.612164+00:00,1753.32,7,0,0,2.23,0,0,0
2026-09-21T07:59:29.789014+00:00,134.75,7,0,3,2.29,0,1,0
2026-09-21T08:07:17.151891+00:00,3593.45,8,0,0,0.38,0,1,0
2026-09-21T08:08:38.128801+00:00,6028.04,8,2,1,7.82,0,1,0
2026-09-21T08:21:35.703646+00:00,1461.37,8,0,1,9.81,0,1,0
2026-09-21T08:22:04.523604+00:00,210.8,8,2,0,3.19,1,0,0
2026-09-21T08:39:35.430769+00:00,13902.21,8,0,1,3.13,0,0,0
2026-09-21T08:39:43.933028+00:00,1039.57,8,0,1,16.44,0,0,0
2026-09-21T08:49:18.700500+00:00,493.23,8,0,0,7.1,0,0,0
2026-09-21T08:49:20.581724+00:00,1537.26,8,0,0,2.78,1,1,0
2026-09-21T08:50:54.182487+00:00,4352.93,8,0,0,4.08,0,1,0
2026-09-21T09:03:21.671115+00:00,14513.88,9,3,0,3.73,0,0,0
2026-09-21T09:03:55.726821+00:00,2795.9,9,0,0,7.35,0,1,0
2026-09-21T09:05:26.816041+00:00,1778.72,9,1,0,6.32,0,0,0
2026-09-21T09:05:30.427831+00:00,460.95,9,0,1,5.12,0,0,0
2026-09-21T09:10:15.372906+00:00,1342.9,9,0,0,2.52,0,0,0
2026-09-21T09:10:19.155165+00:00,4189.64,9,2,0,0.58,0,0,0
2026-09-21T09:12:03.924185+00:00,3089.63,9,0,2,3.04,3,0,0
2026-09-21T09:20:32.748343+00:00,468.26,9,0,0,4.26,0,1,0
2026-09-21T09:21:13.917618+00:00,15313.74,9,0,1,0.61,0,0,0
2026-09-21T09:22:58.602200+00:00,3335.81,9,2,2,6.48,0,0,0
2026-09-21T09:24:44.366996+00:00,5432.39,9,0,0,9.74,0,0,0
2026-09-21T09:27:03.411963+00:00,1435.92,9,0,2,1.85,1,0,0
2026-09-21T09:27:47.231490+00:00,2954.83,9,0,0,2.92,0,0,0
2026-09-21T09:29:49.235438+00:00,658.74,9,2,2,3.66,0,0,0
2026-09-21T09:32:30.650093+00:00,1253.79,9,0,1,4.59,0,1,0
2026-09-21T09:33:17.994781+00:00,125.53,9,0,1,1.12,4,1,1
2026-09-21T09:36:46.346941+00:00,4739.07,9,0,0,4.61,0,0,0
2026-09-21T09:40:58.582568+00:00,1700.03,9,0,0,8.18,0,0,0
2026-09-21T09:46:56.616289+00:00,5479.21,9,0,1,1.96,0,1,0
2026-09-21T10:00:48.303095+00:00,22782.89,10,0,0,4.82,0,1,1
2026-09-21T10:01:15.435697+00:00,24032.51,10,0,1,5.53,0,0,0
2026-09-21T10:01:36.234527+00:00,1136.46,10,0,0,9.72,0,0,0
2026-09-21T10:04:18.237355+00:00,715.04,10,0,0,6.54,0,0,0
2026-09-21T10:05:27.841456+00:00,11491.0,10,2,0,15.44,0,0,0
2026-09-21T10:06:44.947093+00:00,4103.1,10,0,2,13.66,0,0,0
2026-09-21T10:07:34.349538+00:00,5807.27,10,0,0,2.12,0,0,0
2026-09-21T10:09:34.747882+00:00,102.31,10,0,2,5.72,0,0,0
2026-09-21T10:12:26.056053+00:00,1460.55,10,0,0,3.93,0,0,0
2026-09-21T10:17:28.406507+00:00,4405.49,10,0,1,2.65,0,0,0
2026-09-21T10:19:40.096679+00:00,319.81,10,1,2,3.61,0,0,0
2026-09-21T10:20:30.681790+00:00,2740.97,10,0,0,2.2,0,1,0
2026-09-21T10:22:40.681827+00:00,15440.21,10,1,1,17.2,0,0,0
2026-09-21T10:25:13.192781+00:00,116.88,10,1,0,3.05,0,1,0
2026-09-21T10:27:20.323290+00:00,19201.74,10,0,0,1.26,0,1,1
2026-09-21T10:36:04.553435+00:00,1132.58,10,0,0,3.91,0,0,0
2026-09-21T10:36:57.352194+00:00,439.6,10,0,0,3.85,0,1,0
2026-09-21T10:37:37.580508+00:00,3254.93,10,2,2,1.67,0,1,0
2026-09-21T10:39:19.894009+00:00,948.31,10,0,3,2.43,0,0,0
2026-09-21T10:40:54.343948+00:00,1100.65,10,0,1,4.49,2,0,1
2026-09-21T10:42:17.995124+00:00,7372.4,10,1,2,1.79,0,0,0
2026-09-21T10:42:34.324600+00:00,2074.29,10,0,2,7.88,0,0,0
2026-09-21T10:54:37.573340+00:00,1652.93,10,0,1,1.67,0,0,0
2026-09-21T10:54:44.209361+00:00,4178.04,10,0,0,4.4,0,0,0
2026-09-21T10:59:00.021227+00:00,7751.72,10,0,2,3.94,0,0,0
2026-09-21T11:04:39.462383+00:00,141.14,11,0,1,7.21,0,1,0
2026-09-21T11:06:55.575381+00:00,1962.85,11,0,0,2.7,0,1,0
2026-09-21T11:07:05.176662+00:00,3079.56,11,0,1,2.75,0,0,0
2026-09-21T11:12:41.397942+00:00,1287.37,11,1,1,2.52,0,0,0
2026-09-21T11:14:28.572974+00:00,4796.64,11,0,2,3.26,0,0,0
2026-09-21T11:16:21.723708+00:00,11442.55,11,0,3,2.76,0,1,0
2026-09-21T11:16:33.622504+00:00,9251.14,11,0,0,5.58,0,1,0
2026-09-21T11:19:00.428589+00:00,21494.11,11,0,1,4.21,0,1,1
2026-09-21T11:22:36.306289+00:00,881.19,11,1,2,0.63,0,0,0
2026-09-21T11:22:58.397284+00:00,10165.69,11,0,0,9.33,1,1,0
2026-09-21T11:28:04.000087+00:00,2023.68,11,0,2,3.33,0,1,0
2026-09-21T11:28:55.709714+00:00,807.42,11,1,2,15.03,0,1,0
2026-09-21T11:29:38.759188+00:00,17584.25,11,0,2,7.13,3,1,1
2026-09-21T11:38:27.584557+00:00,1130.92,11,0,0,3.64,0,0,0
2026-09-21T11:41:18.115757+00:00,1055.03,11,0,0,6.62,0,0,0
2026-09-21T12:00:47.536559+00:00,6824.88,12,3,0,4.81,0,0,0
2026-09-21T12:01:12.736526+00:00,627.39,12,1,1,6.62,0,1,0
2026-09-21T12:01:13.328877+00:00,272.99,12,0,1,4.84,0,0,0
2026-09-21T12:01:47.945795+00:00,1063.51,12,0,0,4.59,0,1,0
2026-09-21T12:27:44.206342+00:00,3048.18,12,1,2,4.75,0,1,0
2026-09-21T12:29:20.887455+00:00,480.32,12,0,0,4.87,0,0,0
2026-09-21T12:51:28.913573+00:00,2101.25,12,0,1,9.79,1,1,0
2026-09-21T12:57:34.779440+00:00,3218.66,12,0,2,7.32,0,0,0
2026-09-21T13:09:22.655988+00:00,6103.95,13,0,0,6.07,0,0,0
2026-09-21T13:27:32.960452+00:00,895.83,13,1,0,5.59,0,0,0
2026-09-21T13:30:16.812211+00:00,5500.52,13,0,1,18.57,0,1,0
2026-09-21T13:38:45.116167+00:00,916.82,13,0,2,6.05,1,1,0
2026-09-21T13:40:51.024183+00:00,3674.02,13,0,2,4.12,0,0,0
2026-09-21T13:43:08.913941+00:00,1862.56,13,1,1,6.58,1,0,0
2026-09-21T13:44:27.223949+00:00,16775.29,13,1,0,1.31,1,0,0
2026-09-21T13:54:49.359916+00:00,4068.59,13,0,0,2.81,0,0,0
2026-09-21T13:57:06.719272+00:00,845.91,13,1,1,3.7,0,0,0
2026-09-21T13:58:15.761055+00:00,681.89,13,0,1,8.31,0,1,0
2026-09-21T14:00:55.042010+00:00,1479.74,14,1,3,7.11,0,0,0
2026-09-21T14:03:46.187031+00:00,3449.66,14,0,1,4.22,0,1,0
2026-09-21T14:06:53.100546+00:00,913.02,14,0,0,3.09,0,0,0
2026-09-21T14:11:22.612619+00:00,709.36,14,0,1,5.66,0,0,0
2026-09-21T14:13:36.000779+00:00,92.01,14,0,1,0.39,1,0,0
2026-09-21T14:14:57.083209+00:00,2101.55,14,1,1,3.38,0,1,0
2026-09-21T14:21:33.145813+00:00,1851.19,14,1,0,4.43,0,0,0
2026-09-21T14:22:10.496632+00:00,912.48,14,0,0,0.47,0,0,0
2026-09-21T14:27:57.435761+00:00,236.46,14,0,0,8.54,1,0,0
2026-09-21T14:28:03.134750+00:00,1854.61,14,2,2,8.93,0,0,0
2026-09-21T14:28:07.802184+00:00,5026.84,14,0,1,3.0,0,0,0
2026-09-21T14:30:59.393663+00:00,4080.02,14,0,1,2.77,0,0,0
2026-09-21T14:32:39.341476+00:00,6369.78,14,1,2,6.63,0,1,0
2026-09-21T14:34:55.769346+00:00,90.81,14,0,1,3.35,0,0,0
2026-09-21T14:38:41.287745+00:00,10920.17,14,0,3,9.8,1,1,0
2026-09-21T14:46:21.332752+00:00,1396.5,14,0,2,1.78,0,0,0
2026-09-21T14:52:17.513894+00:00,28000.0,14,0,1,9.87,0,0,0
2026-09-21T14:55:00.585773+00:00,991.78,14,0,0,18.4,2,1,1
2026-09-21T14:59:06.179388+00:00,2100.9,14,0,0,7.07,0,1,0
2026-09-21T15:00:04.297326+00:00,19799.68,15,0,1,9.52,1,1,1
2026-09-21T15:01:05.775251+00:00,16279.08,15,0,1,5.31,1,1,1
2026-09-21T15:05:01.753024+00:00,5970.23,15,0,3,1.89,0,0,0
2026-09-21T15:09:03.149658+00:00,4450.63,15,0,1,3.61,0,1,0
2026-09-21T15:14:42.645270+00:00,15571.76,15,0,1,1.85,0,0,0
2026-09-21T15:17:37.327958+00:00,17406.65,15,0,0,5.61,1,0,0
2026-09-21T15:18:49.563852+00:00,2051.15,15,1,0,6.9,0,1,0
2026-09-21T15:20:37.365512+00:00,362.05,15,0,2,9.14,0,1,0
2026-09-21T15:22:34.904778+00:00,28000.0,15,0,0,0.75,1,1,0
2026-09-21T15:25:17.755459+00:00,2626.13,15,1,2,1.62,0,0,0
2026-09-21T15:37:57.732288+00:00,24567.77,15,0,2,5.79,0,0,0
2026-09-21T15:41:10.669069+00:00,1730.8,15,0,1,0.9,0,0,0
2026-09-21T15:43:07.933116+00:00,2599.02,15,0,3,8.83,0,1,0
2026-09-21T15:44:14.248697+00:00,9203.43,15,0,1,5.43,0,1,0
2026-09-21T15:45:23.060165+00:00,19783.15,15,3,2,3.03,0,0,1
2026-09-21T15:50:20.150333+00:00,1166.68,15,0,4,9.71,0,0,0
2026-09-21T15:52:32.893293+00:00,587.82,15,1,1,7.47,0,1,0
2026-09-21T15:55:14.139257+00:00,5088.02,15,0,1,0.8,1,0,0
2026-09-21T16:00:07.426666+00:00,264.97,16,0,0,3.0,0,0,0
2026-09-21T16:04:02.389221+00:00,21038.14,16,2,0,3.19,0,0,1
2026-09-21T16:06:05.668922+00:00,1194.48,16,2,0,3.17,0,0,0
2026-09-21T16:08:08.533310+00:00,2370.19,16,1,1,7.75,0,1,0
2026-09-21T16:16:56.908567+00:00,19568.25,16,0,0,5.1,0,0,0
2026-09-21T16:17:11.535943+00:00,206.73,16,0,2,1.71,0,1,0
2026-09-21T16:19:41.039920+00:00,28000.0,16,0,1,6.3,0,0,0
2026-09-21T16:20:25.222375+00:00,9835.47,16,0,0,6.53,0,1,0
2026-09-21T16:25:15.794946+00:00,1108.35,16,0,0,6.67,0,0,0
2026-09-21T16:26:36.676568+00:00,4268.0,16,0,1,2.69,0,0,0
2026-09-21T16:27:24.285695+00:00,2825.17,16,1,1,1.07,0,0,0
2026-09-21T16:29:03.117313+00:00,927.59,16,0,1,12.57,0,1,0
2026-09-21T16:33:11.851992+00:00,1032.94,16,0,1,7.65,0,1,0
2026-09-21T16:33:41.572276+00:00,2221.95,16,2,1,5.94,0,0,0
2026-09-21T16:34:55.619073+00:00,20322.41,16,0,2,5.38,3,0,1
2026-09-21T16:34:55.809813+00:00,1161.51,16,0,0,3.03,0,0,0
2026-09-21T16:37:13.338124+00:00,5332.7,16,0,1,3.95,1,0,0
2026-09-21T16:40:32.155313+00:00,2161.58,16,0,1,6.69,0,0,0
2026-09-21T16:46:08.873638+00:00,3464.07,16,0,0,6.66,0,0,0
2026-09-21T16:48:18.930239+00:00,731.44,16,0,1,0.78,0,0,0
2026-09-21T16:48:57.835871+00:00,2500.04,16,0,2,1.58,0,1,0
2026-09-21T16:55:48.128865+00:00,1284.61,16,0,0,2.85,0,0,0
2026-09-21T17:02:49.205968+00:00,2451.75,17,0,3,1.29,0,1,0
2026-09-21T17:08:35.354249+00:00,4917.24,17,0,2,3.44,0,0,0
2026-09-21T17:09:41.976286+00:00,4747.88,17,1,1,3.17,2,1,0
2026-09-21T17:12:04.333122+00:00,1459.35,17,0,2,2.43,0,1,0
2026-09-21T17:13:00.711291+00:00,3852.24,17,0,0,1.17,3,0,0
2026-09-21T17:18:52.693968+00:00,9132.46,17,1,0,3.78,0,0,0
2026-09-21T17:19:57.878574+00:00,3204.37,17,0,3,2.36,0,1,0
2026-09-21T17:20:26.748776+00:00,20845.16,17,0,1,9.15,0,0,0
2026-09-21T17:21:02.971374+00:00,3703.28,17,1,2,4.23,0,0,0
2026-09-21T17:21:28.676112+00:00,414.64,17,0,0,8.69,0,1,0
2026-09-21T17:23:49.325996+00:00,6641.08,17,1,0,4.82,1,0,0
2026-09-21T17:25:00.538786+00:00,2386.52,17,1,0,7.71,0,0,0
2026-09-21T17:33:22.948943+00:00,1616.36,17,0,1,2.56,0,0,0
2026-09-21T17:34:23.854141+00:00,247.83,17,0,4,1.92,0,0,0
2026-09-21T17:36:19.454111+00:00,1593.76,17,0,0,9.12,0,1,0
2026-09-21T17:44:22.241190+00:00,7532.57,17,0,0,10.69,0,0,0
2026-09-21T17:46:34.952435+00:00,127.86,17,1,1,5.02,1,0,0
2026-09-21T17:47:10.843867+00:00,2119.8,17,0,3,3.97,0,1,0
2026-09-21T17:52:08.632547+00:00,8623.02,17,0,2,1.87,0,1,0
2026-09-21T17:54:36.501236+00:00,1667.24,17,0,1,5.48,0,0,0
2026-09-21T17:57:45.570301+00:00,1848.56,17,0,2,0.14,0,0,0
2026-09-21T17:59:37.464064+00:00,2825.05,17,0,1,4.52,0,0,0
2026-09-21T18:08:11.837963+00:00,2049.25,18,0,1,4.01,0,0,0
2026-09-21T18:09:02.452630+00:00,650.87,18,1,3,0.75,0,0,0
2026-09-21T18:09:37.204734+00:00,119.94,18,0,0,2.62,0,1,0
2026-09-21T18:09:47.737209+00:00,3071.6,18,0,1,2.77,0,1,0
2026-09-21T18:11:14.020096+00:00,8174.76,18,0,2,3.02,0,0,0
2026-09-21T18:12:58.681402+00:00,419.86,18,0,0,1.59,0,1,0
2026-09-21T18:21:01.248797+00:00,818.17,18,0,1,33.89,1,1,0
2026-09-21T18:36:00.929642+00:00,1539.68,18,0,1,0.73,0,0,0
2026-09-21T18:37:59.846203+00:00,19645.94,18,0,1,2.09,0,1,1
2026-09-21T18:38:53.307511+00:00,1063.83,18,0,2,6.35,0,0,0
2026-09-21T18:46:06.213039+00:00,6900.1,18,0,1,4.65,0,0,0
2026-09-21T18:46:47.150451+00:00,240.88,18,1,0,4.9,0,0,0
2026-09-21T18:51:30.854756+00:00,9114.35,18,0,0,1.39,0,0,0
2026-09-21T18:53:57.018487+00:00,2692.58,18,0,0,1.27,0,1,0
2026-09-21T18:55:31.982147+00:00,3500.71,18,0,0,3.36,0,0,0
2026-09-21T18:59:59.886625+00:00,1526.8,18,1,0,1.24,1,0,0
2026-09-21T19:01:10.504048+00:00,4934.35,19,0,0,7.96,3,0,0
2026-09-21T19:02:26.635281+00:00,643.04,19,0,0,12.66,0,1,0
2026-09-21T19:04:08.394490+00:00,220.48,19,1,1,2.73,0,1,0
2026-09-21T19:11:21.906290+00:00,1670.82,19,1,1,3.54,0,1,0
2026-09-21T19:12:13.034481+00:00,6210.61,19,2,2,3.35,0,1,0
2026-09-21T19:13:11.515371+00:00,4559.84,19,0,1,3.44,0,0,0
2026-09-21T19:14:12.658788+00:00,2389.8,19,0,1,3.43,1,1,0
2026-09-21T19:21:07.277675+00:00,2776.65,19,0,1,0.8,0,1,0
2026-09-21T19:22:30.491231+00:00,505.24,19,0,1,13.25,0,1,0
2026-09-21T19:26:11.887030+00:00,25462.44,19,3,1,6.09,0,0,1
2026-09-21T19:28:56.379784+00:00,5008.08,19,0,1,4.21,0,1,0
2026-09-21T19:32:59.447131+00:00,3479.14,19,0,1,5.01,0,1,0
2026-09-21T19:39:56.032478+00:00,2068.7,19,0,5,8.76,0,0,0
2026-09-21T19:44:39.320500+00:00,10738.64,19,0,0,4.45,0,1,0
2026-09-21T19:46:18.502153+00:00,6819.13,19,0,1,3.88,0,0,0
2026-09-21T19:55:05.688650+00:00,3368.91,19,0,1,11.87,0,1,0
2026-09-21T19:57:18.532630+00:00,1547.67,19,0,0,2.04,0,0,0
2026-09-21T19:59:36.153952+00:00,3139.66,19,0,0,1.2,0,0,0
2026-09-21T20:03:48.806589+00:00,2801.45,20,0,3,7.27,0,1,0
2026-09-21T20:10:12.727230+00:00,1664.08,20,0,3,3.73,0,0,0
2026-09-21T20:11:03.869224+00:00,15805.98,20,1,1,7.85,0,1,1
2026-09-21T20:15:39.914080+00:00,1732.25,20,0,3,5.58,0,1,0
2026-09-21T20:18:40.809582+00:00,16009.38,20,0,0,1.54,1,1,0
2026-09-21T20:20:04.858387+00:00,1848.33,20,0,1,3.02,0,1,0
2026-09-21T20:21:16.907263+00:00,1039.03,20,1,1,3.68,0,0,0
2026-09-21T20:28:41.958258+00:00,21780.33,20,0,2,2.96,0,0,1
2026-09-21T20:29:32.797699+00:00,2486.08,20,3,3,5.1,1,1,0
2026-09-21T20:35:40.322450+00:00,284.24,20,0,1,11.76,2,1,1
2026-09-21T20:58:25.325174+00:00,1529.97,20,0,1,7.24,1,1,0
2026-09-21T21:04:19.411364+00:00,6978.63,21,0,0,21.76,0,1,0
2026-09-21T21:04:33.179507+00:00,4563.88,21,0,0,0.75,0,1,0
2026-09-21T21:11:15.664728+00:00,16855.45,21,0,0,7.05,1,0,0
2026-09-21T21:11:25.741352+00:00,8967.45,21,0,1,7.9,0,0,0
2026-09-21T21:28:58.577462+00:00,315.03,21,0,3,3.98,0,0,0
2026-09-21T21:32:15.483185+00:00,10460.74,21,0,0,1.38,0,1,0
2026-09-21T21:42:23.832140+00:00,14310.56,21,0,0,3.19,1,0,0
2026-09-21T21:43:12.194601+00:00,20931.67,21,1,2,0.29,0,1,1
2026-09-21T21:50:20.225980+00:00,20211.96,21,0,0,4.78,0,0,0
2026-09-21T21:53:48.417778+00:00,1482.98,21,0,0,14.69,4,0,1
2026-09-21T21:54:43.700927+00:00,2538.56,21,0,1,2.73,0,0,0
2026-09-21T22:00:00.100929+00:00,25373.48,22,0,0,4.62,0,0,0
2026-09-21T22:02:16.672385+00:00,5973.25,22,0,0,9.57,0,0,0
2026-09-21T22:03:10.300084+00:00,1701.21,22,0,2,2.35,1,0,0
2026-09-21T22:05:08.363275+00:00,22850.58,22,0,1,4.08,0,0,0
2026-09-21T22:05:57.839546+00:00,573.21,22,0,3,5.91,0,0,0
2026-09-21T22:08:12.790933+00:00,215.89,22,0,1,2.48,0,0,0
2026-09-21T22:11:23.835312+00:00,3340.1,22,1,2,3.43,0,0,0
2026-09-21T22:16:20.784286+00:00,273.14,22,0,1,0.41,1,0,0
2026-09-21T22:16:21.727791+00:00,4295.59,22,2,2,4.63,0,0,0
2026-09-21T22:20:39.699705+00:00,2538.57,22,4,0,7.69,0,0,0
2026-09-21T22:23:19.556537+00:00,768.4,22,1,1,2.98,2,0,0
2026-09-21T22:25:22.996787+00:00,18677.31,22,0,0,1.75,0,0,0
2026-09-21T22:27:10.742858+00:00,706.76,22,0,1,0.14,0,1,0
2026-09-21T22:33:41.215002+00:00,1908.21,22,0,2,8.45,0,1,0
2026-09-21T22:33:51.998245+00:00,5203.17,22,3,0,4.84,0,1,1
2026-09-21T22:34:27.059435+00:00,2043.19,22,0,1,1.85,0,0,0
2026-09-21T22:35:54.384017+00:00,575.17,22,0,1,6.01,0,0,0
2026-09-21T22:38:01.452254+00:00,4177.55,22,2,1,8.34,0,0,0
2026-09-21T22:38:19.622946+00:00,721.57,22,1,4,5.28,0,0,0
2026-09-21T22:45:04.601106+00:00,4352.84,22,0,0,1.98,0,1,0
2026-09-21T22:46:43.715733+00:00,2148.58,22,0,1,3.35,0,1,0
2026-09-21T22:48:40.355512+00:00,1994.92,22,0,2,1.08,0,0,0
2026-09-21T22:52:39.823156+00:00,21199.44,22,0,4,1.89,0,0,1
2026-09-21T22:53:46.538131+00:00,4005.83,22,2,0,3.98,0,0,0
2026-09-21T22:55:49.437036+00:00,167.09,22,1,2,2.03,0,0,0
2026-09-21T22:56:02.387656+00:00,1183.92,22,0,2,5.31,0,0,0
2026-09-21T23:05:12.854547+00:00,6611.45,23,0,2,12.89,1,0,0
2026-09-21T23:09:16.748856+00:00,119.19,23,0,4,5.87,0,0,0
2026-09-21T23:13:42.924525+00:00,17052.72,23,0,1,0.86,0,0,0
2026-09-21T23:16:08.296300+00:00,4224.2,23,0,0,2.93,2,0,0
2026-09-21T23:16:31.154080+00:00,3171.94,23,0,2,3.52,0,0,0
2026-09-21T23:18:08.088866+00:00,4633.88,23,2,2,15.22,0,1,1
2026-09-21T23:28:53.538401+00:00,21320.71,23,2,1,3.48,0,1,1
2026-09-21T23:29:41.345488+00:00,3828.82,23,0,1,6.04,0,1,0
2026-09-21T23:31:06.814834+00:00,5574.85,23,0,1,2.03,0,1,0
2026-09-21T23:37:10.123556+00:00,3380.27,23,0,1,2.17,0,0,0
2026-09-21T23:38:13.602817+00:00,1707.57,23,0,0,11.12,0,0,0
2026-09-21T23:39:34.463721+00:00,2103.16,23,0,1,3.03,0,1,0
2026-09-21T23:43:09.273662+00:00,4096.28,23,0,3,2.16,1,0,0
2026-09-21T23:46:54.015897+00:00,6747.82,23,0,0,5.83,0,1,0
2026-09-21T23:53:44.494855+00:00,1076.82,23,0,0,5.44,0,1,0
2026-09-21T23:55:52.782413+00:00,1399.73,23,1,2,10.61,0,1,0
2026-09-22T00:03:30.913388+00:00,8603.61,0,3,2,6.99,0,0,0
2026-09-22T00:12:02.320633+00:00,2824.68,0,0,1,2.34,0,0,0
2026-09-22T00:13:24.219173+00:00,690.99,0,0,1,4.0,0,1,0
2026-09-22T00:13:30.712187+00:00,3547.16,0,0,1,1.0,0,0,0
2026-09-22T00:20:10.756519+00:00,15050.23,0,0,0,3.49,0,1,1
2026-09-22T00:23:20.363761+00:00,5609.35,0,0,1,6.09,0,0,0
2026-09-22T00:27:15.150644+00:00,4442.09,0,0,1,2.5,0,1,0
2026-09-22T00:28:20.119727+00:00,806.41,0,0,1,3.05,0,0,0
2026-09-22T00:28:33.903632+00:00,6743.53,0,0,2,7.6,0,1,0
2026-09-22T00:34:38.693477+00:00,20296.17,0,0,2,15.22,0,0,0
2026-09-22T00:40:45.580628+00:00,23882.07,0,0,2,4.53,0,0,0
2026-09-22T00:42:08.844230+00:00,1340.71,0,0,2,5.59,0,0,0
2026-09-22T00:42:55.140265+00:00,264.99,0,0,1,5.86,0,1,0
2026-09-22T00:49:10.315553+00:00,2127.9,0,0,0,5.79,0,1,0
2026-09-22T00:51:53.842747+00:00,1066.36,0,0,2,1.07,0,0,0
2026-09-22T00:56:19.425729+00:00,4079.43,0,0,1,3.94,0,0,0
2026-09-22T00:57:12.713246+00:00,10136.92,0,2,0,3.13,0,0,0
2026-09-22T00:58:45.257948+00:00,3817.86,0,1,1,3.01,0,0,0
2026-09-22T01:07:22.992897+00:00,7035.31,1,0,4,6.3,0,0,1
2026-09-22T01:11:43.353078+00:00,1990.72,1,0,3,11.82,0,0,1
2026-09-22T01:13:36.243462+00:00,4785.87,1,0,1,11.59,0,1,1
2026-09-22T01:14:27.415791+00:00,5985.72,1,0,1,3.87,0,0,0
2026-09-22T01:15:18.040095+00:00,4030.87,1,1,2,4.62,0,0,0
2026-09-22T01:16:52.317922+00:00,2328.24,1,0,1,2.31,0,0,0
2026-09-22T01:18:03.975793+00:00,19304.07,1,0,1,0.37,0,0,1
2026-09-22T01:19:56.665370+00:00,3918.13,1,1,1,12.42,2,0,1
2026-09-22T01:24:02.659529+00:00,993.77,1,0,0,1.21,0,1,0
2026-09-22T01:26:23.327046+00:00,5367.26,1,0,0,3.75,0,0,0
2026-09-22T01:34:09.888568+00:00,9667.18,1,0,1,2.01,0,0,0
2026-09-22T01:36:14.318016+00:00,2063.0,1,0,1,2.89,0,0,0
2026-09-22T01:37:15.050787+00:00,3924.12,1,0,1,3.4,0,0,0
2026-09-22T01:45:44.700316+00:00,18680.42,1,0,0,13.03,0,0,1
2026-09-22T01:48:20.647663+00:00,20068.29,1,0,1,1.44,0,0,1
2026-09-22T01:53:58.043392+00:00,2594.78,1,0,1,2.48,0,1,1
2026-09-22T01:54:32.944244+00:00,20571.04,1,0,1,5.65,0,1,1
2026-09-22T01:54:52.340934+00:00,1966.84,1,3,0,3.8,0,0,1
2026-09-22T01:58:03.479897+00:00,261.76,1,1,0,4.57,0,1,0
2026-09-22T02:10:38.649387+00:00,6016.71,2,0,2,2.05,0,0,0
2026-09-22T02:11:46.640768+00:00,3646.56,2,1,1,1.37,2,0,1
2026-09-22T02:15:22.997902+00:00,6115.01,2,2,0,4.81,0,0,1
2026-09-22T02:20:00.365493+00:00,537.23,2,1,0,3.77,0,1,1
2026-09-22T02:22:25.373449+00:00,159.95,2,1,1,3.13,2,1,1
2026-09-22T02:24:52.268517+00:00,8776.13,2,1,1,1.09,0,1,0
2026-09-22T02:28:18.104597+00:00,571.52,2,0,0,23.13,0,1,1
2026-09-22T02:29:29.928931+00:00,5368.49,2,0,3,2.19,0,0,0
2026-09-22T02:36:07.468109+00:00,5604.94,2,0,1,2.12,0,0,0
2026-09-22T02:36:08.166301+00:00,4006.94,2,0,3,3.54,0,1,1
2026-09-22T02:37:02.019515+00:00,20430.67,2,4,1,0.17,1,0,1
2026-09-22T02:38:42.016083+00:00,3582.59,2,0,0,3.21,0,1,1
2026-09-22T02:38:58.649671+00:00,7096.82,2,2,1,9.8,0,0,1
2026-09-22T02:41:34.081051+00:00,15209.01,2,1,2,7.79,0,0,1
2026-09-22T02:44:54.561963+00:00,1767.56,2,0,0,1.97,0,1,0
2026-09-22T02:46:24.619565+00:00,1931.79,2,0,1,3.02,0,0,0
2026-09-22T02:49:37.532248+00:00,334.73,2,0,1,3.44,0,0,0
2026-09-22T03:07:17.206169+00:00,23227.92,3,0,5,5.28,0,0,1
2026-09-22T03:08:53.446370+00:00,6568.66,3,1,2,2.66,0,0,0
2026-09-22T03:09:12.915101+00:00,28000.0,3,3,3,6.17,1,1,1
2026-09-22T03:12:20.264044+00:00,2875.74,3,0,1,7.74,0,1,1
2026-09-22T03:15:17.112791+00:00,23711.28,3,0,0,1.32,1,1,1
2026-09-22T03:22:51.569782+00:00,16286.66,3,0,2,4.66,0,0,1
2026-09-22T03:40:26.276525+00:00,3583.85,3,0,2,9.99,0,0,0
2026-09-22T03:55:09.059797+00:00,3416.99,3,1,0,8.96,0,0,0
2026-09-22T03:59:26.360447+00:00,7467.19,3,0,2,6.98,0,0,1
2026-09-22T04:01:47.606007+00:00,19650.06,4,0,2,7.8,0,1,1
2026-09-22T04:05:28.401499+00:00,8982.15,4,0,2,4.1,0,1,1
2026-09-22T04:08:57.315883+00:00,6560.12,4,0,0,7.36,0,0,0
2026-09-22T04:10:06.317895+00:00,6556.72,4,0,1,5.21,0,0,0
2026-09-22T04:12:24.222740+00:00,270.7,4,0,0,1.5,0,0,0
2026-09-22T04:12:27.037215+00:00,6045.78,4,0,1,1.77,0,0,0
2026-09-22T04:14:15.122305+00:00,3052.52,4,0,0,0.83,0,0,0
2026-09-22T04:21:56.943405+00:00,1592.01,4,0,1,11.3,1,0,0
2026-09-22T04:22:59.809057+00:00,246.16,4,0,0,2.68,0,1,0
2026-09-22T04:23:41.180434+00:00,3683.01,4,2,2,18.46,0,0,1
2026-09-22T04:23:53.455463+00:00,1332.95,4,0,1,3.5,2,0,1
2026-09-22T04:28:40.229350+00:00,2078.21,4,0,1,3.66,0,1,0
2026-09-22T04:34:47.515090+00:00,3723.52,4,0,1,2.39,0,1,0
2026-09-22T04:38:47.783042+00:00,7829.15,4,1,2,0.74,0,0,0
2026-09-22T04:42:10.155867+00:00,5645.5,4,0,0,14.1,0,1,0
2026-09-22T04:45:17.617163+00:00,19228.48,4,0,0,2.29,0,1,1
2026-09-22T04:52:01.823494+00:00,1630.14,4,0,3,1.29,0,0,1
2026-09-22T04:55:17.128123+00:00,937.27,4,1,4,7.55,0,1,1
2026-09-22T04:57:15.025143+00:00,1550.86,4,0,2,5.78,0,0,0
2026-09-22T04:59:11.652449+00:00,436.67,4,2,2,4.58,0,0,1
2026-09-22T05:02:25.588453+00:00,11401.13,5,0,0,2.32,0,0,0
2026-09-22T05:02:29.905852+00:00,2789.99,5,0,1,3.06,0,0,0
2026-09-22T05:10:19.590913+00:00,497.58,5,0,1,8.11,0,1,0
2026-09-22T05:17:41.177040+00:00,1452.35,5,0,0,3.81,1,0,0
2026-09-22T05:20:32.378008+00:00,2594.24,5,0,2,0.92,0,1,0
2026-09-22T05:20:57.842726+00:00,2495.78,5,0,0,1.14,0,1,0
2026-09-22T05:29:00.565887+00:00,175.68,5,0,1,6.49,0,0,0
2026-09-22T05:31:44.819403+00:00,28000.0,5,0,0,3.77,0,0,0
2026-09-22T05:39:23.109992+00:00,1090.73,5,0,5,0.1,0,1,0
2026-09-22T05:40:43.393324+00:00,112.21,5,0,4,6.97,0,0,0
2026-09-22T05:41:46.880959+00:00,314.48,5,0,1,7.83,1,0,0
2026-09-22T05:46:12.145035+00:00,2837.49,5,0,1,1.43,0,0,0
2026-09-22T05:46:58.749247+00:00,20803.56,5,0,3,1.1,0,1,1
2026-09-22T05:47:46.622817+00:00,15193.59,5,0,1,9.48,0,0,0
2026-09-22T05:50:35.533521+00:00,1587.79,5,0,0,14.95,0,1,0
2026-09-22T05:50:50.697953+00:00,3179.61,5,0,0,1.99,0,1,0
2026-09-22T05:50:57.727121+00:00,19196.81,5,0,2,2.49,0,1,1
2026-09-22T05:52:39.380833+00:00,1262.87,5,0,0,13.94,3,0,0
2026-09-22T05:54:26.603744+00:00,1790.8,5,0,0,1.88,0,0,0
2026-09-22T05:57:10.033891+00:00,615.87,5,0,0,4.13,0,0,0
2026-09-22T06:01:08.700634+00:00,15559.46,6,0,0,3.77,0,0,0
2026-09-22T06:09:28.444886+00:00,345.01,6,1,0,1.21,0,0,0
2026-09-22T06:09:39.532528+00:00,212.43,6,1,2,2.84,0,0,0
2026-09-22T06:10:08.953045+00:00,16462.42,6,3,2,1.02,0,0,1
2026-09-22T06:12:14.721478+00:00,971.62,6,0,1,8.34,0,0,0
2026-09-22T06:12:17.526532+00:00,380.75,6,0,1,4.16,0,1,0
2026-09-22T06:12:24.534864+00:00,1824.79,6,2,1,9.6,0,0,0
2026-09-22T06:15:34.160844+00:00,7953.64,6,0,1,1.52,1,1,0
2026-09-22T06:15:59.537642+00:00,21177.55,6,0,2,7.29,0,0,0
2026-09-22T06:16:02.667938+00:00,5470.35,6,0,2,1.32,0,0,0
2026-09-22T06:16:23.223865+00:00,6636.17,6,0,3,2.09,2,0,0
2026-09-22T06:21:25.931155+00:00,11574.32,6,0,1,0.78,1,1,0
2026-09-22T06:24:32.918680+00:00,4670.36,6,1,2,2.34,0,0,0
2026-09-22T06:31:08.985478+00:00,17890.16,6,3,0,3.59,0,1,1
2026-09-22T06:31:26.667934+00:00,1515.36,6,0,0,5.21,0,1,0
2026-09-22T06:36:24.397751+00:00,701.46,6,1,1,8.31,0,1,0
2026-09-22T06:37:36.127081+00:00,3773.49,6,0,1,3.47,0,0,0
2026-09-22T06:39:56.118758+00:00,16982.77,6,0,2,2.39,1,1,0
2026-09-22T06:44:55.113907+00:00,2075.7,6,0,1,3.17,0,0,0
2026-09-22T06:52:44.999332+00:00,4175.82,6,0,3,3.29,0,1,0
2026-09-22T06:55:27.678877+00:00,21632.91,6,0,1,4.22,0,1,1
2026-09-22T07:01:06.243000+00:00,22318.23,7,0,1,2.3,0,0,0
2026-09-22T07:06:10.138166+00:00,1750.08,7,0,0,5.2,0,1,0
2026-09-22T07:07:54.687566+00:00,2307.81,7,0,2,3.04,0,1,0
2026-09-22T07:09:25.153431+00:00,1522.78,7,1,0,3.13,0,0,0
2026-09-22T07:11:26.931774+00:00,4480.48,7,0,3,7.05,0,0,0
2026-09-22T07:17:15.203062+00:00,6695.63,7,0,3,0.64,0,0,0
2026-09-22T07:21:40.072810+00:00,6922.72,7,0,2,1.78,0,0,0
2026-09-22T07:22:18.559306+00:00,886.82,7,2,0,7.15,0,1,0
2026-09-22T07:24:05.543429+00:00,7299.97,7,0,2,7.52,1,1,0
2026-09-22T07:29:05.834264+00:00,1397.18,7,0,1,7.86,0,1,0
2026-09-22T07:30:01.180824+00:00,1244.19,7,0,0,8.59,0,1,0
2026-09-22T07:34:08.048242+00:00,4211.65,7,0,2,11.99,0,0,0
2026-09-22T07:35:25.170925+00:00,1222.9,7,0,1,6.93,0,1,0
2026-09-22T07:37:54.873112+00:00,234.15,7,1,1,13.03,0,1,0
2026-09-22T07:40:00.488040+00:00,1556.94,7,0,2,9.71,0,1,0
2026-09-22T07:40:04.876891+00:00,4150.28,7,2,3,0.41,0,0,0
2026-09-22T07:41:51.309735+00:00,14361.7,7,0,1,1.29,0,0,0
2026-09-22T07:43:49.502009+00:00,3237.8,7,0,1,3.67,0,1,0
2026-09-22T07:47:15.983031+00:00,18376.64,7,0,0,8.03,0,1,1
2026-09-22T07:52:35.018248+00:00,4294.45,7,0,1,7.64,1,1,0
2026-09-22T07:54:54.059555+00:00,7337.74,7,0,0,7.19,0,0,0
2026-09-22T07:55:25.244771+00:00,1873.21,7,0,0,2.6,0,0,0
2026-09-22T08:00:19.078294+00:00,642.53,8,3,1,6.43,0,0,0
2026-09-22T08:03:01.312505+00:00,1289.07,8,0,1,6.08,1,0,0
2026-09-22T08:04:59.389961+00:00,1870.97,8,0,3,4.47,0,0,0
2026-09-22T08:07:52.857583+00:00,4064.43,8,0,2,3.75,0,0,0
2026-09-22T08:09:45.532755+00:00,102.27,8,0,0,2.73,0,0,0
2026-09-22T08:11:18.808293+00:00,1274.35,8,0,0,2.14,0,0,0
2026-09-22T08:12:55.026603+00:00,4902.92,8,0,0,4.67,0,1,0
2026-09-22T08:13:10.200620+00:00,20132.48,8,0,2,11.42,0,1,1
2026-09-22T08:14:18.249473+00:00,4270.56,8,1,1,0.74,0,0,0
2026-09-22T08:15:24.141799+00:00,5404.98,8,0,1,7.44,0,1,0
2026-09-22T08:18:03.195355+00:00,4952.62,8,0,0,13.36,0,0,0
2026-09-22T08:22:09.850809+00:00,3728.1,8,0,0,11.96,0,1,0
2026-09-22T08:22:15.061106+00:00,1913.49,8,0,1,2.41,0,0,0
2026-09-22T08:26:06.198172+00:00,13213.19,8,0,3,3.15,1,0,0
2026-09-22T08:27:36.978836+00:00,2753.81,8,0,1,2.77,0,0,0
2026-09-22T08:32:10.730453+00:00,785.16,8,0,2,16.52,0,0,0
2026-09-22T08:37:46.465712+00:00,1168.67,8,0,3,3.97,0,0,0
2026-09-22T08:39:52.952387+00:00,3844.77,8,3,2,3.06,0,1,1
2026-09-22T08:45:58.945632+00:00,8337.76,8,0,0,2.56,0,0,0
2026-09-22T08:49:23.298165+00:00,690.05,8,0,1,8.28,0,0,0
2026-09-22T08:55:53.127821+00:00,334.99,8,0,2,6.49,2,1,0
2026-09-22T08:56:18.213496+00:00,6885.93,8,0,0,11.6,0,0,0
2026-09-22T09:01:53.956971+00:00,7958.82,9,0,0,5.24,0,0,0
2026-09-22T09:09:27.976744+00:00,1095.16,9,0,1,27.9,1,1,0
2026-09-22T09:16:20.843870+00:00,1575.74,9,1,1,10.89,0,0,0
2026-09-22T09:17:07.097781+00:00,3513.96,9,0,1,4.69,0,0,0
2026-09-22T09:19:31.718532+00:00,1341.19,9,0,1,2.85,0,0,0
2026-09-22T09:25:41.454174+00:00,24274.59,9,0,2,4.31,0,0,0
2026-09-22T09:32:03.669209+00:00,424.21,9,0,0,7.15,1,1,0
2026-09-22T09:33:11.965201+00:00,183.91,9,0,1,6.25,0,0,0
2026-09-22T09:34:06.078405+00:00,21135.41,9,2,0,2.13,0,1,1
2026-09-22T09:37:57.143729+00:00,1138.38,9,0,0,11.63,0,0,0
2026-09-22T09:38:05.454905+00:00,443.45,9,2,1,1.49,0,0,0
2026-09-22T09:55:59.264189+00:00,20412.5,9,0,0,1.24,0,1,1
2026-09-22T09:58:05.890231+00:00,4568.74,9,0,0,5.69,0,0,0
2026-09-22T10:00:03.644087+00:00,634.26,10,0,1,10.61,0,0,0
2026-09-22T10:03:13.012142+00:00,7908.01,10,0,1,3.34,0,0,0
2026-09-22T10:05:48.159386+00:00,1528.37,10,0,1,7.18,0,1,0
2026-09-22T10:07:10.584123+00:00,3613.6,10,4,0,2.89,2,1,1
2026-09-22T10:13:01.263713+00:00,877.32,10,1,3,13.98,0,0,0
2026-09-22T10:20:22.596277+00:00,939.56,10,0,4,10.46,0,0,0
2026-09-22T10:20:59.672716+00:00,2795.94,10,0,0,9.19,0,1,0
2026-09-22T10:21:08.782245+00:00,2691.82,10,0,2,3.94,0,1,0
2026-09-22T10:23:57.185398+00:00,4745.33,10,1,2,9.93,1,0,0
2026-09-22T10:25:52.283315+00:00,4597.75,10,0,2,3.45,1,0,0
2026-09-22T10:30:37.247030+00:00,3614.4,10,0,0,0.57,0,1,0
2026-09-22T10:34:51.781582+00:00,1968.02,10,0,3,5.86,0,0,0
2026-09-22T10:36:19.041927+00:00,7141.96,10,0,0,2.09,0,1,0
2026-09-22T10:38:12.416466+00:00,3178.06,10,0,3,7.34,0,0,0
2026-09-22T10:43:57.508788+00:00,14860.7,10,0,2,10.22,0,0,0
2026-09-22T10:47:42.352021+00:00,5536.17,10,0,3,2.07,0,1,0
2026-09-22T10:56:57.813420+00:00,205.03,10,0,1,3.69,0,1,0
2026-09-22T10:57:05.339771+00:00,19394.28,10,0,0,1.16,0,0,0
2026-09-22T10:57:29.794554+00:00,2774.69,10,0,3,9.24,0,1,0
2026-09-22T10:58:25.670031+00:00,4150.33,10,0,0,4.5,1,0,0
2026-09-22T11:02:36.945379+00:00,2617.62,11,0,0,1.35,0,1,0
2026-09-22T11:04:10.098373+00:00,4995.64,11,0,1,5.66,0,0,0
2026-09-22T11:08:16.678205+00:00,1123.04,11,0,0,11.66,0,0,0
2026-09-22T11:18:07.232135+00:00,710.35,11,0,0,6.39,0,0,0
2026-09-22T11:18:15.053755+00:00,237.36,11,0,1,9.6,0,1,0
2026-09-22T11:25:53.286360+00:00,2785.46,11,0,1,3.5,0,1,0
2026-09-22T11:27:36.364123+00:00,3793.36,11,1,2,4.91,0,1,0
2026-09-22T11:28:48.013074+00:00,16382.3,11,0,0,1.16,0,0,0
2026-09-22T11:33:33.852048+00:00,22368.99,11,0,0,3.84,0,0,0
2026-09-22T11:34:00.675959+00:00,14852.63,11,1,0,8.59,0,0,0
2026-09-22T11:41:12.360905+00:00,394.64,11,0,2,6.62,0,0,0
2026-09-22T11:52:19.699732+00:00,3931.49,11,0,2,4.44,0,0,0
2026-09-22T11:56:10.537880+00:00,1528.72,11,0,0,6.96,0,0,0
2026-09-22T11:57:01.903589+00:00,3620.68,11,2,2,7.54,0,1,0
2026-09-22T11:57:42.081527+00:00,5762.82,11,0,2,1.28,0,0,0
2026-09-22T12:04:01.350648+00:00,26908.6,12,0,1,6.68,0,1,1
2026-09-22T12:04:53.926894+00:00,664.62,12,0,2,5.43,1,0,0
2026-09-22T12:06:54.850472+00:00,2191.48,12,0,1,1.31,1,0,0
2026-09-22T12:10:58.517758+00:00,4296.75,12,0,1,2.76,0,1,0
2026-09-22T12:12:19.216414+00:00,4818.83,12,0,0,0.85,1,1,0
2026-09-22T12:14:49.813602+00:00,4973.96,12,0,0,4.87,0,0,0
2026-09-22T12:15:17.168081+00:00,13935.48,12,0,2,3.13,0,1,0
2026-09-22T12:21:23.282588+00:00,744.34,12,0,3,1.1,0,1,0
2026-09-22T12:22:41.055545+00:00,2913.21,12,0,1,4.02,0,1,0
2026-09-22T12:25:50.296052+00:00,4384.03,12,0,1,4.26,0,0,0
2026-09-22T12:31:05.650955+00:00,1290.07,12,0,1,4.36,0,1,0
2026-09-22T12:32:40.283352+00:00,413.93,12,0,0,2.58,0,0,0
2026-09-22T12:36:19.977194+00:00,21654.68,12,0,1,6.25,0,0,0
2026-09-22T12:39:08.943427+00:00,1199.98,12,0,1,3.11,0,0,0
2026-09-22T12:39:20.559736+00:00,642.26,12,0,2,4.44,0,0,0
2026-09-22T12:42:39.878405+00:00,14278.68,12,0,0,6.68,0,0,0
2026-09-22T12:44:54.571370+00:00,17531.05,12,0,0,8.91,0,0,1
2026-09-22T12:46:34.734191+00:00,2934.08,12,0,1,3.46,0,0,0
2026-09-22T12:51:02.264023+00:00,1480.14,12,1,1,4.06,0,1,0
2026-09-22T12:52:17.543962+00:00,126.81,12,0,1,3.87,1,0,0
2026-09-22T12:53:50.157792+00:00,386.18,12,1,0,4.03,0,0,0
2026-09-22T12:57:02.218237+00:00,1158.24,12,0,0,2.49,2,0,0
2026-09-22T13:00:12.904300+00:00,3509.41,13,0,1,8.76,0,0,0
2026-09-22T13:00:51.030917+00:00,391.88,13,1,0,0.71,0,0,0
2026-09-22T13:01:54.065339+00:00,2691.92,13,0,0,3.08,0,0,0
2026-09-22T13:03:36.472776+00:00,468.65,13,2,2,1.35,0,1,0
2026-09-22T13:04:10.098303+00:00,820.86,13,0,1,6.37,0,1,0
2026-09-22T13:05:02.836100+00:00,664.7,13,0,1,18.23,0,0,0
2026-09-22T13:05:03.973179+00:00,18362.17,13,0,2,9.13,0,0,0
2026-09-22T13:07:43.092890+00:00,3620.64,13,0,1,0.75,0,0,0
2026-09-22T13:13:06.684679+00:00,2052.03,13,1,0,3.75,0,0,0
2026-09-22T13:13:27.058329+00:00,5750.15,13,0,0,7.43,1,1,0
2026-09-22T13:21:31.296686+00:00,393.21,13,0,2,6.59,0,1,0
2026-09-22T13:21:51.502634+00:00,560.29,13,1,1,4.59,0,1,0
2026-09-22T13:24:38.124546+00:00,1231.02,13,3,2,6.77,0,1,0
2026-09-22T13:28:01.529970+00:00,4705.96,13,0,1,4.73,0,0,0
2026-09-22T13:37:17.569174+00:00,1227.79,13,0,1,8.64,0,0,0
2026-09-22T13:40:53.663219+00:00,20256.65,13,0,3,11.91,1,0,0
2026-09-22T13:45:53.083767+00:00,1208.7,13,0,2,2.39,1,0,0
2026-09-22T13:46:43.077985+00:00,327.6,13,3,0,4.0,0,1,1
2026-09-22T13:49:06.113342+00:00,9032.85,13,1,0,8.11,0,1,0
2026-09-22T13:55:26.123848+00:00,2604.85,13,0,0,2.36,0,1,0
2026-09-22T13:56:21.516369+00:00,5021.22,13,0,1,2.28,0,0,0
2026-09-22T14:01:16.108526+00:00,3496.77,14,0,1,8.06,0,0,0
2026-09-22T14:03:03.236705+00:00,2370.62,14,0,2,0.4,1,0,0
2026-09-22T14:05:12.515669+00:00,360.66,14,0,1,1.7,0,0,0
2026-09-22T14:05:50.739717+00:00,3353.67,14,0,2,4.53,0,1,0
2026-09-22T14:11:51.016992+00:00,600.34,14,0,1,9.99,0,0,0
2026-09-22T14:18:16.727581+00:00,1772.29,14,0,1,1.79,0,0,0
2026-09-22T14:21:39.114126+00:00,22518.5,14,0,1,1.7,0,1,0
2026-09-22T14:26:23.685990+00:00,4937.8,14,0,0,2.34,0,1,0
2026-09-22T14:33:47.118842+00:00,3757.04,14,1,1,8.25,0,0,0
2026-09-22T14:37:01.934010+00:00,3622.63,14,0,0,9.33,0,1,0
2026-09-22T14:41:47.455591+00:00,576.46,14,0,3,3.93,0,0,0
2026-09-22T14:41:52.604681+00:00,1419.5,14,0,1,2.77,0,0,0
2026-09-22T14:42:02.595599+00:00,200.35,14,1,2,5.34,0,0,0
2026-09-22T14:44:03.021825+00:00,21874.14,14,1,2,7.82,0,1,1
2026-09-22T14:45:10.022592+00:00,24826.83,14,0,0,2.58,0,1,0
2026-09-22T14:52:08.290202+00:00,1041.36,14,0,0,1.19,0,0,0
2026-09-22T14:53:13.602774+00:00,353.7,14,0,0,1.16,0,1,0
2026-09-22T15:08:33.161267+00:00,2125.42,15,0,1,1.84,0,0,0
2026-09-22T15:10:40.258701+00:00,6276.97,15,0,0,6.13,0,0,0
2026-09-22T15:14:16.429213+00:00,2629.29,15,0,1,3.73,0,0,0
2026-09-22T15:22:09.404454+00:00,213.3,15,0,3,0.97,0,0,0
2026-09-22T15:25:47.069762+00:00,11772.59,15,0,0,0.57,1,1,0
2026-09-22T15:38:49.710359+00:00,5704.95,15,0,4,5.97,0,0,0
2026-09-22T15:40:21.664144+00:00,511.51,15,0,2,1.38,0,1,0
2026-09-22T15:41:05.855421+00:00,8215.06,15,0,1,5.21,0,1,0
2026-09-22T15:51:43.907553+00:00,1977.09,15,0,0,8.84,0,1,0
2026-09-22T15:52:51.605556+00:00,1548.17,15,1,0,2.58,0,0,0
2026-09-22T15:56:49.114139+00:00,2038.04,15,0,0,11.0,0,0,0
2026-09-22T15:58:17.567130+00:00,5817.5,15,0,1,1.55,0,0,0
2026-09-22T15:59:55.181109+00:00,3507.3,15,0,0,6.29,0,1,0
2026-09-22T16:04:16.254592+00:00,255.44,16,0,2,13.8,0,1,0
2026-09-22T16:16:25.029405+00:00,10174.27,16,0,0,1.66,0,1,0
2026-09-22T16:16:32.694614+00:00,571.73,16,0,0,7.32,0,0,0
2026-09-22T16:17:01.216716+00:00,4439.91,16,1,2,1.4,1,1,0
2026-09-22T16:17:49.091664+00:00,3295.13,16,1,0,7.51,0,1,0
2026-09-22T16:22:56.746921+00:00,724.56,16,1,2,4.77,0,1,0
2026-09-22T16:23:04.816627+00:00,659.08,16,0,1,9.29,0,0,0
2026-09-22T16:28:39.495850+00:00,6596.78,16,0,0,4.99,0,0,0
2026-09-22T16:30:36.296373+00:00,1801.44,16,0,1,1.94,0,1,0
2026-09-22T16:31:14.288948+00:00,3461.55,16,0,1,2.22,0,0,0
2026-09-22T16:38:31.867832+00:00,2304.23,16,0,1,0.83,0,0,0
2026-09-22T16:38:55.473931+00:00,4218.65,16,1,2,5.16,0,1,0
2026-09-22T16:42:03.932277+00:00,2147.91,16,0,0,10.24,0,0,0
2026-09-22T16:52:49.040455+00:00,1144.18,16,0,3,7.45,0,0,0
2026-09-22T16:54:52.260745+00:00,1505.08,16,0,1,2.13,0,0,0
2026-09-22T16:54:58.390751+00:00,6330.55,16,0,0,5.33,0,1,0
2026-09-22T16:55:11.136995+00:00,22193.79,16,0,1,11.41,0,0,0
2026-09-22T16:57:52.227545+00:00,828.31,16,0,2,2.05,0,1,0
2026-09-22T16:57:55.514715+00:00,28000.0,16,0,0,9.81,0,1,1
2026-09-22T17:03:24.610441+00:00,5156.27,17,0,0,6.45,0,1,0
2026-09-22T17:03:57.226752+00:00,243.28,17,0,0,3.31,0,1,0
2026-09-22T17:08:30.961143+00:00,21987.31,17,0,1,6.01,0,0,0
2026-09-22T17:08:45.811551+00:00,3859.05,17,0,0,5.41,0,0,0
2026-09-22T17:10:18.633589+00:00,618.95,17,1,0,1.99,0,1,0
2026-09-22T17:11:47.184857+00:00,926.29,17,0,1,3.21,0,0,0
2026-09-22T17:12:08.945506+00:00,3833.13,17,3,0,9.2,0,1,1
2026-09-22T17:15:49.143674+00:00,4901.74,17,0,1,4.7,0,0,0
2026-09-22T17:18:47.249646+00:00,15214.56,17,2,1,4.8,0,0,1
2026-09-22T17:24:48.330059+00:00,1010.46,17,0,1,6.89,0,0,0
2026-09-22T17:26:49.772345+00:00,1234.08,17,0,2,1.93,0,0,0
2026-09-22T17:28:40.644183+00:00,2976.32,17,0,0,12.42,0,1,0
2026-09-22T17:30:43.596695+00:00,663.26,17,3,1,2.9,0,0,0
2026-09-22T17:32:57.018664+00:00,412.28,17,1,4,1.23,0,0,0
2026-09-22T17:34:10.044717+00:00,3694.85,17,0,3,4.41,0,0,0
2026-09-22T17:35:01.000798+00:00,4892.11,17,0,2,4.24,0,0,0
2026-09-22T17:39:07.022720+00:00,2284.02,17,0,1,12.31,0,1,0
2026-09-22T17:40:18.330658+00:00,1507.34,17,0,2,4.22,0,1,0
2026-09-22T17:41:15.339697+00:00,1870.27,17,0,2,4.08,0,0,0
2026-09-22T17:47:25.440086+00:00,1633.41,17,0,1,2.59,0,0,0
2026-09-22T17:49:49.326193+00:00,10359.2,17,0,3,3.36,0,0,0
2026-09-22T17:51:13.851953+00:00,24348.59,17,1,2,11.45,0,1,1
2026-09-22T17:54:23.500458+00:00,806.57,17,0,1,3.33,0,0,0
2026-09-22T17:57:06.606950+00:00,1611.41,17,0,1,5.61,0,1,0
2026-09-22T17:59:24.160175+00:00,2572.93,17,0,1,2.47,0,0,0
2026-09-22T18:04:08.816305+00:00,3097.74,18,0,0,10.4,0,0,0
2026-09-22T18:11:09.427281+00:00,2080.66,18,0,0,3.27,0,1,0
2026-09-22T18:23:51.663517+00:00,5376.47,18,0,1,4.08,1,1,0
2026-09-22T18:24:29.667521+00:00,4729.83,18,2,0,4.19,0,0,0
2026-09-22T18:27:50.650703+00:00,2311.25,18,0,0,6.42,0,0,0
2026-09-22T18:27:59.147506+00:00,6226.7,18,0,3,4.56,0,0,0
2026-09-22T18:28:15.713493+00:00,4510.12,18,0,3,3.07,0,0,0
2026-09-22T18:28:43.821805+00:00,4884.65,18,0,3,13.69,0,0,0
2026-09-22T18:30:52.780379+00:00,10084.69,18,0,1,4.24,0,1,0
2026-09-22T18:34:12.913367+00:00,1051.62,18,0,1,20.26,0,1,0
2026-09-22T18:34:54.191712+00:00,1056.78,18,0,1,1.88,0,1,0
2026-09-22T18:43:24.575823+00:00,7092.94,18,0,1,1.34,0,1,0
2026-09-22T18:44:24.978918+00:00,4794.09,18,1,1,3.22,0,0,0
2026-09-22T18:49:14.029503+00:00,8415.49,18,0,3,3.36,0,0,0
2026-09-22T18:56:09.351909+00:00,268.67,18,0,1,1.45,0,0,0
2026-09-22T19:02:18.429713+00:00,3222.27,19,0,1,1.29,0,1,0
2026-09-22T19:03:45.032003+00:00,559.9,19,0,1,4.22,0,0,0
2026-09-22T19:15:41.370536+00:00,23084.27,19,0,1,5.98,0,0,1
2026-09-22T19:16:54.708144+00:00,601.77,19,0,2,3.78,0,1,0
2026-09-22T19:20:24.592284+00:00,498.58,19,0,0,4.79,0,0,0
2026-09-22T19:23:22.578625+00:00,99.18,19,0,0,7.0,0,0,0
2026-09-22T19:23:31.223265+00:00,3243.67,19,0,5,1.93,0,0,0
2026-09-22T19:23:58.736190+00:00,19580.99,19,1,1,7.61,0,0,1
2026-09-22T19:30:01.290297+00:00,415.65,19,0,3,4.32,0,1,0
2026-09-22T19:40:00.981415+00:00,1307.5,19,0,2,3.29,1,1,0
2026-09-22T19:41:22.422125+00:00,15906.63,19,0,0,6.56,0,0,0
2026-09-22T19:42:19.877940+00:00,9154.61,19,1,1,2.0,0,1,0
2026-09-22T19:57:49.882686+00:00,1294.14,19,1,1,10.93,0,0,0
2026-09-22T20:03:26.852826+00:00,1360.47,20,1,0,1.01,0,1,0
2026-09-22T20:09:21.741998+00:00,5921.42,20,0,0,5.78,0,1,0
2026-09-22T20:12:13.898105+00:00,3398.98,20,0,1,6.78,0,0,0
2026-09-22T20:18:58.846382+00:00,4023.09,20,0,0,9.29,1,1,0
2026-09-22T20:33:20.933626+00:00,3293.94,20,1,0,6.46,1,0,0
2026-09-22T20:34:44.964713+00:00,9411.72,20,1,0,12.32,1,1,0
2026-09-22T20:37:21.276951+00:00,802.19,20,0,1,15.52,1,0,0
2026-09-22T20:42:53.310810+00:00,14502.99,20,0,1,11.39,0,1,0
2026-09-22T20:44:45.756681+00:00,5748.31,20,0,1,5.3,1,1,0
2026-09-22T20:47:24.594906+00:00,2905.11,20,0,3,6.37,1,1,0
2026-09-22T20:47:51.706054+00:00,3534.59,20,1,1,1.45,0,0,0
2026-09-22T20:59:34.213421+00:00,21261.46,20,0,0,3.86,1,0,0
2026-09-22T21:13:25.642692+00:00,15992.83,21,0,0,5.41,0,0,0
2026-09-22T21:15:20.992921+00:00,846.95,21,0,2,3.7,0,0,0
2026-09-22T21:24:43.588258+00:00,10480.29,21,0,1,3.9,0,0,0
2026-09-22T21:24:51.901751+00:00,2505.93,21,0,0,4.27,1,0,0
2026-09-22T21:30:34.930721+00:00,1581.23,21,2,1,0.82,0,1,0
2026-09-22T21:32:34.361087+00:00,4654.07,21,3,2,4.28,0,1,0
2026-09-22T21:35:48.874390+00:00,2438.97,21,0,1,3.07,0,1,0
2026-09-22T21:42:45.971553+00:00,102.4,21,0,0,4.6,0,0,0
2026-09-22T21:43:27.716770+00:00,4324.66,21,0,1,2.91,0,0,0
2026-09-22T21:45:30.125442+00:00,4276.26,21,0,0,2.54,0,0,0
2026-09-22T21:46:24.023415+00:00,637.61,21,2,1,6.05,1,0,0
2026-09-22T21:54:04.498983+00:00,10103.78,21,0,3,4.94,0,0,0
2026-09-22T21:59:03.242540+00:00,871.15,21,0,1,3.68,0,0,0
2026-09-22T22:01:20.768609+00:00,2018.49,22,1,0,8.81,0,0,0
2026-09-22T22:03:00.440411+00:00,449.98,22,0,2,1.54,0,0,0
2026-09-22T22:03:58.843089+00:00,3018.5,22,0,0,1.92,1,1,0
2026-09-22T22:05:39.455622+00:00,1566.32,22,0,2,0.43,0,0,0
2026-09-22T22:07:44.557465+00:00,1454.17,22,2,2,5.7,0,0,0
2026-09-22T22:10:40.294080+00:00,5673.86,22,1,2,5.08,0,0,0
2026-09-22T22:12:29.721500+00:00,90.74,22,1,1,3.0,1,0,0
2026-09-22T22:15:35.092243+00:00,5177.52,22,2,0,0.68,1,1,1
2026-09-22T22:17:14.389290+00:00,2771.5,22,0,0,1.28,0,1,0
2026-09-22T22:26:44.305153+00:00,28000.0,22,0,1,11.6,0,1,1
2026-09-22T22:37:48.879953+00:00,20267.17,22,0,1,1.49,1,1,1
2026-09-22T22:44:11.034972+00:00,242.31,22,1,0,1.67,0,0,0
2026-09-22T22:57:31.049770+00:00,20662.24,22,0,0,2.33,2,0,1
2026-09-22T23:05:49.443817+00:00,6930.05,23,1,1,0.47,0,0,0
2026-09-22T23:07:52.099681+00:00,5948.64,23,0,2,5.71,1,1,0
2026-09-22T23:13:20.360267+00:00,1418.34,23,1,3,10.99,0,1,0
2026-09-22T23:15:25.447027+00:00,3139.74,23,0,1,1.25,0,0,0
2026-09-22T23:23:39.115539+00:00,2212.14,23,0,1,7.98,0,1,0
2026-09-22T23:25:06.827083+00:00,10991.94,23,0,2,6.86,1,0,0
2026-09-22T23:26:23.225251+00:00,9643.84,23,0,1,2.26,0,0,0
2026-09-22T23:34:20.701296+00:00,13260.5,23,0,1,3.8,0,1,0
2026-09-22T23:36:45.194129+00:00,24445.73,23,0,2,6.83,0,0,0
2026-09-22T23:40:35.173166+00:00,22461.38,23,0,0,7.9,0,0,0
2026-09-22T23:43:02.506591+00:00,843.93,23,0,0,4.24,0,0,0
2026-09-22T23:48:21.733951+00:00,5749.27,23,0,1,5.99,0,0,0
2026-09-22T23:48:43.379345+00:00,4008.61,23,0,3,2.33,0,0,0
2026-09-22T23:50:17.944750+00:00,10591.47,23,1,0,0.37,0,0,0
2026-09-22T23:52:35.345071+00:00,2770.11,23,0,0,4.38,0,0,0
2026-09-22T23:53:36.627376+00:00,344.84,23,0,1,2.77,0,1,0
2026-09-22T23:56:40.918531+00:00,21772.27,23,1,4,2.16,0,0,0
2026-09-22T23:58:24.337326+00:00,3772.69,23,3,1,1.13,0,0,0
2026-09-23T00:14:12.006552+00:00,856.39,0,2,0,2.14,0,0,0
2026-09-23T00:14:41.919096+00:00,1663.4,0,1,1,5.12,0,0,0
2026-09-23T00:31:45.602750+00:00,2980.18,0,0,1,4.82,0,1,0
2026-09-23T00:33:43.891519+00:00,1559.44,0,0,0,9.2,0,0,0
2026-09-23T00:34:53.270164+00:00,1563.74,0,0,3,2.32,0,1,0
2026-09-23T00:37:04.725763+00:00,15924.04,0,0,2,7.16,0,1,1
2026-09-23T00:41:18.478086+00:00,24282.12,0,0,1,5.27,1,0,0
2026-09-23T00:47:00.404023+00:00,4502.48,0,0,3,2.68,0,1,0
2026-09-23T00:54:11.022400+00:00,63.98,0,0,3,2.02,0,0,0
2026-09-23T01:08:32.792107+00:00,20836.72,1,0,1,15.69,0,0,1
2026-09-23T01:12:46.482762+00:00,4368.11,1,0,0,6.21,1,1,0
2026-09-23T01:17:33.966699+00:00,91.29,1,0,0,3.08,0,1,0
2026-09-23T01:17:49.651723+00:00,1536.5,1,1,1,4.37,0,0,0
2026-09-23T01:18:13.357091+00:00,3046.57,1,0,2,4.6,0,0,0
2026-09-23T01:23:11.932970+00:00,15085.1,1,2,3,3.75,0,1,1
2026-09-23T01:24:40.428550+00:00,4876.05,1,0,0,3.64,0,0,0
2026-09-23T01:25:44.792814+00:00,1833.38,1,0,1,4.07,0,0,0
2026-09-23T01:27:32.973967+00:00,594.64,1,0,3,3.09,0,0,1
2026-09-23T01:30:21.353947+00:00,28000.0,1,0,0,5.75,0,0,1
2026-09-23T01:35:11.015862+00:00,946.8,1,0,2,3.26,0,0,0
2026-09-23T01:36:44.736626+00:00,4107.22,1,1,1,2.7,0,0,0
2026-09-23T01:43:36.940965+00:00,554.4,1,0,2,1.69,1,0,0
2026-09-23T01:45:58.482006+00:00,1336.82,1,1,4,3.61,0,0,1
2026-09-23T02:05:20.914014+00:00,1927.03,2,0,1,7.02,0,1,1
2026-09-23T02:10:01.969500+00:00,18001.79,2,0,2,6.58,0,1,1
2026-09-23T02:13:25.815068+00:00,1972.84,2,0,1,5.5,0,0,0
2026-09-23T02:20:50.975858+00:00,607.14,2,0,1,4.89,0,0,0
2026-09-23T02:23:26.769203+00:00,2679.92,2,0,1,3.06,0,1,0
2026-09-23T02:28:49.448190+00:00,3547.33,2,0,0,11.98,0,0,0
2026-09-23T02:30:24.767233+00:00,266.3,2,2,0,18.56,0,0,1
2026-09-23T02:30:48.511413+00:00,6616.7,2,0,0,0.6,1,0,0
2026-09-23T02:31:26.557649+00:00,715.17,2,1,1,4.26,0,1,0
2026-09-23T02:35:46.490203+00:00,877.15,2,0,1,10.29,1,0,0
2026-09-23T02:40:50.372388+00:00,3524.92,2,0,2,1.27,0,0,0
2026-09-23T02:53:46.971405+00:00,2084.08,2,0,0,11.05,0,1,1
2026-09-23T02:55:27.878940+00:00,2274.21,2,0,0,9.3,0,0,0
2026-09-23T02:56:25.630441+00:00,498.86,2,0,2,10.02,1,0,0
2026-09-23T02:58:06.088439+00:00,5303.32,2,0,1,0.73,1,0,0
2026-09-23T02:58:49.073582+00:00,3131.56,2,0,1,6.23,0,0,0
2026-09-23T03:03:04.400271+00:00,525.5,3,0,3,4.34,0,1,1
2026-09-23T03:04:07.411530+00:00,1558.89,3,0,0,7.21,0,1,0
2026-09-23T03:04:13.506432+00:00,5381.25,3,0,0,15.07,0,1,1
2026-09-23T03:04:25.137237+00:00,2748.49,3,1,0,4.05,0,1,0
2026-09-23T03:06:07.553705+00:00,19616.0,3,0,0,2.44,0,0,1
2026-09-23T03:11:55.895090+00:00,1552.65,3,0,1,2.8,0,0,0
2026-09-23T03:12:28.263718+00:00,949.56,3,0,1,6.07,1,0,0
2026-09-23T03:12:43.555305+00:00,2391.85,3,0,0,2.15,0,0,0
2026-09-23T03:13:36.274530+00:00,5992.2,3,0,3,8.52,0,1,1
2026-09-23T03:14:20.663482+00:00,1894.16,3,0,0,2.92,0,0,0
2026-09-23T03:14:53.081385+00:00,16940.42,3,0,1,2.44,1,0,1
2026-09-23T03:17:29.761081+00:00,7604.25,3,1,2,3.47,0,0,0
2026-09-23T03:19:39.945859+00:00,2807.07,3,0,0,7.19,0,0,0
2026-09-23T03:21:05.892774+00:00,2732.48,3,0,2,3.27,0,0,0
2026-09-23T03:24:47.161798+00:00,1031.81,3,0,1,5.7,0,1,0
2026-09-23T03:25:59.307275+00:00,3054.52,3,0,1,0.35,0,0,0
2026-09-23T03:40:41.935365+00:00,2804.99,3,0,1,4.12,0,0,0
2026-09-23T03:43:46.176526+00:00,1677.89,3,1,0,8.03,0,0,0
2026-09-23T03:43:50.568002+00:00,28000.0,3,0,1,2.84,0,1,1
2026-09-23T03:44:54.664549+00:00,6895.67,3,0,2,8.49,0,1,0
2026-09-23T03:51:11.474669+00:00,4490.85,3,0,0,1.33,0,1,0
2026-09-23T03:56:29.988676+00:00,2526.48,3,0,3,8.24,0,1,1
2026-09-23T03:57:07.746426+00:00,2044.03,3,0,1,0.87,0,0,0
2026-09-23T03:59:13.494384+00:00,714.21,3,0,0,3.9,0,0,0
2026-09-23T04:02:26.503027+00:00,1227.7,4,1,3,8.42,0,0,1
2026-09-23T04:03:16.053690+00:00,22355.91,4,0,1,2.46,1,0,1
2026-09-23T04:06:28.444395+00:00,18388.12,4,0,1,15.56,0,0,1
2026-09-23T04:07:59.933070+00:00,6905.94,4,0,2,3.25,0,1,0
2026-09-23T04:08:33.153740+00:00,572.21,4,1,0,3.43,0,0,0
2026-09-23T04:09:10.438577+00:00,2331.94,4,0,0,1.21,0,0,0
2026-09-23T04:13:51.624860+00:00,3391.81,4,0,0,2.22,0,0,0
2026-09-23T04:23:50.722279+00:00,2387.76,4,0,1,1.19,0,1,1
2026-09-23T04:24:19.041468+00:00,7100.87,4,0,0,6.1,0,0,0
2026-09-23T04:26:55.229781+00:00,14659.76,4,0,2,2.0,1,0,0
2026-09-23T04:27:16.958050+00:00,453.96,4,0,0,8.14,0,0,0
2026-09-23T04:30:06.933327+00:00,505.47,4,0,1,1.18,0,1,0
2026-09-23T04:33:55.552192+00:00,506.83,4,1,1,13.51,1,0,0
2026-09-23T04:35:14.655166+00:00,3717.98,4,0,1,5.82,0,0,0
2026-09-23T04:49:40.732632+00:00,1552.14,4,0,1,1.07,0,0,0
2026-09-23T04:49:52.848677+00:00,25054.75,4,0,1,3.88,0,0,1
2026-09-23T05:00:15.569225+00:00,1723.96,5,0,1,4.96,0,0,0
2026-09-23T05:00:19.484798+00:00,3220.98,5,0,1,8.77,0,1,0
2026-09-23T05:03:25.535551+00:00,4760.99,5,0,1,7.32,0,1,0
2026-09-23T05:22:19.213349+00:00,19553.31,5,0,0,7.84,2,1,1
2026-09-23T05:23:56.767440+00:00,2541.44,5,3,1,4.14,0,0,0
2026-09-23T05:31:28.159119+00:00,355.59,5,2,0,3.69,0,0,0
2026-09-23T05:32:21.442893+00:00,1752.67,5,0,3,4.76,0,0,0
2026-09-23T05:32:50.840792+00:00,2585.34,5,0,1,8.45,0,1,0
2026-09-23T05:37:17.258133+00:00,2043.56,5,0,1,12.74,0,0,0
2026-09-23T05:38:41.164046+00:00,7453.39,5,0,2,10.17,0,0,0
2026-09-23T05:42:23.333746+00:00,25904.06,5,1,2,2.83,0,0,0
2026-09-23T05:44:40.710778+00:00,5581.62,5,0,0,3.95,0,0,0
2026-09-23T05:49:19.077009+00:00,1565.54,5,0,2,4.9,0,1,0
2026-09-23T05:56:17.134188+00:00,4102.77,5,0,2,7.18,0,0,0
2026-09-23T06:00:25.740523+00:00,1669.61,6,0,1,7.45,0,0,0
2026-09-23T06:09:51.065567+00:00,907.16,6,0,3,6.12,0,0,0
2026-09-23T06:16:05.059884+00:00,14526.49,6,0,3,1.44,1,0,0
2026-09-23T06:17:06.021178+00:00,15707.19,6,1,3,3.95,0,0,0
2026-09-23T06:18:22.016636+00:00,1350.03,6,0,0,2.09,0,1,0
2026-09-23T06:19:02.893698+00:00,2036.2,6,0,1,6.09,0,0,0
2026-09-23T06:29:14.260359+00:00,10017.88,6,2,1,1.45,0,1,0
2026-09-23T06:29:37.773604+00:00,1263.26,6,0,2,3.27,0,1,0
2026-09-23T06:34:13.056764+00:00,7507.76,6,1,3,11.52,0,0,0
2026-09-23T06:39:55.509018+00:00,891.63,6,0,2,5.6,0,1,0
2026-09-23T06:42:38.234222+00:00,738.14,6,1,2,4.96,0,0,0
2026-09-23T06:47:13.898772+00:00,2402.01,6,0,3,2.68,1,0,0
2026-09-23T06:51:42.214254+00:00,3632.17,6,0,1,13.78,0,1,0
2026-09-23T06:52:24.755439+00:00,205.1,6,1,0,11.24,0,0,0
2026-09-23T06:53:20.057475+00:00,859.45,6,1,0,11.76,2,0,0
2026-09-23T06:56:39.162145+00:00,2006.32,6,0,0,3.47,0,0,0
2026-09-23T06:57:55.228350+00:00,1346.33,6,0,2,0.1,1,0,0
2026-09-23T06:58:39.404940+00:00,4050.25,6,1,0,1.42,2,1,1
2026-09-23T07:00:25.662454+00:00,22459.84,7,0,0,5.34,0,1,1
2026-09-23T07:05:13.349932+00:00,619.3,7,0,1,4.02,0,0,0
2026-09-23T07:19:30.204927+00:00,7255.89,7,0,0,3.26,0,1,0
2026-09-23T07:21:57.527754+00:00,1169.09,7,0,2,4.04,1,1,0
2026-09-23T07:22:36.722026+00:00,4263.3,7,0,0,0.51,0,0,0
2026-09-23T07:23:45.010647+00:00,4903.98,7,1,2,4.46,0,0,0
2026-09-23T07:28:01.856667+00:00,10623.55,7,0,1,8.74,0,0,0
2026-09-23T07:32:37.308874+00:00,2268.53,7,2,1,0.47,0,1,1
2026-09-23T07:32:51.749543+00:00,3121.39,7,0,1,4.27,0,0,0
2026-09-23T07:34:12.513270+00:00,1364.9,7,0,1,3.03,0,1,0
2026-09-23T07:35:07.165060+00:00,3688.03,7,0,0,0.78,0,1,0
2026-09-23T07:35:35.138936+00:00,2051.91,7,0,6,11.09,0,1,0
2026-09-23T07:48:50.412917+00:00,1902.03,7,0,0,3.6,0,1,0
2026-09-23T07:53:55.152535+00:00,25321.28,7,0,0,1.42,1,0,0
2026-09-23T08:00:53.779199+00:00,224.71,8,0,2,2.49,0,1,0
2026-09-23T08:05:48.433316+00:00,6897.61,8,0,3,0.4,0,1,0
2026-09-23T08:08:41.381766+00:00,6175.25,8,0,1,3.84,0,0,0
2026-09-23T08:10:05.667002+00:00,2319.08,8,1,1,2.58,0,1,0
2026-09-23T08:16:30.443669+00:00,2215.98,8,0,0,3.01,2,0,0
2026-09-23T08:22:56.782461+00:00,18791.2,8,1,0,3.62,1,1,1
2026-09-23T08:30:18.709461+00:00,16525.24,8,1,2,5.29,0,0,0
2026-09-23T08:43:04.234311+00:00,437.12,8,0,0,9.25,0,0,0
2026-09-23T08:44:17.456847+00:00,2914.79,8,0,2,10.38,0,0,0
2026-09-23T08:45:26.235279+00:00,3723.05,8,0,0,3.02,0,1,0
2026-09-23T08:46:11.018964+00:00,8773.96,8,0,3,8.87,0,0,0
2026-09-23T08:54:18.508114+00:00,4908.17,8,1,3,4.81,2,1,0
2026-09-23T08:56:58.243766+00:00,23564.94,8,0,3,9.25,0,0,0
2026-09-23T08:57:43.963024+00:00,457.5,8,0,2,5.27,0,1,0
2026-09-23T08:57:51.414950+00:00,1557.53,8,0,1,6.79,0,0,0
2026-09-23T09:08:47.887232+00:00,538.33,9,0,2,8.05,1,0,0
2026-09-23T09:11:19.049914+00:00,6877.35,9,0,0,1.23,0,1,0
2026-09-23T09:12:21.587837+00:00,4491.3,9,0,2,6.04,0,0,0
2026-09-23T09:15:05.804088+00:00,21483.86,9,0,2,12.84,0,0,0
2026-09-23T09:17:59.868955+00:00,3440.13,9,0,0,3.05,0,0,0
2026-09-23T09:19:12.765547+00:00,2323.47,9,2,0,3.46,0,1,0
2026-09-23T09:20:39.102438+00:00,579.95,9,1,0,7.23,0,1,0
2026-09-23T09:24:01.122572+00:00,1340.07,9,1,1,2.14,1,0,0
2026-09-23T09:33:02.386710+00:00,531.18,9,0,0,2.48,0,1,0
2026-09-23T09:36:14.793405+00:00,21722.2,9,0,0,4.14,0,0,0
2026-09-23T09:39:38.324552+00:00,618.8,9,0,3,3.06,0,1,0
2026-09-23T09:39:47.480185+00:00,3935.34,9,0,2,6.19,0,0,0
2026-09-23T09:40:55.453724+00:00,19888.37,9,0,2,10.29,0,0,0
2026-09-23T09:42:36.664586+00:00,19988.0,9,0,0,6.18,0,1,1
2026-09-23T09:44:17.851616+00:00,524.93,9,0,0,1.17,0,1,0
2026-09-23T09:45:43.870869+00:00,1269.75,9,0,3,1.06,0,0,0
2026-09-23T09:49:59.635885+00:00,1294.56,9,0,0,3.5,0,0,0
2026-09-23T09:55:31.237025+00:00,3916.82,9,0,0,5.87,0,0,0
2026-09-23T09:57:47.600519+00:00,446.39,9,1,1,10.22,0,0,0
2026-09-23T09:58:34.226391+00:00,5712.78,9,0,1,4.38,0,1,0
2026-09-23T10:00:58.101911+00:00,4640.23,10,1,0,3.99,0,0,0
2026-09-23T10:00:59.772006+00:00,719.75,10,0,0,3.91,0,0,0
2026-09-23T10:06:08.761756+00:00,4123.95,10,1,1,4.82,0,0,0
2026-09-23T10:07:02.608229+00:00,3593.34,10,0,0,0.98,0,0,0
2026-09-23T10:11:59.006283+00:00,4472.18,10,0,0,4.52,1,0,0
2026-09-23T10:12:45.783116+00:00,730.08,10,0,0,4.23,0,0,0
2026-09-23T10:21:34.189259+00:00,608.76,10,2,0,1.27,2,1,1
2026-09-23T10:24:16.889434+00:00,923.43,10,0,1,13.42,0,0,0
2026-09-23T10:26:49.752300+00:00,1517.61,10,0,0,0.87,0,1,0
2026-09-23T10:28:01.316638+00:00,5110.41,10,0,2,3.24,0,1,0
2026-09-23T10:39:10.245786+00:00,4345.19,10,0,1,3.22,0,1,0
2026-09-23T10:41:23.600170+00:00,8368.18,10,0,0,1.7,1,0,0
2026-09-23T10:42:37.109781+00:00,253.34,10,1,0,5.54,0,1,0
2026-09-23T10:47:40.194898+00:00,97.2,10,0,0,7.43,0,0,0
2026-09-23T10:49:15.471703+00:00,3903.54,10,0,1,7.04,1,1,0
2026-09-23T10:51:56.984740+00:00,16660.06,10,0,2,12.08,0,0,1
2026-09-23T10:55:35.074242+00:00,1361.07,10,0,2,1.7,0,0,0
2026-09-23T11:12:03.321522+00:00,2592.56,11,0,0,1.15,0,1,0
2026-09-23T11:14:49.255616+00:00,405.75,11,0,1,9.83,0,1,0
2026-09-23T11:15:26.991511+00:00,3353.32,11,0,0,3.77,0,0,0
2026-09-23T11:17:36.461370+00:00,17402.37,11,0,1,2.07,0,0,0
2026-09-23T11:17:46.411976+00:00,3265.18,11,0,0,6.0,0,1,0
2026-09-23T11:18:24.368631+00:00,5806.59,11,0,0,13.83,0,0,0
2026-09-23T11:20:15.082794+00:00,660.54,11,1,0,4.38,0,0,0
2026-09-23T11:27:27.638365+00:00,8609.8,11,0,0,8.99,0,0,0
2026-09-23T11:28:31.439079+00:00,23211.37,11,0,1,13.25,0,0,1
2026-09-23T11:32:26.924274+00:00,8261.64,11,0,0,2.04,0,0,0
2026-09-23T11:42:24.905875+00:00,805.13,11,0,0,0.75,0,0,0
2026-09-23T11:43:09.949712+00:00,3028.84,11,0,1,3.9,0,0,0
2026-09-23T11:45:30.213146+00:00,1715.44,11,0,0,1.41,0,1,0
2026-09-23T11:46:18.285834+00:00,4822.25,11,0,1,4.17,0,0,0
2026-09-23T11:46:21.758103+00:00,3039.75,11,1,2,1.31,0,0,0
2026-09-23T11:48:41.632791+00:00,2243.16,11,0,0,6.94,0,1,0
2026-09-23T11:48:50.370168+00:00,7873.37,11,2,0,3.41,0,0,0
2026-09-23T11:52:37.301372+00:00,15465.34,11,1,0,3.19,0,0,0
2026-09-23T11:57:39.125555+00:00,855.0,11,0,0,1.94,0,1,0
2026-09-23T11:58:33.559242+00:00,3057.61,11,0,1,7.16,0,0,0
2026-09-23T11:58:51.094539+00:00,3190.37,11,0,4,3.59,0,0,0
2026-09-23T11:59:11.470621+00:00,1910.25,11,0,1,12.71,0,0,0
2026-09-23T12:00:40.463832+00:00,2193.5,12,2,2,2.28,1,0,0
2026-09-23T12:01:42.754129+00:00,10324.87,12,0,1,10.16,1,1,0
2026-09-23T12:04:58.570534+00:00,4281.86,12,0,2,7.81,0,0,0
2026-09-23T12:12:19.765660+00:00,435.07,12,0,1,8.85,0,1,0
2026-09-23T12:13:20.911970+00:00,822.95,12,0,1,0.69,0,1,0
2026-09-23T12:15:48.682812+00:00,11939.09,12,0,1,6.12,0,0,0
2026-09-23T12:21:17.166180+00:00,4208.25,12,0,0,1.55,0,1,0
2026-09-23T12:22:05.126405+00:00,7950.03,12,0,1,1.5,0,0,0
2026-09-23T12:24:31.558757+00:00,1219.06,12,0,2,1.36,0,0,0
2026-09-23T12:36:35.865354+00:00,18235.74,12,0,1,4.81,0,1,1
2026-09-23T12:39:24.599573+00:00,4065.67,12,0,0,2.68,0,0,0
2026-09-23T12:39:34.758127+00:00,1177.18,12,0,2,12.25,2,0,1
2026-09-23T12:42:00.632388+00:00,2621.03,12,0,2,4.67,2,0,0
2026-09-23T12:45:13.467107+00:00,3219.33,12,1,0,3.02,0,1,0
2026-09-23T12:47:12.492419+00:00,2159.54,12,1,2,2.19,0,0,0
2026-09-23T12:47:34.070531+00:00,19024.12,12,0,1,12.39,0,1,1
2026-09-23T12:50:59.303787+00:00,5784.73,12,0,1,5.28,0,0,0
2026-09-23T12:53:18.522612+00:00,6143.62,12,1,1,2.64,0,0,0
2026-09-23T13:05:11.098511+00:00,20825.81,13,0,0,3.01,0,0,0
2026-09-23T13:08:23.462969+00:00,2202.7,13,0,0,1.84,0,0,0
2026-09-23T13:14:49.132163+00:00,1597.15,13,0,2,1.84,0,0,0
2026-09-23T13:21:42.488982+00:00,5756.27,13,1,3,3.93,0,0,0
2026-09-23T13:22:42.731898+00:00,2215.97,13,0,0,4.14,0,0,0
2026-09-23T13:23:55.892783+00:00,965.14,13,0,1,1.82,0,0,0
2026-09-23T13:24:42.080402+00:00,2325.42,13,0,0,10.2,4,1,1
2026-09-23T13:29:03.304772+00:00,16735.36,13,0,1,4.34,0,0,0
2026-09-23T13:30:41.276232+00:00,17580.78,13,0,2,8.98,0,1,1
2026-09-23T13:32:07.539351+00:00,18762.98,13,1,2,8.29,2,0,1
2026-09-23T13:33:22.823238+00:00,1026.39,13,0,1,1.64,0,0,0
2026-09-23T13:34:10.560555+00:00,10092.63,13,0,0,4.32,0,0,0
2026-09-23T13:34:15.046379+00:00,4860.16,13,0,0,4.12,0,0,0
2026-09-23T13:34:48.396682+00:00,5009.73,13,3,2,10.49,0,0,0
2026-09-23T13:43:40.364376+00:00,3187.77,13,0,0,2.42,0,0,0
2026-09-23T13:44:14.999178+00:00,5907.76,13,0,2,2.63,0,0,0
2026-09-23T13:48:32.308156+00:00,4615.62,13,4,1,1.11,0,1,0
2026-09-23T13:49:16.888460+00:00,2982.33,13,1,1,2.14,1,0,0
2026-09-23T13:52:50.202163+00:00,28000.0,13,0,0,5.56,0,1,1
2026-09-23T14:12:54.791614+00:00,740.61,14,0,0,4.0,0,0,0
2026-09-23T14:13:45.615522+00:00,28000.0,14,0,1,5.49,0,0,0
2026-09-23T14:13:56.285519+00:00,1702.32,14,1,2,4.5,0,1,0
2026-09-23T14:19:17.197968+00:00,2465.19,14,1,0,6.89,0,1,0
2026-09-23T14:28:46.348044+00:00,479.04,14,0,2,9.97,1,1,0
2026-09-23T14:31:27.073442+00:00,2545.64,14,0,1,7.07,1,0,0
2026-09-23T14:35:42.561057+00:00,23890.81,14,1,0,8.52,0,1,1
2026-09-23T14:36:47.718095+00:00,19501.65,14,0,0,3.16,0,0,0
2026-09-23T14:39:19.531701+00:00,11889.14,14,0,2,11.29,0,0,0
2026-09-23T14:47:50.580659+00:00,10918.08,14,0,2,2.59,0,0,0
2026-09-23T14:48:37.823103+00:00,1430.58,14,1,2,2.65,0,0,0
2026-09-23T14:51:24.806886+00:00,15229.88,14,0,2,3.98,0,0,1
2026-09-23T14:55:56.524446+00:00,19959.93,14,0,0,1.26,1,0,0
2026-09-23T15:02:13.334662+00:00,6170.2,15,0,1,10.1,0,0,0
2026-09-23T15:06:53.183122+00:00,840.01,15,0,0,2.36,0,0,0
2026-09-23T15:07:37.012505+00:00,2315.62,15,0,2,9.15,1,1,0
2026-09-23T15:08:13.654222+00:00,10881.6,15,0,2,12.05,0,0,0
2026-09-23T15:09:49.117835+00:00,9461.78,15,0,1,10.35,0,1,0
2026-09-23T15:10:48.456126+00:00,3743.76,15,0,0,5.4,0,1,0
2026-09-23T15:17:19.065522+00:00,5175.42,15,0,1,6.11,0,1,0
2026-09-23T15:19:56.640130+00:00,681.13,15,0,3,11.42,0,0,0
2026-09-23T15:20:26.903152+00:00,18045.71,15,0,0,1.4,0,0,0
2026-09-23T15:23:30.867542+00:00,3139.9,15,0,0,23.18,0,0,0
2026-09-23T15:31:30.821326+00:00,367.26,15,0,1,4.09,0,0,0
2026-09-23T15:36:34.215607+00:00,444.29,15,0,2,1.72,0,1,0
2026-09-23T15:36:35.909664+00:00,427.32,15,0,0,10.03,0,1,0
2026-09-23T15:40:36.357091+00:00,4183.68,15,0,0,4.25,0,0,0
2026-09-23T15:44:42.478007+00:00,549.02,15,0,2,2.04,0,1,0
2026-09-23T15:51:14.667340+00:00,15786.14,15,0,1,2.31,0,1,1
2026-09-23T15:51:36.332261+00:00,1473.06,15,0,0,1.14,0,1,0
2026-09-23T15:56:00.885331+00:00,2618.81,15,0,0,2.73,1,1,0
2026-09-23T16:06:42.549893+00:00,3982.55,16,0,2,1.73,0,0,0
2026-09-23T16:19:53.468729+00:00,3753.77,16,0,0,5.55,0,1,0
2026-09-23T16:20:28.771831+00:00,2378.97,16,0,2,4.64,0,1,0
2026-09-23T16:21:34.437355+00:00,2057.59,16,2,3,3.01,0,1,1
2026-09-23T16:25:27.262965+00:00,1683.01,16,0,0,8.54,1,1,0
2026-09-23T16:25:34.832135+00:00,6395.52,16,0,1,20.7,0,0,0
2026-09-23T16:26:45.244473+00:00,1345.6,16,1,1,1.94,0,0,0
2026-09-23T16:33:57.657243+00:00,20241.17,16,0,1,1.68,0,0,1
2026-09-23T16:47:01.973911+00:00,4411.7,16,0,2,4.71,0,0,0
2026-09-23T16:53:50.029222+00:00,1486.94,16,0,0,0.6,0,0,0
2026-09-23T17:09:50.565178+00:00,6067.39,17,0,0,6.45,1,1,0
2026-09-23T17:10:53.820900+00:00,1331.46,17,0,1,2.81,1,0,0
2026-09-23T17:13:47.256041+00:00,3933.53,17,0,0,4.21,0,0,0
2026-09-23T17:15:55.429945+00:00,207.71,17,0,0,1.62,0,1,0
2026-09-23T17:19:17.878727+00:00,1618.56,17,0,1,5.91,0,1,0
2026-09-23T17:24:06.455214+00:00,1405.35,17,0,0,7.43,2,1,0
2026-09-23T17:25:21.645392+00:00,5488.85,17,2,2,10.88,1,0,1
2026-09-23T17:32:55.502835+00:00,10981.37,17,0,1,8.03,0,0,0
2026-09-23T17:37:55.483501+00:00,2037.02,17,0,1,2.13,0,1,0
2026-09-23T17:39:08.381846+00:00,5634.51,17,2,1,3.13,0,0,0
2026-09-23T17:44:57.860145+00:00,22112.13,17,1,3,4.2,1,1,1
2026-09-23T17:51:55.950701+00:00,11013.64,17,1,3,9.99,0,0,0
2026-09-23T17:53:43.835622+00:00,5393.06,17,0,0,3.2,0,0,0
2026-09-23T17:53:52.092886+00:00,318.06,17,1,2,8.79,0,0,0
2026-09-23T17:58:31.510486+00:00,4057.62,17,0,1,8.53,0,0,0
2026-09-23T17:59:41.287817+00:00,2513.74,17,0,0,6.4,0,1,0
2026-09-23T18:22:33.476455+00:00,113.03,18,3,0,4.92,0,0,0
2026-09-23T18:24:59.953064+00:00,986.19,18,0,0,22.16,0,0,0
2026-09-23T18:25:04.775160+00:00,8213.32,18,0,1,7.08,0,0,0
2026-09-23T18:26:54.196560+00:00,8394.46,18,0,2,2.69,2,0,0
2026-09-23T18:29:27.407470+00:00,5191.86,18,0,2,7.36,0,1,0
2026-09-23T18:37:15.522672+00:00,12876.68,18,0,1,1.13,0,0,0
2026-09-23T18:37:58.928409+00:00,5316.68,18,0,2,3.68,0,0,0
2026-09-23T18:39:57.442155+00:00,92.82,18,0,1,5.94,0,1,0
2026-09-23T18:41:10.760550+00:00,1146.22,18,0,1,3.1,0,0,0
2026-09-23T18:42:25.086553+00:00,159.53,18,0,2,9.98,0,1,0
2026-09-23T18:42:38.478470+00:00,14671.59,18,0,1,3.98,0,0,0
2026-09-23T18:43:25.657792+00:00,15877.2,18,0,2,9.3,0,0,1
2026-09-23T18:47:12.326775+00:00,2300.93,18,0,1,7.63,0,0,0
2026-09-23T18:49:25.870888+00:00,6078.56,18,0,3,2.37,1,0,0
2026-09-23T18:52:14.682553+00:00,25398.76,18,1,2,2.66,0,0,0
2026-09-23T18:54:00.687410+00:00,3124.44,18,0,2,3.85,0,1,0
2026-09-23T18:57:03.271040+00:00,8487.31,18,1,0,0.23,0,0,0
2026-09-23T18:57:24.735145+00:00,2278.47,18,0,1,1.55,0,1,0
2026-09-23T18:57:33.166747+00:00,7095.36,18,0,1,5.93,0,1,0
2026-09-23T18:59:30.477254+00:00,1996.82,18,0,2,0.37,0,1,0
2026-09-23T19:03:39.526857+00:00,1098.9,19,1,1,3.32,1,1,0
2026-09-23T19:05:01.056734+00:00,8001.97,19,0,1,1.63,0,0,0
2026-09-23T19:10:51.136944+00:00,1630.93,19,0,0,5.86,0,1,0
2026-09-23T19:11:51.896975+00:00,2299.93,19,0,1,4.55,0,0,0
2026-09-23T19:16:31.665843+00:00,1336.09,19,0,1,6.06,0,0,0
2026-09-23T19:19:24.120875+00:00,3539.01,19,0,0,2.55,0,1,0
2026-09-23T19:21:20.186732+00:00,17034.66,19,0,1,1.2,0,1,1
2026-09-23T19:24:34.470070+00:00,142.7,19,0,0,6.07,0,1,0
2026-09-23T19:29:01.641899+00:00,7423.41,19,0,2,7.87,0,0,0
2026-09-23T19:33:43.367364+00:00,17601.83,19,2,0,2.18,2,1,1
2026-09-23T19:36:29.455550+00:00,19189.33,19,0,1,1.95,0,0,0
2026-09-23T19:36:35.541216+00:00,650.89,19,0,3,17.41,0,0,0
2026-09-23T19:38:42.127888+00:00,19271.59,19,0,1,4.17,0,0,0
2026-09-23T19:41:35.856290+00:00,18258.66,19,0,1,6.6,0,0,0
2026-09-23T19:44:17.884824+00:00,2640.1,19,0,1,9.68,0,0,0
2026-09-23T19:45:42.131875+00:00,1178.25,19,1,3,7.33,1,0,0
2026-09-23T19:48:37.676654+00:00,519.17,19,1,0,8.74,0,0,0
2026-09-23T19:51:34.333546+00:00,4788.36,19,0,0,3.92,0,0,0
2026-09-23T19:54:54.624625+00:00,844.5,19,0,1,3.43,1,0,0
2026-09-23T19:56:39.837768+00:00,870.19,19,0,1,4.19,0,1,0
2026-09-23T19:59:35.017561+00:00,1089.41,19,0,0,8.99,0,0,0
2026-09-23T20:10:32.503028+00:00,2887.98,20,0,2,0.28,1,0,0
2026-09-23T20:18:35.965440+00:00,22674.08,20,0,2,3.77,0,1,1
2026-09-23T20:24:21.627921+00:00,116.83,20,0,2,4.9,0,0,0
2026-09-23T20:26:20.085939+00:00,21028.1,20,0,1,3.91,0,0,0
2026-09-23T20:36:11.692632+00:00,1864.24,20,0,3,4.04,0,0,0
2026-09-23T20:41:06.639302+00:00,20244.72,20,1,1,0.99,0,1,1
2026-09-23T20:46:45.745609+00:00,6958.04,20,1,2,9.04,0,0,0
2026-09-23T20:49:04.771316+00:00,5019.35,20,0,0,4.1,0,1,0
2026-09-23T20:50:01.841750+00:00,3206.26,20,0,1,4.22,1,1,0
2026-09-23T20:50:36.764919+00:00,1380.17,20,0,1,5.18,0,1,0
2026-09-23T20:50:44.224916+00:00,3919.89,20,0,1,1.78,0,0,0
2026-09-23T20:51:12.427645+00:00,5997.86,20,0,0,4.5,0,1,0
2026-09-23T20:51:28.542465+00:00,2951.04,20,0,1,8.45,0,1,0
2026-09-23T20:52:36.071469+00:00,4970.77,20,0,0,3.65,0,0,0
2026-09-23T20:54:04.277326+00:00,4484.71,20,0,0,0.89,0,0,0
2026-09-23T20:57:15.174218+00:00,2773.66,20,1,0,7.02,0,1,0
2026-09-23T21:01:04.363033+00:00,1257.54,21,0,2,1.28,0,1,0
2026-09-23T21:01:22.696034+00:00,4442.6,21,0,4,7.58,0,0,0
2026-09-23T21:02:10.250141+00:00,801.36,21,0,1,13.0,0,0,0
2026-09-23T21:10:12.104585+00:00,4897.78,21,0,1,5.03,0,0,0
2026-09-23T21:13:53.296157+00:00,5283.79,21,0,0,2.42,0,0,0
2026-09-23T21:17:40.290809+00:00,5585.72,21,1,0,1.11,0,0,0
2026-09-23T21:27:04.436169+00:00,2109.26,21,0,0,1.43,0,0,0
2026-09-23T21:29:04.440177+00:00,744.12,21,1,1,1.2,0,1,0
2026-09-23T21:29:56.630264+00:00,396.17,21,0,0,9.31,0,1,0
2026-09-23T21:32:21.608206+00:00,22023.28,21,0,1,6.34,0,0,0
2026-09-23T21:33:09.970447+00:00,7016.33,21,1,2,6.45,0,1,0
2026-09-23T21:34:19.198530+00:00,3427.1,21,1,0,2.38,0,0,0
2026-09-23T21:37:03.919935+00:00,558.15,21,3,0,1.22,0,0,0
2026-09-23T21:37:18.196458+00:00,8801.68,21,0,4,4.02,0,0,0
2026-09-23T21:48:19.090492+00:00,14521.37,21,0,2,3.31,0,1,0
2026-09-23T21:49:55.061268+00:00,1877.8,21,0,1,1.5,0,0,0
2026-09-23T21:52:32.049349+00:00,2951.0,21,0,1,2.5,1,0,0
2026-09-23T21:59:07.918486+00:00,4865.15,21,0,1,3.99,0,1,0
2026-09-23T21:59:59.167939+00:00,4326.51,21,0,1,5.64,0,0,0
2026-09-23T22:10:16.444224+00:00,28000.0,22,1,0,1.39,0,1,0
2026-09-23T22:18:50.890138+00:00,450.51,22,0,0,2.58,0,0,0
2026-09-23T22:28:17.019206+00:00,2841.53,22,0,0,6.48,0,0,0
2026-09-23T22:31:37.566176+00:00,3827.79,22,0,0,6.08,0,0,0
2026-09-23T22:35:08.750168+00:00,7126.14,22,0,0,3.11,0,0,0
2026-09-23T22:38:45.805047+00:00,6691.5,22,4,0,1.0,0,0,0
2026-09-23T22:53:23.091375+00:00,12273.45,22,0,0,2.65,0,1,0
2026-09-23T22:53:44.740222+00:00,2356.32,22,1,1,5.56,1,0,0
2026-09-23T22:57:53.514801+00:00,22625.51,22,2,2,2.52,0,1,1
2026-09-23T22:58:22.084615+00:00,1843.56,22,2,0,7.84,0,1,1
2026-09-23T23:03:52.517800+00:00,1815.92,23,0,0,2.74,0,1,0
2026-09-23T23:04:11.611168+00:00,994.9,23,0,2,20.39,0,1,0
2026-09-23T23:04:18.271805+00:00,5516.17,23,0,1,1.81,0,0,0
2026-09-23T23:09:05.692705+00:00,13677.85,23,0,2,3.41,0,0,0
2026-09-23T23:13:55.980584+00:00,15822.94,23,0,2,8.17,0,1,1
2026-09-23T23:16:11.284157+00:00,244.86,23,1,2,19.13,1,0,0
2026-09-23T23:19:21.226750+00:00,5469.07,23,0,1,4.7,0,0,0
2026-09-23T23:23:59.116540+00:00,3158.21,23,0,1,1.31,0,1,0
2026-09-23T23:25:19.950099+00:00,10336.4,23,0,1,3.69,0,1,0
2026-09-23T23:27:57.468125+00:00,990.15,23,0,0,4.79,2,0,0
2026-09-23T23:32:13.354088+00:00,295.76,23,0,1,5.08,0,1,0
2026-09-23T23:37:26.317351+00:00,2230.06,23,0,0,7.11,0,0,0
2026-09-23T23:38:13.493106+00:00,345.89,23,0,2,8.97,0,1,0
2026-09-23T23:38:55.448350+00:00,1031.29,23,0,1,3.89,0,1,0
2026-09-23T23:49:26.574844+00:00,490.88,23,0,2,14.87,0,1,0
2026-09-23T23:58:36.703256+00:00,872.07,23,0,0,0.85,0,0,0
2026-09-24T00:01:44.819852+00:00,419.08,0,0,0,1.36,1,0,0
2026-09-24T00:04:05.848724+00:00,9906.63,0,0,1,0.56,0,1,0
2026-09-24T00:07:29.648923+00:00,1104.83,0,2,0,6.3,1,1,0
2026-09-24T00:13:03.404615+00:00,1937.77,0,0,0,9.83,0,0,0
2026-09-24T00:17:48.316614+00:00,7384.16,0,0,5,4.32,0,1,0
2026-09-24T00:18:44.438803+00:00,3679.52,0,1,2,10.02,0,1,0
2026-09-24T00:30:00.423202+00:00,3139.78,0,0,0,3.55,0,1,0
2026-09-24T00:38:28.035715+00:00,3972.61,0,0,0,2.22,0,1,0
2026-09-24T00:40:06.760383+00:00,5708.17,0,0,1,7.05,0,0,0
2026-09-24T00:41:34.554545+00:00,6783.29,0,0,2,1.9,0,1,0
2026-09-24T00:43:28.750903+00:00,3352.83,0,0,0,5.42,2,1,1
2026-09-24T00:48:08.699380+00:00,7123.49,0,0,0,1.75,1,0,0
2026-09-24T01:03:34.830812+00:00,2513.03,1,0,1,1.81,0,1,0
2026-09-24T01:03:38.208788+00:00,1099.19,1,0,2,2.01,0,1,1
2026-09-24T01:05:04.607634+00:00,26904.55,1,0,2,2.97,0,1,1
2026-09-24T01:06:03.672967+00:00,2555.15,1,0,1,7.15,0,0,0
2026-09-24T01:11:11.327484+00:00,7630.96,1,0,0,4.78,0,0,0
2026-09-24T01:23:59.483992+00:00,191.19,1,0,0,4.71,0,0,0
2026-09-24T01:25:37.447497+00:00,1681.42,1,0,1,5.94,0,0,0
2026-09-24T01:27:04.808250+00:00,9508.86,1,0,0,9.2,2,1,1
2026-09-24T01:35:06.008431+00:00,979.09,1,0,3,7.22,0,0,1
2026-09-24T01:35:36.101671+00:00,9145.91,1,0,1,3.87,1,0,0
2026-09-24T01:36:09.833366+00:00,27167.37,1,0,1,3.1,0,0,1
2026-09-24T01:38:50.820747+00:00,6902.49,1,0,0,9.32,0,1,0
2026-09-24T01:50:21.919570+00:00,20468.47,1,1,0,2.16,0,0,1
2026-09-24T01:57:05.804000+00:00,3391.57,1,0,1,3.98,0,0,0
2026-09-24T01:58:14.869655+00:00,6579.29,1,0,0,2.21,0,1,1
2026-09-24T02:04:55.235360+00:00,4846.08,2,0,0,3.48,0,0,0
2026-09-24T02:05:23.469641+00:00,24163.29,2,0,0,2.3,0,1,1
2026-09-24T02:11:44.221470+00:00,12962.08,2,0,1,2.68,1,0,0
2026-09-24T02:14:43.712248+00:00,3763.47,2,1,3,1.9,0,0,1
2026-09-24T02:19:43.148149+00:00,11926.71,2,0,0,5.47,0,0,0
2026-09-24T02:27:14.288740+00:00,21129.25,2,1,1,2.62,0,0,1
2026-09-24T02:27:23.211329+00:00,538.77,2,0,2,1.61,0,0,0
2026-09-24T02:36:50.081199+00:00,19672.07,2,0,1,2.77,0,1,1
2026-09-24T02:37:04.422409+00:00,1615.0,2,1,0,2.93,1,0,0
2026-09-24T02:37:06.622826+00:00,4945.24,2,0,0,5.59,0,0,0
2026-09-24T02:38:03.570041+00:00,620.27,2,0,2,4.17,0,0,0
2026-09-24T02:42:52.511659+00:00,12007.76,2,0,1,1.18,2,0,1
2026-09-24T02:45:52.358115+00:00,1270.98,2,2,4,5.01,0,1,1
2026-09-24T02:48:02.710255+00:00,1852.74,2,0,0,1.02,1,0,0
2026-09-24T02:48:06.620140+00:00,1087.94,2,0,1,4.49,0,0,0
2026-09-24T02:48:36.482502+00:00,2831.16,2,0,1,8.41,1,1,1
2026-09-24T02:50:40.564487+00:00,13524.99,2,0,2,5.62,0,0,0
2026-09-24T02:57:24.336825+00:00,16748.03,2,0,2,5.48,0,0,1
2026-09-24T02:59:11.372474+00:00,24941.15,2,0,0,1.83,0,1,1
2026-09-24T03:02:53.468463+00:00,720.51,3,0,0,7.08,2,1,1
2026-09-24T03:04:38.253488+00:00,919.37,3,1,0,6.81,0,1,0
2026-09-24T03:09:00.349147+00:00,5099.84,3,0,3,1.42,0,0,0
2026-09-24T03:09:18.084496+00:00,373.42,3,4,2,9.24,0,0,1
2026-09-24T03:12:46.887765+00:00,17207.47,3,0,3,1.28,3,0,1
2026-09-24T03:16:32.603301+00:00,134.67,3,0,1,2.19,0,0,0
2026-09-24T03:17:06.264614+00:00,1422.83,3,1,1,6.05,0,1,0
2026-09-24T03:17:12.371205+00:00,3901.87,3,0,1,2.51,0,0,0
2026-09-24T03:17:23.407094+00:00,362.16,3,0,0,0.67,0,0,0
2026-09-24T03:18:41.142772+00:00,7075.2,3,0,2,0.31,0,0,0
2026-09-24T03:20:15.590116+00:00,7747.66,3,0,6,0.71,1,0,1
2026-09-24T03:21:40.004956+00:00,414.95,3,3,0,10.83,0,1,1
2026-09-24T03:21:43.185592+00:00,15039.95,3,0,2,11.28,0,1,1
2026-09-24T03:22:12.439291+00:00,1190.09,3,1,3,5.63,0,0,1
2026-09-24T03:23:18.617048+00:00,341.12,3,1,0,2.62,0,0,0
2026-09-24T03:28:55.109933+00:00,76.26,3,0,0,11.58,0,1,1
2026-09-24T03:35:55.704279+00:00,1740.42,3,0,1,6.01,1,0,0
2026-09-24T03:42:04.258016+00:00,3239.96,3,0,0,1.78,0,1,0
2026-09-24T03:45:36.180274+00:00,1351.95,3,0,0,1.05,0,0,0
2026-09-24T03:47:17.384369+00:00,26853.42,3,1,1,5.81,0,0,1
2026-09-24T03:48:16.795323+00:00,4094.94,3,0,0,10.55,3,0,1
2026-09-24T03:54:16.183707+00:00,1439.3,3,0,1,1.87,0,0,0
2026-09-24T04:02:56.776811+00:00,4301.36,4,0,0,2.61,0,0,0
2026-09-24T04:05:12.411722+00:00,9089.03,4,0,0,3.92,0,0,0
2026-09-24T04:12:01.501101+00:00,372.7,4,0,1,1.89,0,0,0
2026-09-24T04:18:22.076496+00:00,1229.39,4,0,1,7.88,0,1,0
2026-09-24T04:24:48.625902+00:00,2051.57,4,0,3,1.98,0,0,0
2026-09-24T04:28:12.679877+00:00,2265.23,4,1,2,1.97,0,1,0
2026-09-24T04:34:41.231318+00:00,2560.2,4,0,1,2.58,0,0,0
2026-09-24T04:42:44.560701+00:00,1204.23,4,0,1,2.23,0,1,0
2026-09-24T04:52:09.390216+00:00,3581.26,4,0,2,3.23,0,0,0
2026-09-24T04:53:24.731267+00:00,3374.8,4,0,1,1.36,1,1,0
2026-09-24T05:06:07.605993+00:00,16493.99,5,0,0,3.16,3,1,1
2026-09-24T05:07:51.252470+00:00,17991.38,5,2,1,8.15,0,1,1
2026-09-24T05:08:18.592218+00:00,2133.96,5,0,1,2.45,0,0,0
2026-09-24T05:14:55.300614+00:00,1469.31,5,0,1,4.24,0,1,0
2026-09-24T05:29:37.965461+00:00,2221.23,5,0,1,6.51,0,0,0
2026-09-24T05:34:19.636574+00:00,8217.87,5,0,2,6.94,0,1,0
2026-09-24T05:35:47.965291+00:00,2155.84,5,0,0,8.61,0,0,0
2026-09-24T05:43:50.303241+00:00,105.05,5,0,3,9.7,0,0,0
2026-09-24T05:46:38.505055+00:00,1908.78,5,0,1,2.92,0,0,0
2026-09-24T05:47:40.062365+00:00,5558.9,5,1,3,0.83,0,0,0
2026-09-24T05:50:53.872220+00:00,4906.1,5,0,1,6.87,0,0,0
2026-09-24T05:52:12.195628+00:00,19488.53,5,0,1,2.4,0,0,0
2026-09-24T05:54:01.472808+00:00,979.6,5,1,3,14.73,1,1,0
2026-09-24T05:56:24.867206+00:00,2062.09,5,0,0,1.39,0,0,0
2026-09-24T05:58:33.702674+00:00,2714.18,5,0,1,1.23,0,1,0
2026-09-24T05:59:12.246704+00:00,28000.0,5,0,2,1.82,0,0,1
2026-09-24T05:59:50.117965+00:00,3366.64,5,0,0,3.63,0,0,0
2026-09-24T06:01:02.461262+00:00,3852.12,6,1,1,3.15,0,0,0
2026-09-24T06:08:09.758860+00:00,17266.66,6,0,2,2.78,2,0,1
2026-09-24T06:16:09.415810+00:00,1460.68,6,0,1,8.1,0,0,0
2026-09-24T06:23:33.905496+00:00,5424.46,6,0,3,2.59,0,0,0
2026-09-24T06:29:00.615977+00:00,2245.8,6,0,3,4.21,0,0,0
2026-09-24T06:33:19.097816+00:00,16822.2,6,0,1,5.25,0,0,0
2026-09-24T06:34:25.372910+00:00,2014.78,6,0,0,1.05,0,1,0
2026-09-24T06:37:36.122726+00:00,285.35,6,0,1,6.2,0,1,0
2026-09-24T06:37:39.299977+00:00,3732.08,6,1,1,6.84,0,0,0
2026-09-24T06:45:10.513411+00:00,212.85,6,0,0,5.29,0,0,0
2026-09-24T06:47:15.815912+00:00,982.72,6,0,0,2.68,0,0,0
2026-09-24T06:49:37.941342+00:00,1456.96,6,0,0,6.17,0,1,0
2026-09-24T06:50:26.142411+00:00,4364.29,6,0,2,2.08,0,0,0
2026-09-24T06:50:42.955431+00:00,2241.39,6,0,2,4.47,1,0,0
2026-09-24T06:53:03.131197+00:00,153.01,6,4,0,6.68,0,0,0
2026-09-24T06:54:32.718326+00:00,3129.85,6,1,3,3.34,0,1,0
2026-09-24T06:57:46.394835+00:00,1756.22,6,1,1,4.16,0,0,0
2026-09-24T06:57:48.755459+00:00,8216.57,6,0,1,3.33,0,0,0
2026-09-24T06:58:49.617072+00:00,2275.27,6,0,0,0.71,0,0,0
2026-09-24T07:00:06.435950+00:00,24598.77,7,1,0,2.09,3,1,1
2026-09-24T07:12:43.637456+00:00,850.44,7,1,1,3.14,0,1,0
2026-09-24T07:13:19.235436+00:00,4639.78,7,0,8,2.25,0,0,0
2026-09-24T07:15:22.490701+00:00,22097.8,7,1,0,1.44,2,0,1
2026-09-24T07:17:56.832627+00:00,7561.63,7,2,1,2.51,0,0,0
2026-09-24T07:18:47.410374+00:00,170.1,7,0,0,8.69,1,0,0
2026-09-24T07:30:22.380084+00:00,1958.57,7,0,2,6.18,0,0,0
2026-09-24T07:30:35.443730+00:00,3697.75,7,0,2,6.31,0,1,0
2026-09-24T07:36:20.940933+00:00,380.0,7,3,0,2.03,0,1,0
2026-09-24T07:37:29.289133+00:00,1751.7,7,0,1,6.13,0,0,0
2026-09-24T07:39:55.527530+00:00,9179.5,7,0,0,2.75,0,1,0
2026-09-24T07:41:41.587476+00:00,1892.27,7,0,0,3.7,0,0,0
2026-09-24T07:41:48.279645+00:00,13586.6,7,0,4,2.72,0,1,0
2026-09-24T07:42:53.730838+00:00,15089.08,7,0,1,5.13,0,0,0
2026-09-24T07:47:08.669135+00:00,20181.17,7,0,2,9.74,0,1,1
2026-09-24T07:49:25.436237+00:00,2843.75,7,1,0,5.71,0,1,0
2026-09-24T07:51:38.078214+00:00,21051.36,7,0,1,1.84,0,0,0
2026-09-24T07:52:38.074592+00:00,11372.68,7,1,2,5.43,0,0,0
2026-09-24T07:53:40.059846+00:00,504.35,7,0,0,4.2,0,0,0
2026-09-24T07:59:34.999917+00:00,7302.73,7,0,1,4.86,0,0,0
2026-09-24T08:00:56.313777+00:00,3820.62,8,1,1,4.84,0,0,0
2026-09-24T08:04:56.178332+00:00,1019.2,8,0,1,4.63,1,0,0
2026-09-24T08:13:33.300254+00:00,7482.14,8,0,1,9.16,0,0,0
2026-09-24T08:20:35.909797+00:00,1854.82,8,0,1,5.24,0,1,0
2026-09-24T08:20:41.697863+00:00,5446.34,8,0,2,1.76,0,0,0
2026-09-24T08:32:20.736628+00:00,1635.65,8,0,2,6.4,1,1,0
2026-09-24T08:36:58.203391+00:00,6150.7,8,0,2,2.66,0,0,0
2026-09-24T08:47:52.366951+00:00,3299.46,8,0,1,2.28,0,0,0
2026-09-24T08:49:26.358640+00:00,546.53,8,0,0,1.37,0,1,0
2026-09-24T08:51:46.004629+00:00,3416.35,8,1,3,6.2,0,0,0
2026-09-24T08:52:06.276776+00:00,16121.2,8,0,2,16.12,0,1,1
2026-09-24T08:53:22.394797+00:00,21795.72,8,0,1,3.59,0,0,1
2026-09-24T08:54:51.374453+00:00,657.39,8,0,1,2.1,0,0,0
2026-09-24T09:07:55.634987+00:00,131.24,9,1,1,5.0,0,0,0
2026-09-24T09:11:33.405475+00:00,821.96,9,2,2,1.79,0,0,0
2026-09-24T09:12:03.605988+00:00,2519.75,9,0,0,3.7,0,0,0
2026-09-24T09:12:39.006306+00:00,2162.19,9,0,0,4.69,0,1,0
2026-09-24T09:25:24.178250+00:00,2287.67,9,0,1,2.25,0,1,0
2026-09-24T09:26:08.747258+00:00,970.73,9,1,0,0.33,0,0,0
2026-09-24T09:26:24.207549+00:00,3758.22,9,0,1,1.54,0,1,0
2026-09-24T09:32:13.980568+00:00,3958.51,9,1,0,11.24,1,0,0
2026-09-24T09:34:09.661986+00:00,1477.97,9,0,1,5.12,0,0,0
2026-09-24T09:54:54.807075+00:00,6876.2,9,0,0,8.13,0,0,0
2026-09-24T09:59:32.359029+00:00,3365.25,9,0,1,6.77,0,1,0
2026-09-24T10:12:26.329375+00:00,4054.91,10,1,0,7.0,0,0,0
2026-09-24T10:17:24.421678+00:00,1099.41,10,0,2,2.37,0,0,0
2026-09-24T10:18:33.992496+00:00,61.96,10,0,3,5.5,0,0,0
2026-09-24T10:19:23.755000+00:00,6476.85,10,1,0,6.37,0,0,0
2026-09-24T10:20:39.676922+00:00,5590.75,10,0,1,18.41,1,0,0
2026-09-24T10:22:33.519659+00:00,480.69,10,0,2,4.01,0,0,0
2026-09-24T10:25:39.688393+00:00,15884.82,10,0,1,6.17,0,0,0
2026-09-24T10:27:59.792042+00:00,3524.82,10,0,0,7.76,1,0,0
2026-09-24T10:31:09.437773+00:00,18554.83,10,0,2,3.45,2,1,1
2026-09-24T10:52:34.782176+00:00,6359.58,10,0,2,2.06,0,0,0
2026-09-24T10:57:38.541992+00:00,543.63,10,0,1,2.23,2,0,0
2026-09-24T11:01:14.589563+00:00,1858.44,11,0,1,10.53,0,0,0
2026-09-24T11:02:26.057157+00:00,387.3,11,1,1,5.43,0,1,0
2026-09-24T11:03:39.966577+00:00,1639.63,11,3,3,1.44,0,0,0
2026-09-24T11:10:27.970463+00:00,108.71,11,1,0,4.11,0,0,0
2026-09-24T11:12:59.469178+00:00,7373.48,11,1,1,2.05,0,1,0
2026-09-24T11:15:01.480326+00:00,2456.01,11,2,1,3.59,0,0,0
2026-09-24T11:17:09.684520+00:00,6126.57,11,1,0,2.05,0,1,0
2026-09-24T11:18:11.426423+00:00,257.68,11,3,2,6.72,0,0,0
2026-09-24T11:19:10.221576+00:00,885.82,11,0,1,2.47,0,0,0
2026-09-24T11:19:24.868181+00:00,1020.86,11,0,0,7.68,0,0,0
2026-09-24T11:20:33.784334+00:00,1624.44,11,0,1,2.8,0,0,0
2026-09-24T11:21:33.469738+00:00,5256.4,11,1,2,12.2,0,1,0
2026-09-24T11:22:31.692011+00:00,1623.74,11,0,0,2.83,0,0,0
2026-09-24T11:24:12.233806+00:00,14951.92,11,1,0,0.18,0,1,0
2026-09-24T11:25:37.614346+00:00,275.03,11,0,3,3.2,0,1,0
2026-09-24T11:26:40.083926+00:00,325.05,11,1,0,5.18,0,0,0
2026-09-24T11:28:22.830173+00:00,4627.4,11,0,1,3.16,0,0,0
2026-09-24T11:28:37.095635+00:00,15776.41,11,0,1,1.66,0,0,0
2026-09-24T11:31:23.217395+00:00,4204.92,11,1,2,6.91,0,1,0
2026-09-24T11:31:57.095351+00:00,3729.14,11,0,2,4.15,3,0,0
2026-09-24T11:31:57.459040+00:00,525.42,11,0,1,4.12,0,0,0
2026-09-24T11:35:22.596396+00:00,15955.92,11,0,1,3.49,0,0,0
2026-09-24T11:38:05.104333+00:00,4565.26,11,0,0,4.15,0,0,0
2026-09-24T11:38:35.368585+00:00,25141.45,11,0,1,4.7,0,0,0
2026-09-24T11:48:57.356988+00:00,15334.2,11,0,1,11.55,0,0,0
2026-09-24T11:49:48.457635+00:00,317.87,11,1,1,2.16,0,0,0
2026-09-24T11:50:36.859885+00:00,98.95,11,0,1,5.53,0,0,0
2026-09-24T11:58:11.226875+00:00,1147.67,11,0,2,7.67,1,0,0
2026-09-24T12:01:12.747719+00:00,14793.67,12,1,0,7.82,0,1,0
2026-09-24T12:01:49.116727+00:00,896.67,12,0,3,2.71,0,0,0
2026-09-24T12:09:38.241040+00:00,1800.37,12,0,2,4.69,0,1,0
2026-09-24T12:09:45.880111+00:00,474.22,12,0,1,9.85,0,1,0
2026-09-24T12:16:26.958375+00:00,15585.33,12,0,2,4.3,0,0,0
2026-09-24T12:18:37.478086+00:00,7316.25,12,0,4,7.98,0,0,0
2026-09-24T12:19:24.803922+00:00,2877.95,12,3,1,7.46,0,0,0
2026-09-24T12:20:44.386834+00:00,8780.09,12,0,2,3.27,1,0,0
2026-09-24T12:22:03.858622+00:00,1418.02,12,0,1,3.28,0,0,0
2026-09-24T12:23:14.241505+00:00,3677.77,12,0,3,7.45,0,1,0
2026-09-24T12:27:47.933954+00:00,18745.92,12,0,0,13.56,0,0,0
2026-09-24T12:29:55.745408+00:00,3142.32,12,0,2,3.02,0,0,0
2026-09-24T12:30:53.065092+00:00,504.12,12,0,1,2.51,0,0,0
2026-09-24T12:31:48.576177+00:00,66.66,12,0,2,4.55,2,1,1
2026-09-24T12:35:42.011644+00:00,8640.43,12,0,2,4.3,1,1,0
2026-09-24T12:39:12.139349+00:00,2650.22,12,1,0,4.62,0,0,0
2026-09-24T12:41:22.460319+00:00,8432.75,12,0,0,6.16,1,0,0
2026-09-24T12:46:58.914607+00:00,1359.88,12,1,2,4.32,0,0,0
2026-09-24T12:52:51.344386+00:00,1330.97,12,0,1,4.68,0,0,0
2026-09-24T12:55:19.804683+00:00,1698.14,12,0,0,8.58,0,0,0
2026-09-24T13:03:15.692652+00:00,3977.81,13,0,0,2.12,0,1,0
2026-09-24T13:03:18.450212+00:00,2729.66,13,1,2,6.35,0,0,0
2026-09-24T13:12:53.621461+00:00,8364.03,13,0,3,4.74,0,0,0
2026-09-24T13:16:06.803424+00:00,142.46,13,0,3,5.65,0,0,0
2026-09-24T13:21:33.954548+00:00,4001.35,13,0,0,3.28,0,1,0
2026-09-24T13:23:02.929672+00:00,1343.09,13,1,4,8.61,0,0,0
2026-09-24T13:23:58.403839+00:00,695.95,13,0,1,2.32,0,1,0
2026-09-24T13:25:33.613740+00:00,2345.3,13,0,2,7.51,3,0,0
2026-09-24T13:31:16.806171+00:00,2310.64,13,0,1,9.96,0,0,0
2026-09-24T13:31:31.942591+00:00,531.53,13,0,0,5.53,0,1,0
2026-09-24T13:32:13.329638+00:00,781.65,13,0,0,1.98,0,1,0
2026-09-24T13:36:38.803340+00:00,20701.25,13,0,0,1.6,0,1,1
2026-09-24T13:36:45.612087+00:00,1741.98,13,0,3,19.1,0,1,0
2026-09-24T13:40:22.133661+00:00,1282.65,13,0,2,5.6,1,0,0
2026-09-24T13:42:47.708084+00:00,574.59,13,0,0,6.66,0,1,0
2026-09-24T13:50:59.238326+00:00,74.03,13,0,1,7.43,0,0,0
2026-09-24T13:53:07.374400+00:00,11306.16,13,0,1,6.57,3,0,0
2026-09-24T13:58:20.356545+00:00,9255.2,13,0,0,9.02,1,1,0
2026-09-24T13:59:41.771794+00:00,2175.11,13,0,2,1.41,0,0,0
2026-09-24T14:00:47.778182+00:00,17047.91,14,1,2,14.74,0,1,1
2026-09-24T14:03:07.379789+00:00,3643.35,14,0,0,6.46,0,0,0
2026-09-24T14:04:46.018979+00:00,288.3,14,0,4,2.78,1,0,0
2026-09-24T14:05:34.902176+00:00,460.78,14,0,2,4.6,0,0,0
2026-09-24T14:06:07.521353+00:00,7990.43,14,1,0,4.13,0,0,0
2026-09-24T14:07:20.735604+00:00,3242.06,14,1,1,3.78,0,1,0
2026-09-24T14:13:58.737294+00:00,5988.58,14,0,1,9.27,0,0,0
2026-09-24T14:14:45.929173+00:00,7373.37,14,0,1,1.48,0,0,0
2026-09-24T14:20:42.738881+00:00,1961.13,14,0,1,2.58,2,0,1
2026-09-24T14:26:24.822551+00:00,219.18,14,0,2,3.62,0,1,0
2026-09-24T14:31:57.468898+00:00,727.52,14,2,0,2.57,0,1,0
2026-09-24T14:34:28.680125+00:00,19295.92,14,0,4,9.08,1,1,1
2026-09-24T14:41:33.620331+00:00,729.33,14,0,4,3.44,0,0,0
2026-09-24T14:43:00.336052+00:00,1751.32,14,0,4,2.54,1,0,0
2026-09-24T14:47:17.551835+00:00,462.52,14,0,2,5.91,0,0,0
2026-09-24T14:47:56.742740+00:00,643.68,14,1,1,4.35,0,1,0
2026-09-24T14:58:05.226386+00:00,1948.86,14,0,0,4.99,0,1,0
2026-09-24T15:02:21.132498+00:00,1390.48,15,0,2,5.66,0,0,0
2026-09-24T15:05:34.681520+00:00,2077.5,15,0,2,1.87,0,0,0
2026-09-24T15:06:41.185401+00:00,1854.14,15,0,0,1.46,0,1,0
2026-09-24T15:07:54.503796+00:00,3369.34,15,0,0,5.67,2,1,1
2026-09-24T15:17:34.882697+00:00,8916.43,15,0,1,3.8,0,1,0
2026-09-24T15:18:07.071918+00:00,425.24,15,0,0,6.44,0,0,0
2026-09-24T15:23:14.898237+00:00,394.52,15,1,3,7.28,0,1,0
2026-09-24T15:30:11.205325+00:00,6191.21,15,0,0,3.77,0,0,0
2026-09-24T15:34:10.669160+00:00,2319.27,15,0,3,2.84,0,0,0
2026-09-24T15:39:19.691861+00:00,4713.33,15,3,0,2.57,0,0,0
2026-09-24T15:42:27.412054+00:00,13905.44,15,0,1,6.59,0,1,0
2026-09-24T15:43:19.686799+00:00,5708.92,15,1,1,1.51,0,1,0
2026-09-24T15:44:19.078657+00:00,8300.02,15,0,1,6.21,0,1,0
2026-09-24T15:47:05.475493+00:00,3289.38,15,0,1,3.29,0,0,0
2026-09-24T15:48:08.880530+00:00,418.13,15,0,0,7.52,0,1,0
2026-09-24T15:50:45.917310+00:00,7281.14,15,0,1,0.95,0,0,0
2026-09-24T15:50:57.212225+00:00,5092.21,15,0,0,2.92,1,1,0
2026-09-24T15:53:25.553498+00:00,4507.4,15,0,0,3.88,0,1,0
2026-09-24T15:55:47.739917+00:00,179.74,15,2,0,10.26,1,0,0
2026-09-24T15:56:54.255314+00:00,5193.64,15,0,3,11.88,0,1,0
2026-09-24T15:58:27.191756+00:00,535.02,15,0,0,5.54,0,0,0
2026-09-24T15:59:12.466818+00:00,19079.68,15,0,1,2.73,2,1,1
2026-09-24T15:59:26.884658+00:00,2814.25,15,0,1,1.93,0,1,0
2026-09-24T16:10:51.994541+00:00,1045.15,16,0,3,2.56,0,0,0
2026-09-24T16:13:20.972024+00:00,3524.91,16,0,1,0.73,0,0,0
2026-09-24T16:15:54.399717+00:00,3057.35,16,0,2,2.55,0,0,0
2026-09-24T16:18:31.195269+00:00,426.26,16,2,4,4.15,0,0,0
2026-09-24T16:19:35.981486+00:00,21520.79,16,2,1,3.87,2,1,1
2026-09-24T16:35:26.005276+00:00,8304.57,16,2,1,3.61,0,0,0
2026-09-24T16:39:18.049129+00:00,622.16,16,0,3,5.95,0,1,0
2026-09-24T16:45:06.926715+00:00,2968.71,16,0,4,7.65,0,0,0
2026-09-24T16:49:11.102193+00:00,1398.71,16,2,2,2.26,0,0,0
2026-09-24T16:58:24.999834+00:00,2029.5,16,0,2,1.2,0,1,0
2026-09-24T17:01:29.039529+00:00,1142.48,17,0,1,1.84,0,0,0
2026-09-24T17:14:10.697747+00:00,1458.91,17,1,2,1.4,0,1,0
2026-09-24T17:17:20.236362+00:00,153.88,17,1,1,3.83,0,0,0
2026-09-24T17:18:26.446405+00:00,12836.91,17,0,1,7.15,0,0,0
2026-09-24T17:20:11.541946+00:00,3196.95,17,0,0,2.14,0,0,0
2026-09-24T17:24:13.865140+00:00,2282.59,17,0,0,1.7,0,0,0
2026-09-24T17:25:08.448498+00:00,1608.95,17,0,1,8.13,0,0,0
2026-09-24T17:29:54.904737+00:00,2540.54,17,0,0,0.75,0,1,0
2026-09-24T17:33:16.537656+00:00,1590.26,17,0,0,1.91,0,0,0
2026-09-24T17:34:18.629222+00:00,18628.9,17,0,0,1.1,0,0,0
2026-09-24T17:37:11.390055+00:00,2055.27,17,0,0,8.07,0,0,0
2026-09-24T17:42:25.659285+00:00,1093.41,17,0,0,3.94,0,1,0
2026-09-24T17:42:32.630877+00:00,695.24,17,0,0,6.67,0,0,0
2026-09-24T17:43:50.710430+00:00,2662.55,17,0,0,5.37,0,0,0
2026-09-24T17:45:44.053971+00:00,5980.05,17,0,0,6.91,0,1,0
2026-09-24T17:46:12.379592+00:00,590.73,17,0,0,4.95,0,1,0
2026-09-24T17:46:16.884296+00:00,166.5,17,1,2,5.54,0,1,0
2026-09-24T18:00:00.014421+00:00,967.01,18,0,1,4.75,0,1,0
2026-09-24T18:02:03.077212+00:00,12534.09,18,1,3,4.78,0,0,0
2026-09-24T18:02:17.765464+00:00,5706.97,18,1,1,3.21,0,0,0
2026-09-24T18:18:07.055977+00:00,2959.23,18,0,1,5.53,0,1,0
2026-09-24T18:18:24.489175+00:00,8535.48,18,1,1,0.58,3,1,0
2026-09-24T18:19:04.548815+00:00,17979.4,18,0,2,4.85,0,1,1
2026-09-24T18:25:17.769757+00:00,13151.79,18,0,0,4.05,0,0,0
2026-09-24T18:27:33.946255+00:00,1184.5,18,0,3,10.1,0,0,0
2026-09-24T18:28:27.530534+00:00,939.49,18,0,1,7.88,0,0,0
2026-09-24T18:32:34.777625+00:00,3311.98,18,0,2,15.51,0,1,0
2026-09-24T18:51:18.051972+00:00,1580.2,18,0,2,7.08,1,1,0
2026-09-24T18:53:15.457175+00:00,3210.33,18,0,0,3.87,0,1,0
2026-09-24T18:59:35.466036+00:00,1224.28,18,0,1,4.74,0,1,0
2026-09-24T19:00:37.930540+00:00,3138.79,19,0,1,4.12,0,0,0
2026-09-24T19:04:13.534043+00:00,1092.36,19,0,0,0.52,0,1,0
2026-09-24T19:05:19.417649+00:00,227.41,19,0,2,7.36,3,1,0
2026-09-24T19:05:42.120485+00:00,7842.28,19,0,2,5.9,0,0,0
2026-09-24T19:08:33.535979+00:00,6931.48,19,0,3,11.26,0,0,0
2026-09-24T19:09:41.042556+00:00,28000.0,19,0,1,2.75,0,0,0
2026-09-24T19:09:48.933395+00:00,4094.04,19,0,2,0.79,0,1,0
2026-09-24T19:13:35.066106+00:00,3733.52,19,0,1,5.46,0,1,0
2026-09-24T19:18:09.656194+00:00,2679.9,19,3,1,9.63,3,1,1
2026-09-24T19:18:32.553834+00:00,490.75,19,0,2,12.61,0,0,0
2026-09-24T19:22:14.901879+00:00,16482.33,19,1,2,0.39,0,0,0
2026-09-24T19:27:15.628554+00:00,1153.58,19,1,0,1.93,0,0,0
2026-09-24T19:33:44.309412+00:00,7127.83,19,0,0,2.63,0,0,0
2026-09-24T19:37:09.127879+00:00,667.72,19,1,1,3.88,0,0,0
2026-09-24T19:37:15.130855+00:00,23099.47,19,0,0,3.18,0,0,0
2026-09-24T19:48:17.174103+00:00,2427.33,19,2,1,6.17,0,1,1
2026-09-24T19:50:07.457988+00:00,19564.02,19,0,3,9.22,0,1,1
2026-09-24T19:51:19.882185+00:00,433.79,19,0,1,6.73,0,0,0
2026-09-24T19:53:31.572869+00:00,1062.84,19,2,2,2.69,0,1,1
2026-09-24T19:58:57.523106+00:00,10244.03,19,0,1,0.56,0,0,0
2026-09-24T19:59:17.289555+00:00,17567.43,19,1,1,5.8,0,1,0
2026-09-24T20:06:51.116285+00:00,15897.96,20,0,1,4.84,1,0,0
2026-09-24T20:10:52.139813+00:00,18625.03,20,0,0,7.99,0,0,0
2026-09-24T20:13:16.294681+00:00,502.23,20,0,0,8.63,0,0,0
2026-09-24T20:13:27.757751+00:00,909.93,20,2,0,9.66,0,0,0
2026-09-24T20:16:02.976329+00:00,3350.03,20,0,0,1.72,0,0,0
2026-09-24T20:21:20.093368+00:00,2004.46,20,0,0,7.95,0,1,0
2026-09-24T20:22:03.674242+00:00,2642.04,20,0,1,4.35,0,1,0
2026-09-24T20:33:13.014134+00:00,477.68,20,3,1,0.37,0,0,0
2026-09-24T20:35:24.077841+00:00,5244.24,20,0,1,1.29,0,0,0
2026-09-24T20:37:46.103012+00:00,4965.33,20,0,0,8.3,0,0,0
2026-09-24T20:41:21.996951+00:00,20203.52,20,0,2,2.08,0,0,0
2026-09-24T20:49:57.119341+00:00,1607.91,20,0,0,6.2,0,0,0
2026-09-24T20:54:53.241149+00:00,288.0,20,1,1,10.47,0,1,0
2026-09-24T20:55:52.075377+00:00,5086.32,20,0,1,6.79,0,1,0
2026-09-24T20:57:39.843622+00:00,4337.21,20,0,2,3.29,0,1,0
2026-09-24T20:57:50.546615+00:00,7492.53,20,0,3,0.68,0,0,0
2026-09-24T20:59:56.566293+00:00,923.09,20,0,0,12.87,0,1,0
2026-09-24T21:03:19.811880+00:00,2009.92,21,0,3,4.83,0,1,0
2026-09-24T21:10:23.745482+00:00,18476.29,21,1,3,12.8,1,0,1
2026-09-24T21:12:28.618338+00:00,1544.79,21,0,0,9.93,0,0,0
2026-09-24T21:17:28.998371+00:00,2423.69,21,0,2,9.76,0,1,0
2026-09-24T21:19:40.703502+00:00,235.38,21,0,3,6.91,0,1,0
2026-09-24T21:20:55.164019+00:00,4075.4,21,1,3,7.87,0,1,0
2026-09-24T21:22:20.717712+00:00,2567.88,21,0,0,5.05,0,1,0
2026-09-24T21:22:35.376973+00:00,5710.73,21,2,1,2.64,0,1,0
2026-09-24T21:23:29.861368+00:00,1074.89,21,0,1,2.21,0,0,0
2026-09-24T21:24:29.865232+00:00,24109.7,21,0,0,7.19,0,1,1
2026-09-24T21:32:14.578972+00:00,21311.14,21,0,2,4.94,0,0,0
2026-09-24T21:33:45.098670+00:00,8114.39,21,0,1,12.77,0,1,0
2026-09-24T21:38:36.964330+00:00,4874.7,21,1,1,2.02,0,1,0
2026-09-24T21:40:01.282075+00:00,5414.49,21,0,2,4.77,0,1,0
2026-09-24T21:58:14.397322+00:00,2788.69,21,0,1,1.21,0,0,0
2026-09-24T21:59:05.735993+00:00,734.92,21,0,0,6.25,0,0,0
2026-09-24T22:03:01.449287+00:00,3676.73,22,0,2,0.49,0,0,0
2026-09-24T22:07:37.488878+00:00,4051.72,22,1,0,5.2,0,0,0
2026-09-24T22:19:32.300297+00:00,28000.0,22,2,1,4.99,0,1,1
2026-09-24T22:26:27.404338+00:00,2553.96,22,0,1,3.43,2,0,0
2026-09-24T22:28:56.330461+00:00,1073.08,22,0,0,12.27,0,0,0
2026-09-24T22:29:13.915114+00:00,3743.13,22,0,1,6.1,0,1,0
2026-09-24T22:32:11.272817+00:00,12480.13,22,1,1,2.39,0,1,0
2026-09-24T22:32:38.450649+00:00,684.19,22,3,1,6.01,0,1,0
2026-09-24T22:35:52.082350+00:00,1322.47,22,2,0,4.87,0,0,0
2026-09-24T22:47:37.100501+00:00,2558.0,22,0,1,7.06,0,1,0
2026-09-24T22:51:55.663734+00:00,657.08,22,0,0,4.44,0,0,0
2026-09-24T22:52:23.959543+00:00,131.91,22,0,1,20.2,1,0,0
2026-09-24T22:53:51.818806+00:00,1375.06,22,0,3,5.45,1,1,0
2026-09-24T22:56:26.266836+00:00,6476.74,22,0,1,2.6,0,0,0
2026-09-24T23:01:15.693030+00:00,202.21,23,0,0,4.42,0,1,0
2026-09-24T23:01:21.456374+00:00,1852.77,23,0,4,2.1,0,0,0
2026-09-24T23:04:05.662342+00:00,4656.25,23,0,3,1.83,0,0,0
2026-09-24T23:14:27.256595+00:00,9856.8,23,0,0,8.87,0,0,0
2026-09-24T23:15:58.062434+00:00,13602.12,23,0,1,3.9,0,0,0
2026-09-24T23:18:45.297126+00:00,1814.01,23,0,0,11.83,0,1,0
2026-09-24T23:19:22.412066+00:00,9671.03,23,0,0,3.65,0,0,0
2026-09-24T23:20:06.992236+00:00,175.4,23,0,2,4.27,0,1,0
2026-09-24T23:20:53.883829+00:00,4444.3,23,0,2,6.07,0,0,0
2026-09-24T23:22:42.838550+00:00,3353.79,23,1,3,8.16,0,1,0
2026-09-24T23:23:04.123437+00:00,19962.85,23,0,0,5.91,0,0,0
2026-09-24T23:24:05.887427+00:00,18261.72,23,0,2,5.77,0,0,0
2026-09-24T23:25:00.742034+00:00,504.0,23,0,0,2.25,1,1,0
2026-09-24T23:28:14.750621+00:00,6628.26,23,1,1,7.03,1,0,0
2026-09-24T23:42:14.575034+00:00,1477.63,23,0,2,1.0,0,1,0
2026-09-24T23:43:22.166817+00:00,3207.58,23,0,2,9.21,0,1,0
2026-09-24T23:48:10.169008+00:00,613.27,23,2,2,0.1,0,1,0
2026-09-24T23:52:03.206962+00:00,798.81,23,0,2,6.49,0,1,0
2026-09-24T23:58:18.013427+00:00,15493.2,23,0,0,1.85,0,0,0
2026-09-25T00:14:19.760293+00:00,4535.89,0,1,1,3.22,0,1,0
2026-09-25T00:17:17.678846+00:00,10522.17,0,1,1,2.0,0,0,0
2026-09-25T00:22:55.478666+00:00,1182.45,0,0,0,2.85,0,0,0
2026-09-25T00:24:17.348999+00:00,635.36,0,2,2,2.84,1,0,0
2026-09-25T00:26:36.653980+00:00,2297.77,0,0,1,2.24,0,1,0
2026-09-25T00:30:07.018681+00:00,2244.13,0,0,1,10.97,1,0,0
2026-09-25T00:30:50.819833+00:00,675.38,0,0,0,0.68,0,0,0
2026-09-25T00:32:52.924766+00:00,4288.25,0,0,1,6.66,0,1,0
2026-09-25T00:34:01.417908+00:00,1497.02,0,0,0,8.39,0,0,0
2026-09-25T00:36:17.385371+00:00,719.98,0,3,0,0.54,1,0,0
2026-09-25T00:36:44.984071+00:00,1351.02,0,0,0,1.92,0,1,0
2026-09-25T00:37:33.317518+00:00,2713.86,0,0,0,2.09,0,0,0
2026-09-25T00:38:50.518423+00:00,4208.31,0,0,0,8.12,1,0,0
2026-09-25T00:48:30.968280+00:00,19997.45,0,0,1,4.21,0,1,1
2026-09-25T00:50:17.456851+00:00,2446.22,0,0,1,3.07,0,0,0
2026-09-25T01:00:57.649631+00:00,538.71,1,0,1,2.55,1,1,1
2026-09-25T01:05:25.529806+00:00,26775.46,1,1,3,2.48,0,1,1
2026-09-25T01:06:00.352102+00:00,8511.83,1,1,1,6.48,0,0,0
2026-09-25T01:06:17.252676+00:00,3740.64,1,0,1,2.41,1,0,0
2026-09-25T01:06:53.062037+00:00,116.92,1,0,2,0.7,0,1,0
2026-09-25T01:07:39.780602+00:00,17488.31,1,0,0,3.45,0,0,1
2026-09-25T01:10:17.100257+00:00,3234.86,1,0,2,1.72,0,0,0
2026-09-25T01:12:00.831715+00:00,16800.63,1,0,2,2.23,0,0,1
2026-09-25T01:15:17.579627+00:00,17782.69,1,0,1,2.66,3,1,1
2026-09-25T01:15:46.877649+00:00,6297.42,1,0,1,1.52,0,0,0
2026-09-25T01:19:05.474136+00:00,271.07,1,0,1,5.9,0,0,0
2026-09-25T01:21:07.563027+00:00,25793.41,1,2,0,0.77,0,0,1
2026-09-25T01:24:18.012096+00:00,3095.06,1,0,1,9.56,0,0,0
2026-09-25T01:24:37.457618+00:00,5224.42,1,0,2,3.16,0,0,0
2026-09-25T01:35:21.342979+00:00,1733.24,1,0,1,3.87,0,1,1
2026-09-25T01:40:32.017017+00:00,1292.56,1,0,2,2.59,0,0,0
2026-09-25T01:40:55.417517+00:00,2051.08,1,0,3,4.53,2,0,1
2026-09-25T01:41:08.335777+00:00,568.32,1,0,0,1.1,1,0,0
2026-09-25T01:43:27.862521+00:00,15319.69,1,0,2,4.95,0,0,1
2026-09-25T01:44:57.371711+00:00,6297.56,1,1,1,2.72,0,0,0
2026-09-25T01:52:21.631704+00:00,183.81,1,1,1,5.59,0,1,1
2026-09-25T01:54:01.905751+00:00,583.37,1,0,2,10.83,0,0,0
2026-09-25T02:00:49.037257+00:00,21389.17,2,0,1,5.56,0,1,1
2026-09-25T02:02:24.740759+00:00,15398.11,2,0,1,1.13,0,0,1
2026-09-25T02:05:10.113449+00:00,18635.32,2,0,1,7.76,0,1,1
2026-09-25T02:05:51.949374+00:00,669.23,2,0,0,2.56,0,0,0
2026-09-25T02:14:29.702987+00:00,563.1,2,0,1,2.92,0,0,0
2026-09-25T02:16:11.541389+00:00,7950.43,2,0,1,3.41,0,0,0
2026-09-25T02:16:47.966301+00:00,6900.0,2,0,2,9.72,0,0,0
2026-09-25T02:22:13.723361+00:00,164.87,2,0,0,4.83,0,0,0
2026-09-25T02:26:12.097702+00:00,4518.05,2,0,0,2.63,3,0,1
2026-09-25T02:38:24.251469+00:00,3469.8,2,1,1,8.24,0,1,0
2026-09-25T02:40:15.314837+00:00,19080.53,2,2,2,6.93,0,1,1
2026-09-25T02:40:47.626160+00:00,2243.08,2,0,1,4.9,0,0,0
2026-09-25T02:43:44.700828+00:00,15271.45,2,0,0,4.97,0,1,1
2026-09-25T02:45:57.951924+00:00,203.48,2,0,0,3.44,0,1,0
2026-09-25T02:54:50.631044+00:00,914.59,2,0,2,1.64,1,0,0
2026-09-25T02:58:58.143663+00:00,1676.27,2,0,1,3.85,0,1,1
2026-09-25T03:12:47.645819+00:00,1971.79,3,0,1,11.19,1,0,0
2026-09-25T03:14:11.979226+00:00,8197.5,3,0,0,11.3,0,1,0
2026-09-25T03:14:16.108025+00:00,2687.17,3,0,2,1.27,0,0,0
2026-09-25T03:15:38.922518+00:00,207.71,3,1,0,6.56,0,0,0
2026-09-25T03:18:00.803290+00:00,1736.86,3,0,1,3.08,0,0,0
2026-09-25T03:25:42.678823+00:00,1783.82,3,0,1,2.4,1,1,0
2026-09-25T03:26:24.276501+00:00,10832.91,3,0,0,4.35,0,1,1
2026-09-25T03:26:39.104545+00:00,2985.71,3,0,1,2.47,0,0,0
2026-09-25T03:26:46.437657+00:00,3290.86,3,0,1,2.78,1,0,0
2026-09-25T03:29:15.759933+00:00,4057.3,3,3,1,5.03,0,0,1
2026-09-25T03:29:25.678730+00:00,4763.51,3,1,0,7.35,0,1,1
2026-09-25T03:30:06.296725+00:00,3285.59,3,0,2,10.41,0,1,1
2026-09-25T03:32:19.317560+00:00,926.41,3,0,0,1.28,0,0,0
2026-09-25T03:33:38.626619+00:00,6689.88,3,0,0,8.78,0,1,0
2026-09-25T03:57:48.613349+00:00,4275.09,3,3,0,8.15,0,1,1
2026-09-25T04:05:40.354688+00:00,4393.74,4,2,0,16.18,0,1,1
2026-09-25T04:06:21.992497+00:00,18208.28,4,0,3,7.15,0,0,1
2026-09-25T04:07:47.007602+00:00,5250.88,4,1,2,1.14,0,1,0
2026-09-25T04:19:15.054868+00:00,5714.33,4,0,1,4.22,0,1,1
2026-09-25T04:20:01.471815+00:00,26576.24,4,0,0,4.9,0,1,1
2026-09-25T04:22:06.999215+00:00,20506.51,4,0,0,6.76,0,0,1
2026-09-25T04:22:35.864695+00:00,18110.62,4,0,1,4.32,3,0,1
2026-09-25T04:25:02.917117+00:00,21989.09,4,1,0,2.59,0,1,1
2026-09-25T04:28:52.847999+00:00,1338.07,4,0,0,3.12,1,1,0
2026-09-25T04:31:08.603712+00:00,5912.35,4,1,2,12.6,0,0,0
2026-09-25T04:36:19.271292+00:00,23067.47,4,3,1,10.85,0,1,1
2026-09-25T04:37:46.048546+00:00,4143.6,4,1,1,5.9,0,0,0
2026-09-25T04:38:16.402058+00:00,18812.77,4,0,1,1.41,0,0,1
2026-09-25T04:41:14.427075+00:00,1020.86,4,0,2,4.39,0,0,0
2026-09-25T04:43:19.592970+00:00,4315.21,4,0,1,2.09,0,0,0
2026-09-25T04:43:41.621323+00:00,2625.23,4,1,4,4.17,3,0,1
2026-09-25T04:45:05.463062+00:00,1261.3,4,0,3,3.0,0,1,1
2026-09-25T05:03:49.081160+00:00,620.17,5,0,0,5.2,0,1,0
2026-09-25T05:04:03.007769+00:00,7299.19,5,1,1,7.97,0,0,0
2026-09-25T05:06:33.190443+00:00,2955.98,5,1,1,12.8,0,1,0
2026-09-25T05:09:47.042168+00:00,5636.29,5,2,2,6.89,0,0,0
2026-09-25T05:14:58.407011+00:00,2582.29,5,0,0,4.14,0,0,0
2026-09-25T05:18:12.432961+00:00,854.98,5,0,0,3.16,0,1,0
2026-09-25T05:20:00.885815+00:00,1377.79,5,0,1,7.38,0,0,0
2026-09-25T05:27:43.296314+00:00,1597.67,5,0,2,3.14,0,0,0
2026-09-25T05:42:44.306201+00:00,11610.42,5,0,1,1.89,0,1,0
2026-09-25T05:43:35.442449+00:00,78.08,5,0,1,3.03,0,0,0
2026-09-25T05:58:12.476259+00:00,13644.39,5,1,0,2.99,0,1,0
2026-09-25T06:02:34.991837+00:00,28000.0,6,1,4,4.84,0,0,1
2026-09-25T06:04:03.288459+00:00,28000.0,6,0,3,1.35,0,0,0
2026-09-25T06:07:07.286465+00:00,2131.64,6,0,0,8.27,0,1,0
2026-09-25T06:13:00.463983+00:00,10680.62,6,0,0,6.28,0,0,0
2026-09-25T06:13:05.620361+00:00,1671.26,6,0,0,3.36,1,1,0
2026-09-25T06:15:43.609586+00:00,145.27,6,1,1,2.48,0,0,0
2026-09-25T06:16:07.128249+00:00,872.96,6,0,0,1.9,0,0,0
2026-09-25T06:17:07.488221+00:00,9358.63,6,0,0,8.54,0,1,0
2026-09-25T06:19:49.373408+00:00,104.35,6,0,1,9.14,0,1,0
2026-09-25T06:20:35.218775+00:00,15700.23,6,2,1,15.45,0,1,1
2026-09-25T06:24:33.716024+00:00,311.56,6,1,1,3.38,0,0,0
2026-09-25T06:25:54.106669+00:00,21572.99,6,2,0,0.91,0,0,1
2026-09-25T06:27:35.384442+00:00,355.09,6,0,0,5.37,0,0,0
2026-09-25T06:27:49.457568+00:00,6340.8,6,0,3,4.83,0,0,0
2026-09-25T06:29:22.019075+00:00,2921.48,6,0,0,3.01,0,1,0
2026-09-25T06:34:02.976474+00:00,7496.4,6,0,2,9.67,2,0,0
2026-09-25T06:39:08.685451+00:00,3790.83,6,0,1,1.91,2,0,0
2026-09-25T06:40:46.179510+00:00,11392.69,6,1,1,8.24,0,0,0
2026-09-25T06:40:53.166669+00:00,2341.92,6,0,0,2.67,0,0,0
2026-09-25T06:41:12.932987+00:00,3317.84,6,0,1,2.31,1,0,0
2026-09-25T06:49:56.306765+00:00,2808.0,6,1,2,15.63,0,0,0
2026-09-25T06:57:14.200367+00:00,2178.89,6,0,2,4.45,0,0,0
2026-09-25T07:00:04.163405+00:00,6045.72,7,0,3,7.07,0,1,0
2026-09-25T07:00:56.018062+00:00,23003.57,7,0,3,8.29,0,0,0
2026-09-25T07:02:52.408801+00:00,25734.2,7,2,1,9.97,0,0,1
2026-09-25T07:03:14.602591+00:00,4999.14,7,0,2,6.78,0,0,0
2026-09-25T07:05:14.709325+00:00,738.44,7,0,2,6.62,1,1,0
2026-09-25T07:06:10.176487+00:00,3420.93,7,2,2,2.56,0,1,1
2026-09-25T07:10:50.794638+00:00,20121.35,7,0,2,1.06,0,1,1
2026-09-25T07:16:11.506030+00:00,2861.4,7,4,0,3.06,0,0,0
2026-09-25T07:30:21.940433+00:00,3680.64,7,0,2,6.1,0,1,0
2026-09-25T07:30:45.786703+00:00,18910.37,7,0,1,3.32,0,1,1
2026-09-25T07:36:00.041535+00:00,159.26,7,0,2,10.37,0,0,0
2026-09-25T07:36:00.642213+00:00,366.17,7,0,1,2.35,0,0,0
2026-09-25T07:36:47.384681+00:00,316.5,7,0,0,12.34,1,0,0
2026-09-25T07:37:18.757463+00:00,1685.91,7,0,2,2.42,2,1,0
2026-09-25T08:00:28.761750+00:00,5575.72,8,0,2,2.63,0,0,0
2026-09-25T08:03:07.783896+00:00,6006.43,8,0,0,5.56,0,1,0
2026-09-25T08:05:43.949042+00:00,4333.68,8,0,0,0.82,0,0,0
2026-09-25T08:06:23.684397+00:00,7329.9,8,1,0,2.46,0,1,0
2026-09-25T08:06:35.167205+00:00,1307.61,8,0,0,1.63,0,1,0
2026-09-25T08:11:39.897569+00:00,355.31,8,0,0,3.77,0,1,0
2026-09-25T08:15:59.491790+00:00,251.72,8,0,3,2.08,0,0,0
2026-09-25T08:16:43.205002+00:00,6176.61,8,0,0,1.95,0,0,0
2026-09-25T08:16:46.239051+00:00,4255.04,8,1,1,17.0,0,0,0
2026-09-25T08:20:51.435443+00:00,3897.98,8,1,3,7.84,0,1,0
2026-09-25T08:23:40.005121+00:00,1388.08,8,1,1,2.99,0,0,0
2026-09-25T08:24:29.001627+00:00,1589.23,8,0,0,6.25,0,1,0
2026-09-25T08:25:28.889260+00:00,10212.94,8,0,1,5.19,0,1,0
2026-09-25T08:27:02.967275+00:00,270.98,8,0,1,4.91,0,0,0
2026-09-25T08:29:48.880219+00:00,24844.04,8,0,1,5.3,0,0,0
2026-09-25T08:33:49.493944+00:00,1245.7,8,1,1,1.79,0,1,0
2026-09-25T08:34:39.475262+00:00,187.48,8,1,0,7.21,0,0,0
2026-09-25T08:35:53.906833+00:00,4402.43,8,0,3,3.1,0,1,0
2026-09-25T08:38:15.040662+00:00,1345.89,8,0,2,4.34,0,0,0
2026-09-25T08:45:54.078353+00:00,18782.75,8,0,3,8.1,0,0,0
2026-09-25T08:47:00.752848+00:00,19549.25,8,1,0,4.85,2,0,1
2026-09-25T08:47:03.748130+00:00,2508.83,8,0,2,1.06,0,0,0
2026-09-25T08:47:12.503420+00:00,4867.23,8,0,1,1.82,0,1,0
2026-09-25T08:47:43.983092+00:00,18365.69,8,1,4,2.39,0,0,0
2026-09-25T08:52:42.661384+00:00,1140.85,8,0,0,1.05,0,1,0
2026-09-25T08:55:57.902971+00:00,4299.02,8,0,1,12.63,0,0,0
2026-09-25T08:58:09.670007+00:00,2906.41,8,0,1,3.89,0,1,0
2026-09-25T09:03:11.540663+00:00,100.99,9,1,1,3.82,0,1,0
2026-09-25T09:03:23.094166+00:00,7481.32,9,0,0,8.17,0,0,0
2026-09-25T09:05:10.000674+00:00,16457.73,9,0,0,1.28,0,0,0
2026-09-25T09:10:50.561527+00:00,6555.09,9,0,2,4.1,0,0,0
2026-09-25T09:13:20.240952+00:00,6918.67,9,1,0,1.46,0,0,0
2026-09-25T09:22:51.608753+00:00,1943.93,9,1,1,8.07,0,0,0
2026-09-25T09:26:15.661315+00:00,2327.47,9,1,2,6.23,0,1,0
2026-09-25T09:31:09.124950+00:00,1779.79,9,0,0,5.37,0,1,0
2026-09-25T09:31:48.853503+00:00,1969.8,9,0,0,6.9,0,0,0
2026-09-25T09:31:50.307208+00:00,7276.63,9,0,4,2.02,0,0,0
2026-09-25T09:32:16.449207+00:00,23862.55,9,2,1,1.43,1,0,1
2026-09-25T09:38:25.353145+00:00,492.88,9,0,1,7.45,0,1,0
2026-09-25T09:38:25.667547+00:00,3075.67,9,0,0,3.36,0,0,0
2026-09-25T09:51:39.241203+00:00,17654.85,9,0,1,4.81,0,0,0
2026-09-25T09:56:19.496644+00:00,2956.73,9,1,1,14.35,0,0,0
2026-09-25T10:04:19.309444+00:00,4991.77,10,1,2,9.52,0,0,0
2026-09-25T10:05:18.043453+00:00,18839.3,10,1,0,8.71,2,1,1
2026-09-25T10:07:12.922131+00:00,1440.07,10,0,2,1.71,0,1,0
2026-09-25T10:12:13.424896+00:00,1547.92,10,3,2,2.96,0,0,0
2026-09-25T10:15:16.931360+00:00,4180.42,10,0,2,7.2,0,0,0
2026-09-25T10:25:41.048471+00:00,15698.04,10,1,2,6.71,0,0,0
2026-09-25T10:34:09.807116+00:00,2764.95,10,0,0,1.1,0,0,0
2026-09-25T10:35:20.494522+00:00,4053.42,10,0,0,1.81,0,0,0
2026-09-25T10:44:57.563296+00:00,4870.13,10,0,1,6.5,0,1,0
2026-09-25T10:45:55.795270+00:00,1073.73,10,0,1,4.62,0,0,0
2026-09-25T10:47:32.630013+00:00,19771.59,10,0,0,8.64,0,0,0
2026-09-25T10:48:33.249907+00:00,1164.07,10,0,0,0.46,0,0,0
2026-09-25T10:50:06.106300+00:00,2326.68,10,0,2,4.15,0,0,0
2026-09-25T10:50:16.992489+00:00,21637.35,10,0,0,2.85,0,0,0
2026-09-25T10:55:10.858875+00:00,2748.54,10,0,2,8.62,0,0,0
2026-09-25T10:55:41.084442+00:00,235.83,10,1,1,4.73,0,0,0
2026-09-25T10:55:51.078620+00:00,2341.09,10,1,3,2.96,0,1,0
2026-09-25T10:56:18.995455+00:00,1528.29,10,2,0,9.66,0,0,0
2026-09-25T11:00:50.030557+00:00,2508.0,11,0,0,6.22,0,0,0
2026-09-25T11:03:15.113707+00:00,1817.13,11,1,1,2.84,1,0,0
2026-09-25T11:09:14.577694+00:00,1130.05,11,1,1,4.04,0,0,0
2026-09-25T11:13:35.086542+00:00,7562.5,11,0,0,2.27,0,0,0
2026-09-25T11:16:38.222229+00:00,19826.68,11,0,0,1.57,0,1,0
2026-09-25T11:18:38.940070+00:00,23322.69,11,0,1,3.99,1,0,0
2026-09-25T11:23:20.518966+00:00,26098.71,11,0,1,8.26,0,0,1
2026-09-25T11:24:36.268889+00:00,2535.65,11,1,2,3.58,0,0,0
2026-09-25T11:25:10.099578+00:00,6750.47,11,0,0,6.55,0,1,0
2026-09-25T11:25:56.254965+00:00,486.76,11,0,0,2.01,0,1,0
2026-09-25T11:31:05.473951+00:00,2238.56,11,0,1,1.49,0,0,0
2026-09-25T11:32:32.541624+00:00,2014.22,11,0,2,2.0,0,1,0
2026-09-25T11:35:42.502633+00:00,86.09,11,0,2,0.68,0,0,0
2026-09-25T11:42:37.296852+00:00,1934.09,11,0,0,5.38,0,0,0
2026-09-25T11:49:48.747245+00:00,1533.59,11,0,2,1.73,0,0,0
2026-09-25T11:51:18.075726+00:00,3605.77,11,0,3,1.87,0,1,0
2026-09-25T12:06:52.925618+00:00,8975.05,12,0,0,5.65,0,1,0
2026-09-25T12:11:44.730871+00:00,347.03,12,2,1,2.85,0,1,1
2026-09-25T12:12:09.032921+00:00,21431.47,12,1,0,10.7,0,1,1
2026-09-25T12:13:30.010872+00:00,18912.36,12,0,0,4.88,0,0,0
2026-09-25T12:20:26.863898+00:00,2003.39,12,0,2,0.41,0,0,0
2026-09-25T12:23:15.526863+00:00,4830.59,12,0,0,1.89,0,1,0
2026-09-25T12:28:01.356732+00:00,22841.46,12,0,3,0.88,0,0,0
2026-09-25T12:28:58.055744+00:00,148.12,12,0,1,13.77,0,0,0
2026-09-25T12:38:44.945408+00:00,4022.35,12,0,1,2.1,2,0,0
2026-09-25T12:42:10.596605+00:00,6976.3,12,1,1,2.15,0,0,0
2026-09-25T12:42:30.196738+00:00,16195.64,12,0,2,3.13,1,0,0
2026-09-25T12:44:21.244587+00:00,2844.46,12,3,1,4.64,0,1,1
2026-09-25T12:48:46.213298+00:00,629.14,12,0,3,1.69,1,0,0
2026-09-25T12:48:51.646147+00:00,857.73,12,0,1,3.75,0,0,0
2026-09-25T12:56:28.155020+00:00,917.93,12,0,0,2.68,0,0,0
2026-09-25T13:00:05.782574+00:00,21336.39,13,0,0,3.17,0,1,1
2026-09-25T13:00:55.911675+00:00,8485.95,13,0,1,3.01,0,0,0
2026-09-25T13:04:53.174021+00:00,2420.62,13,2,1,6.67,0,0,0
2026-09-25T13:09:42.158335+00:00,742.61,13,0,2,10.37,0,1,0
2026-09-25T13:15:54.750450+00:00,1049.97,13,0,0,0.52,0,1,0
2026-09-25T13:23:32.644291+00:00,19741.62,13,1,2,12.81,1,0,0
2026-09-25T13:25:52.927670+00:00,3183.83,13,0,0,6.78,0,0,0
2026-09-25T13:31:07.399852+00:00,1915.61,13,0,0,2.75,0,0,0
2026-09-25T13:35:52.938809+00:00,1654.6,13,0,3,4.05,0,1,0
2026-09-25T13:36:17.673458+00:00,2721.71,13,0,4,1.81,2,0,0
2026-09-25T13:36:27.540490+00:00,945.93,13,0,3,9.49,0,0,0
2026-09-25T13:44:37.216727+00:00,323.01,13,0,4,3.93,0,1,0
2026-09-25T13:46:04.797172+00:00,139.1,13,0,2,7.59,0,0,0
2026-09-25T13:49:06.409681+00:00,985.96,13,0,0,5.53,0,1,0
2026-09-25T13:49:17.327990+00:00,367.4,13,2,1,0.76,0,0,0
2026-09-25T13:55:04.042084+00:00,19017.12,13,0,1,13.15,0,1,1
2026-09-25T13:58:51.204322+00:00,4804.04,13,0,2,6.3,0,0,0
2026-09-25T14:00:26.386619+00:00,4091.42,14,0,2,4.25,1,0,0
2026-09-25T14:05:38.545457+00:00,3080.77,14,0,0,3.12,1,1,0
2026-09-25T14:08:45.077805+00:00,6184.57,14,0,0,3.81,0,0,0
2026-09-25T14:09:01.012651+00:00,1120.42,14,0,2,4.55,0,1,0
2026-09-25T14:09:39.565192+00:00,6982.53,14,1,1,1.5,0,0,0
2026-09-25T14:09:46.097899+00:00,1690.59,14,0,0,1.12,0,1,0
2026-09-25T14:23:17.953605+00:00,1699.41,14,0,0,1.67,0,0,0
2026-09-25T14:25:05.671854+00:00,1723.31,14,1,0,5.54,1,0,0
2026-09-25T14:29:29.539303+00:00,390.39,14,0,0,3.48,1,0,0
2026-09-25T14:35:01.663205+00:00,11927.82,14,1,2,3.88,0,0,0
2026-09-25T14:40:43.966381+00:00,537.08,14,0,1,1.91,0,0,0
2026-09-25T14:45:14.084228+00:00,1393.95,14,1,3,1.87,0,1,0
2026-09-25T14:45:28.965781+00:00,1290.83,14,0,1,0.9,1,1,0
2026-09-25T14:47:56.155030+00:00,308.37,14,2,1,5.8,0,0,0
2026-09-25T14:50:30.084907+00:00,588.58,14,0,0,4.19,0,0,0
2026-09-25T14:54:12.364603+00:00,206.87,14,0,3,5.0,0,1,0
2026-09-25T14:54:24.136519+00:00,1166.82,14,0,1,12.57,1,0,0
2026-09-25T14:57:47.833605+00:00,6507.46,14,2,0,7.85,0,1,0
2026-09-25T14:59:56.955533+00:00,1386.95,14,0,1,1.78,0,1,0
2026-09-25T15:02:14.108830+00:00,482.52,15,0,0,1.44,0,0,0
2026-09-25T15:03:06.013920+00:00,3380.3,15,1,1,12.54,1,1,0
2026-09-25T15:03:27.100389+00:00,18249.59,15,0,1,4.65,0,0,0
2026-09-25T15:08:47.751941+00:00,906.04,15,0,1,2.51,0,1,0
2026-09-25T15:11:53.788827+00:00,1109.31,15,1,4,11.54,1,1,0
2026-09-25T15:21:38.806775+00:00,11484.33,15,0,2,9.72,0,1,0
2026-09-25T15:22:12.736393+00:00,690.27,15,1,2,0.67,0,0,0
2026-09-25T15:27:29.639698+00:00,2350.66,15,0,1,3.61,0,1,0
2026-09-25T15:32:54.547302+00:00,936.73,15,0,3,5.17,0,0,0
2026-09-25T15:37:48.612789+00:00,8679.0,15,0,3,4.97,0,0,0
2026-09-25T15:40:40.972358+00:00,12831.59,15,1,1,8.59,0,0,0
2026-09-25T15:41:06.212143+00:00,5454.46,15,1,0,4.74,2,0,0
2026-09-25T15:54:59.520028+00:00,20076.15,15,0,1,4.86,0,0,1
2026-09-25T15:56:12.967862+00:00,21435.63,15,0,2,4.32,0,0,0
2026-09-25T16:01:58.464178+00:00,947.92,16,0,0,1.27,0,0,0
2026-09-25T16:06:18.867161+00:00,7145.41,16,0,2,2.27,0,0,0
2026-09-25T16:08:09.925054+00:00,7931.75,16,0,1,11.29,0,0,0
2026-09-25T16:14:11.762401+00:00,1796.9,16,0,1,2.44,0,0,0
2026-09-25T16:15:53.960583+00:00,3479.73,16,1,0,13.42,1,0,0
2026-09-25T16:17:35.157902+00:00,639.16,16,1,1,1.55,0,1,0
2026-09-25T16:19:42.789311+00:00,1886.61,16,0,0,6.06,0,0,0
2026-09-25T16:26:37.571185+00:00,3254.6,16,1,1,3.36,0,1,0
2026-09-25T16:35:23.908463+00:00,21520.8,16,1,1,8.18,0,0,0
2026-09-25T16:41:19.720025+00:00,1476.14,16,3,4,5.43,0,0,1
2026-09-25T16:42:43.539792+00:00,63.2,16,0,1,1.79,0,0,0
2026-09-25T16:46:27.152999+00:00,5279.64,16,0,2,4.32,0,0,0
2026-09-25T16:47:55.399226+00:00,7104.07,16,2,1,4.1,0,0,0
2026-09-25T16:56:08.616587+00:00,11224.27,16,0,2,2.09,2,0,0
2026-09-25T16:58:58.239360+00:00,4125.17,16,0,0,7.93,0,1,0
2026-09-25T17:00:03.751891+00:00,2606.65,17,0,1,4.45,0,0,0
2026-09-25T17:01:15.015977+00:00,1063.94,17,0,3,1.67,0,0,0
2026-09-25T17:03:56.572740+00:00,23303.78,17,0,1,3.25,0,0,0
2026-09-25T17:05:31.720431+00:00,2911.19,17,1,1,2.33,0,1,0
2026-09-25T17:06:50.127092+00:00,3717.75,17,0,1,3.95,0,0,0
2026-09-25T17:09:28.980486+00:00,18133.39,17,0,0,2.22,0,0,0
2026-09-25T17:19:48.059019+00:00,6031.06,17,0,1,0.47,0,0,0
2026-09-25T17:20:56.044958+00:00,14667.39,17,0,0,1.95,0,0,0
2026-09-25T17:41:44.655567+00:00,856.09,17,0,0,2.88,0,0,0
2026-09-25T17:42:58.021545+00:00,3564.7,17,2,1,4.45,0,1,0
2026-09-25T17:45:11.082692+00:00,7276.59,17,0,2,12.56,0,0,0
2026-09-25T17:52:53.937611+00:00,3760.03,17,0,1,2.41,0,0,0
2026-09-25T17:54:34.153222+00:00,1767.42,17,1,1,6.92,0,0,0
2026-09-25T17:56:56.983961+00:00,14625.24,17,0,0,3.71,0,1,0
2026-09-25T17:58:54.329481+00:00,4345.48,17,0,1,1.68,0,0,0
2026-09-25T18:00:27.263118+00:00,4385.91,18,0,3,4.35,0,1,0
2026-09-25T18:02:53.433232+00:00,3049.1,18,0,2,11.16,0,1,0
2026-09-25T18:03:07.331719+00:00,1162.59,18,0,1,3.9,0,0,0
2026-09-25T18:03:10.915320+00:00,8355.47,18,1,2,5.46,0,1,0
2026-09-25T18:20:58.808997+00:00,2628.62,18,0,1,1.38,1,1,0
2026-09-25T18:24:03.935991+00:00,5061.58,18,0,1,4.54,0,0,0
2026-09-25T18:26:39.046126+00:00,831.81,18,0,1,2.1,0,1,0
2026-09-25T18:31:04.081131+00:00,1409.3,18,0,1,5.86,0,0,0
2026-09-25T18:32:58.046549+00:00,6703.47,18,1,2,0.68,0,1,0
2026-09-25T18:34:17.709732+00:00,224.5,18,0,1,1.81,0,1,0
2026-09-25T18:41:23.403479+00:00,16412.62,18,0,1,5.66,0,1,1
2026-09-25T18:49:27.316329+00:00,2163.08,18,0,2,6.28,0,0,0
2026-09-25T18:56:53.536775+00:00,4511.93,18,4,1,2.69,0,1,1
2026-09-25T19:00:28.374677+00:00,1119.64,19,0,1,7.14,0,0,0
2026-09-25T19:01:02.199528+00:00,851.25,19,0,2,2.14,0,0,0
2026-09-25T19:16:45.380561+00:00,8397.56,19,0,1,5.58,0,1,0
2026-09-25T19:18:24.330436+00:00,2773.45,19,3,1,4.76,0,1,1
2026-09-25T19:24:11.136150+00:00,413.87,19,0,3,0.88,0,1,0
2026-09-25T19:26:02.303094+00:00,746.32,19,0,0,14.68,0,0,0
2026-09-25T19:31:19.218912+00:00,21651.65,19,0,3,8.94,0,0,1
2026-09-25T19:42:13.403028+00:00,756.54,19,0,1,5.65,0,0,0
2026-09-25T19:48:35.762845+00:00,3077.05,19,0,1,15.38,0,1,0
2026-09-25T19:51:04.079615+00:00,1803.83,19,0,0,7.81,1,1,0
2026-09-25T19:54:32.020082+00:00,6997.75,19,0,1,2.16,0,0,0
2026-09-25T20:00:56.756553+00:00,4562.99,20,1,1,7.72,1,0,0
2026-09-25T20:02:09.094512+00:00,2967.83,20,1,1,4.66,0,1,0
2026-09-25T20:05:11.511563+00:00,94.55,20,0,1,7.71,0,1,0
2026-09-25T20:09:36.483550+00:00,21950.45,20,1,0,10.16,0,1,1
2026-09-25T20:10:57.151902+00:00,1942.2,20,0,1,5.94,0,0,0
2026-09-25T20:11:03.387608+00:00,8642.58,20,0,0,6.45,1,1,0
2026-09-25T20:12:10.783807+00:00,2249.65,20,0,1,6.16,0,0,0
2026-09-25T20:12:58.473314+00:00,3851.69,20,0,2,6.01,0,1,0
2026-09-25T20:14:33.695712+00:00,19058.08,20,0,1,2.16,1,1,1
2026-09-25T20:17:06.642766+00:00,4434.68,20,0,2,3.08,0,1,0
2026-09-25T20:19:20.740994+00:00,1379.95,20,0,1,0.68,1,0,0
2026-09-25T20:19:52.173822+00:00,1445.2,20,0,0,10.16,0,0,0
2026-09-25T20:25:47.465947+00:00,17270.32,20,0,2,6.22,0,0,0
2026-09-25T20:28:32.235147+00:00,19631.48,20,1,2,5.42,0,0,0
2026-09-25T20:29:04.737221+00:00,717.6,20,2,1,4.22,0,1,1
2026-09-25T20:36:28.669538+00:00,1332.97,20,3,0,11.07,0,0,0
2026-09-25T20:37:58.277011+00:00,7181.11,20,1,1,4.62,0,0,0
2026-09-25T20:39:36.639616+00:00,1529.69,20,3,0,3.91,1,1,1
2026-09-25T20:43:24.097361+00:00,4183.74,20,0,5,2.5,1,0,0
2026-09-25T20:44:06.364927+00:00,336.39,20,2,0,0.66,0,0,0
2026-09-25T20:46:55.187592+00:00,2921.7,20,0,0,6.36,1,1,0
2026-09-25T20:48:03.596173+00:00,2164.22,20,1,1,1.59,1,0,0
2026-09-25T20:49:10.561229+00:00,12267.37,20,0,2,8.12,0,1,0
2026-09-25T20:52:21.119377+00:00,6050.89,20,0,1,2.71,0,0,0
2026-09-25T20:55:49.455927+00:00,18893.59,20,2,1,1.14,0,1,1
2026-09-25T20:57:33.808019+00:00,4835.33,20,0,2,3.14,0,1,0
2026-09-25T20:58:32.985952+00:00,746.33,20,0,2,2.84,0,0,0
2026-09-25T21:02:35.252959+00:00,2704.17,21,0,2,7.1,0,0,0
2026-09-25T21:02:37.428592+00:00,308.16,21,0,0,4.29,1,1,0
2026-09-25T21:03:04.124909+00:00,1429.11,21,1,1,1.33,0,0,0
2026-09-25T21:03:52.870791+00:00,879.22,21,0,2,1.87,1,0,0
2026-09-25T21:07:38.722186+00:00,4121.06,21,0,2,0.81,0,0,0
2026-09-25T21:09:13.360292+00:00,2215.27,21,1,1,3.54,1,0,0
2026-09-25T21:11:22.282406+00:00,4509.87,21,1,1,6.6,0,1,0
2026-09-25T21:13:39.427115+00:00,2377.49,21,0,0,5.94,0,0,0
2026-09-25T21:20:09.321769+00:00,349.46,21,1,1,4.99,0,0,0
2026-09-25T21:24:00.238033+00:00,21758.9,21,0,1,0.53,1,1,0
2026-09-25T21:32:04.763886+00:00,5791.63,21,0,2,2.58,0,0,0
2026-09-25T21:40:14.965337+00:00,7543.31,21,1,0,14.67,0,0,0
2026-09-25T21:42:23.323094+00:00,2775.56,21,1,1,7.38,1,1,0
2026-09-25T21:43:59.487726+00:00,4542.37,21,0,1,7.83,0,1,0
2026-09-25T21:47:35.124974+00:00,4522.42,21,0,1,2.84,0,0,0
2026-09-25T21:48:05.026103+00:00,601.78,21,0,4,10.83,0,1,0
2026-09-25T21:51:29.018805+00:00,634.05,21,1,1,3.5,0,1,0
2026-09-25T21:53:34.394316+00:00,295.27,21,1,0,1.38,0,0,0
2026-09-25T21:54:29.605521+00:00,1293.71,21,0,0,1.32,0,0,0
2026-09-25T22:00:52.657187+00:00,2112.86,22,0,1,5.14,0,0,0
2026-09-25T22:06:03.648383+00:00,28000.0,22,0,0,14.52,2,0,1
2026-09-25T22:11:11.153146+00:00,1864.36,22,1,2,2.13,0,1,0
2026-09-25T22:15:38.855456+00:00,4205.64,22,0,0,9.94,0,0,0
2026-09-25T22:24:59.926968+00:00,3843.05,22,0,1,3.7,2,1,1
2026-09-25T22:25:02.198820+00:00,792.04,22,0,2,15.6,0,0,0
2026-09-25T22:26:22.869205+00:00,19465.39,22,0,2,5.52,0,1,0
2026-09-25T22:33:15.730018+00:00,2586.95,22,0,1,11.5,0,0,0
2026-09-25T22:33:29.911027+00:00,3915.97,22,0,0,5.88,0,0,0
2026-09-25T22:34:00.317830+00:00,20377.32,22,0,3,4.74,0,0,0
2026-09-25T22:34:04.254155+00:00,1481.18,22,1,0,2.82,0,1,0
2026-09-25T22:35:25.800349+00:00,7314.0,22,0,1,1.78,0,0,0
2026-09-25T22:42:29.158302+00:00,1599.7,22,0,0,3.57,0,0,0
2026-09-25T22:49:38.426293+00:00,3801.72,22,0,0,2.38,0,0,0
2026-09-25T22:50:14.713747+00:00,2978.18,22,0,0,6.28,0,0,0
2026-09-25T22:50:41.933226+00:00,234.19,22,0,0,3.28,0,0,0
2026-09-25T22:51:19.392549+00:00,321.22,22,0,0,1.44,0,1,0
2026-09-25T23:00:09.665443+00:00,19192.16,23,2,1,5.16,0,0,1
2026-09-25T23:05:43.141378+00:00,1542.75,23,1,1,0.49,0,0,0
2026-09-25T23:07:55.779768+00:00,4442.84,23,1,1,3.8,0,0,0
2026-09-25T23:12:40.032046+00:00,16127.39,23,0,3,10.8,0,0,0
2026-09-25T23:13:59.006422+00:00,3039.3,23,1,0,2.35,0,0,0
2026-09-25T23:14:47.769752+00:00,1150.69,23,0,1,2.6,0,1,0
2026-09-25T23:16:06.240868+00:00,5162.44,23,0,0,3.32,0,0,0
2026-09-25T23:29:18.070030+00:00,5184.64,23,0,1,9.2,0,0,0
2026-09-25T23:34:29.127072+00:00,4839.2,23,0,1,6.38,0,0,0
2026-09-25T23:37:31.952379+00:00,2441.09,23,0,2,1.28,0,0,0
2026-09-25T23:39:32.660120+00:00,1131.57,23,1,4,5.09,0,0,0
2026-09-25T23:45:09.513286+00:00,5364.99,23,0,1,11.09,0,1,0
2026-09-25T23:47:25.896202+00:00,718.94,23,0,1,9.77,0,0,0
2026-09-25T23:50:06.065987+00:00,1154.89,23,0,1,2.82,0,0,0
2026-09-25T23:52:13.082220+00:00,710.49,23,0,4,2.29,1,1,0
2026-09-25T23:53:34.824677+00:00,3648.81,23,2,1,10.43,0,0,0
2026-09-25T23:53:54.626185+00:00,3769.17,23,0,0,4.66,0,1,0
2026-09-25T23:54:58.603201+00:00,3442.46,23,0,1,1.32,0,1,0
2026-09-26T00:02:13.162184+00:00,17407.58,0,0,0,5.77,0,1,1
2026-09-26T00:04:44.394633+00:00,397.76,0,3,2,12.0,2,0,1
2026-09-26T00:07:50.316788+00:00,22564.74,0,0,1,7.4,0,0,0
2026-09-26T00:15:26.852289+00:00,2327.94,0,1,0,5.08,0,1,0
2026-09-26T00:21:31.081312+00:00,1732.04,0,0,0,5.52,0,1,0
2026-09-26T00:24:56.728169+00:00,2903.96,0,0,2,11.24,1,0,0
2026-09-26T00:28:17.461641+00:00,745.35,0,0,0,7.81,0,1,0
2026-09-26T00:37:41.187794+00:00,515.03,0,0,2,1.2,0,1,0
2026-09-26T00:38:13.919660+00:00,1724.25,0,0,0,1.36,0,0,0
2026-09-26T00:38:42.977970+00:00,884.84,0,0,2,9.32,0,0,0
2026-09-26T00:45:37.488266+00:00,956.31,0,0,1,5.26,0,0,0
2026-09-26T00:47:15.211477+00:00,7197.19,0,0,2,17.86,0,0,0
2026-09-26T00:54:48.116444+00:00,2481.25,0,0,3,2.13,0,1,0
2026-09-26T00:59:11.500901+00:00,2173.98,0,0,0,6.15,0,1,0
2026-09-26T01:05:03.363918+00:00,23313.14,1,1,0,5.5,0,0,1
2026-09-26T01:06:56.622671+00:00,9746.99,1,0,1,7.5,0,0,0
2026-09-26T01:13:48.902967+00:00,440.82,1,0,0,14.87,0,1,1
2026-09-26T01:17:25.431755+00:00,5797.5,1,0,4,2.52,0,1,1
2026-09-26T01:18:46.866245+00:00,2866.77,1,0,0,6.9,0,1,0
2026-09-26T01:19:15.231536+00:00,565.66,1,0,1,1.74,2,0,1
2026-09-26T01:25:10.488919+00:00,1188.35,1,0,0,5.14,0,0,0
2026-09-26T01:33:13.847701+00:00,21143.18,1,1,1,14.26,0,1,1
2026-09-26T01:33:43.772788+00:00,3819.96,1,3,1,2.33,2,1,1
2026-09-26T01:34:24.977614+00:00,949.19,1,0,0,12.79,0,1,0
2026-09-26T01:36:56.737449+00:00,2509.46,1,0,2,2.74,0,1,1
2026-09-26T01:43:36.145454+00:00,3753.25,1,0,1,7.96,0,0,0
2026-09-26T01:50:14.552909+00:00,19838.94,1,0,1,0.12,0,1,1
2026-09-26T01:58:21.256048+00:00,21332.06,1,0,0,4.88,0,0,1
2026-09-26T02:00:22.037220+00:00,20950.25,2,1,2,0.38,0,1,1
2026-09-26T02:06:12.281711+00:00,2095.79,2,0,4,2.54,2,0,1
2026-09-26T02:06:36.420832+00:00,25011.5,2,0,0,8.01,0,1,1
2026-09-26T02:12:44.632898+00:00,311.5,2,0,0,3.24,0,0,0
2026-09-26T02:22:06.671209+00:00,70.78,2,1,0,2.66,0,1,1
2026-09-26T02:29:24.530238+00:00,1593.17,2,0,2,4.29,0,0,0
2026-09-26T02:32:20.197741+00:00,3000.92,2,0,2,2.47,0,1,1
2026-09-26T02:32:21.886676+00:00,3234.7,2,0,0,4.73,0,0,0
2026-09-26T02:34:13.196422+00:00,2130.77,2,0,0,8.73,1,0,0
2026-09-26T02:35:56.542999+00:00,486.87,2,0,0,4.02,0,0,1
2026-09-26T02:39:38.382153+00:00,658.17,2,0,2,4.38,0,0,0
2026-09-26T02:40:19.443104+00:00,6176.94,2,0,0,6.39,0,1,1
2026-09-26T02:47:19.860927+00:00,6537.7,2,1,2,12.92,0,0,0
2026-09-26T02:49:35.747372+00:00,3645.75,2,0,3,6.8,0,0,1
2026-09-26T02:51:16.014651+00:00,3552.14,2,0,0,5.21,0,0,0
2026-09-26T02:52:17.406568+00:00,16338.53,2,0,1,5.54,0,0,1
2026-09-26T03:10:44.386911+00:00,785.78,3,0,1,0.33,0,0,0
2026-09-26T03:11:30.694853+00:00,1848.97,3,1,1,4.24,0,0,0
2026-09-26T03:12:32.065523+00:00,3869.22,3,0,3,1.4,0,1,1
2026-09-26T03:16:13.665283+00:00,2525.83,3,0,2,16.11,0,0,0
2026-09-26T03:16:26.449383+00:00,120.02,3,0,2,1.73,0,0,0
2026-09-26T03:26:11.299627+00:00,9882.48,3,1,2,1.57,0,1,0
2026-09-26T03:28:34.226933+00:00,6022.06,3,0,0,5.6,0,0,0
2026-09-26T03:30:04.542340+00:00,1025.89,3,0,0,1.86,0,0,0
2026-09-26T03:46:54.329876+00:00,3126.59,3,0,1,2.95,0,0,0
2026-09-26T03:49:03.718164+00:00,8274.6,3,0,2,5.66,0,0,0
2026-09-26T03:50:14.477954+00:00,14880.09,3,1,1,3.95,0,0,0
2026-09-26T03:54:08.386363+00:00,2297.52,3,0,3,3.84,0,1,1
2026-09-26T03:54:46.138831+00:00,2009.61,3,0,1,1.47,0,1,0
2026-09-26T03:59:50.367013+00:00,1749.54,3,0,0,1.39,0,0,0
2026-09-26T03:59:57.889499+00:00,5837.23,3,0,1,2.55,0,1,0
2026-09-26T04:03:10.898413+00:00,1593.05,4,0,2,5.44,0,1,1
2026-09-26T04:05:24.362916+00:00,270.5,4,1,1,3.38,0,1,1
2026-09-26T04:05:38.833677+00:00,277.94,4,0,3,3.54,1,1,1
2026-09-26T04:13:15.819216+00:00,199.79,4,0,2,2.17,1,0,0
2026-09-26T04:16:10.623120+00:00,1743.79,4,0,0,4.27,1,1,0
2026-09-26T04:16:21.626689+00:00,17919.59,4,4,1,2.0,0,0,1
2026-09-26T04:19:14.082786+00:00,788.98,4,0,1,2.67,1,1,0
2026-09-26T04:20:56.837694+00:00,3387.3,4,0,1,6.89,2,1,1
2026-09-26T04:25:45.341766+00:00,3777.87,4,1,0,7.61,2,0,1
2026-09-26T04:25:58.135058+00:00,18451.72,4,0,2,0.89,0,0,1
2026-09-26T04:27:54.270155+00:00,2996.59,4,0,0,3.47,0,0,0
2026-09-26T04:28:06.057804+00:00,3755.25,4,0,2,5.27,0,1,0
2026-09-26T04:30:13.001951+00:00,17935.95,4,0,2,7.91,0,0,1
2026-09-26T04:31:51.775087+00:00,1373.77,4,0,1,13.76,0,0,0
2026-09-26T04:35:34.325549+00:00,19708.7,4,1,1,2.32,0,1,1
2026-09-26T04:36:13.444438+00:00,12251.32,4,0,2,8.63,1,1,0
2026-09-26T04:36:38.230370+00:00,1841.1,4,0,2,3.62,2,0,1
2026-09-26T04:41:26.034179+00:00,19403.4,4,0,1,1.42,0,1,1
2026-09-26T04:50:52.978914+00:00,2057.18,4,0,0,1.71,0,0,0
2026-09-26T04:54:43.292898+00:00,313.69,4,1,0,5.09,0,1,0
2026-09-26T04:57:52.166366+00:00,2637.8,4,0,4,1.16,0,0,1
2026-09-26T05:04:53.413149+00:00,1335.31,5,1,1,1.56,1,0,0
2026-09-26T05:05:13.050553+00:00,474.24,5,1,2,11.38,0,0,0
2026-09-26T05:12:58.095673+00:00,20341.9,5,1,1,2.95,1,1,0
2026-09-26T05:15:42.267759+00:00,70.85,5,0,1,7.77,2,0,0
2026-09-26T05:22:53.467292+00:00,1704.18,5,0,0,3.07,0,1,0
2026-09-26T05:26:49.365610+00:00,417.61,5,0,0,1.74,0,0,0
2026-09-26T05:34:33.657989+00:00,138.7,5,0,0,3.66,0,0,0
2026-09-26T05:36:48.027125+00:00,5627.92,5,0,1,1.91,0,0,0
2026-09-26T05:49:32.679759+00:00,26181.31,5,0,2,11.57,0,0,0
2026-09-26T05:50:09.953592+00:00,15891.76,5,2,0,10.93,0,0,1
2026-09-26T05:53:51.953126+00:00,2540.01,5,0,1,12.92,0,0,0
2026-09-26T05:56:16.304918+00:00,1102.15,5,0,1,7.02,1,0,0
2026-09-26T05:56:41.157620+00:00,21714.24,5,0,1,2.1,0,0,0
2026-09-26T05:59:47.081948+00:00,1896.23,5,0,1,5.0,0,0,0
2026-09-26T06:04:42.542138+00:00,1062.92,6,0,2,10.42,0,0,0
2026-09-26T06:08:13.405823+00:00,3916.91,6,0,2,4.93,1,0,0
2026-09-26T06:08:17.490359+00:00,492.76,6,0,2,4.25,0,0,0
2026-09-26T06:09:27.704139+00:00,234.51,6,0,1,0.85,0,1,0
2026-09-26T06:09:51.138620+00:00,4730.78,6,0,1,2.41,0,0,0
2026-09-26T06:10:42.559441+00:00,3568.5,6,0,1,1.24,1,1,0
2026-09-26T06:21:03.168801+00:00,2268.65,6,0,1,7.81,0,1,0
2026-09-26T06:22:03.386640+00:00,2078.29,6,0,1,7.77,0,0,0
2026-09-26T06:31:06.159467+00:00,2261.55,6,0,0,8.43,0,0,0
2026-09-26T06:37:22.611305+00:00,1898.46,6,0,1,7.65,0,0,0
2026-09-26T06:44:01.580511+00:00,1656.96,6,0,0,0.51,1,0,0
2026-09-26T06:48:22.542371+00:00,2276.09,6,1,0,1.96,1,1,0
2026-09-26T06:52:42.583918+00:00,2465.98,6,0,2,8.66,0,0,0
2026-09-26T06:52:48.107605+00:00,3827.48,6,0,0,5.56,0,0,0
2026-09-26T06:53:53.657307+00:00,24376.22,6,2,0,1.27,0,0,1
2026-09-26T06:54:33.774261+00:00,1577.5,6,0,2,10.05,0,0,0
2026-09-26T06:56:52.249829+00:00,1767.69,6,0,1,7.57,0,1,0
2026-09-26T06:59:24.318377+00:00,1557.35,6,2,2,5.8,0,0,0
2026-09-26T07:05:03.288578+00:00,2520.88,7,0,0,4.95,0,0,0
2026-09-26T07:08:45.928288+00:00,1992.65,7,3,0,2.48,2,0,1
2026-09-26T07:10:50.441264+00:00,7111.56,7,0,1,6.25,1,1,0
2026-09-26T07:15:31.181614+00:00,3874.13,7,0,1,7.54,0,0,0
2026-09-26T07:18:39.738305+00:00,7385.56,7,0,0,4.76,0,0,0
2026-09-26T07:22:31.697888+00:00,19539.2,7,0,1,5.27,0,1,1
2026-09-26T07:24:33.979946+00:00,11388.6,7,0,3,2.53,2,0,0
2026-09-26T07:28:13.036409+00:00,3291.61,7,1,2,1.74,0,0,0
2026-09-26T07:41:14.608969+00:00,10657.82,7,0,1,7.48,0,1,0
2026-09-26T08:00:07.505579+00:00,610.97,8,1,1,4.75,0,0,0
2026-09-26T08:06:22.892034+00:00,232.5,8,0,1,6.48,0,0,0
2026-09-26T08:06:54.231442+00:00,2829.34,8,1,0,6.6,0,0,0
2026-09-26T08:10:26.494403+00:00,26329.27,8,0,1,5.59,0,1,1
2026-09-26T08:13:04.745830+00:00,1789.94,8,0,1,1.95,0,0,0
2026-09-26T08:17:54.835631+00:00,822.6,8,0,2,2.99,0,0,0
2026-09-26T08:18:24.957033+00:00,2418.99,8,0,2,12.55,0,1,0
2026-09-26T08:25:38.870594+00:00,3408.47,8,0,2,5.98,0,0,0
2026-09-26T08:47:01.834267+00:00,1271.51,8,0,1,3.66,0,0,0
2026-09-26T08:48:49.660575+00:00,4074.26,8,0,2,7.0,0,0,0
2026-09-26T08:55:45.724180+00:00,11879.1,8,0,1,4.89,0,1,0
2026-09-26T09:04:14.686815+00:00,7332.54,9,0,1,1.28,0,0,0
2026-09-26T09:05:29.253944+00:00,1163.12,9,0,1,5.8,0,1,0
2026-09-26T09:05:48.048449+00:00,1325.92,9,0,0,8.24,1,0,0
2026-09-26T09:11:29.908383+00:00,1546.35,9,0,2,7.31,1,0,0
2026-09-26T09:15:36.255117+00:00,1665.72,9,1,0,4.63,0,0,0
2026-09-26T09:20:37.160301+00:00,20591.52,9,0,2,6.77,0,0,0
2026-09-26T09:22:42.691154+00:00,4653.05,9,1,1,3.76,0,1,0
2026-09-26T09:26:38.001456+00:00,1514.93,9,1,1,2.59,2,0,0
2026-09-26T09:26:54.977103+00:00,6840.05,9,0,3,8.14,0,1,0
2026-09-26T09:28:23.053199+00:00,8432.74,9,2,1,9.48,1,1,0
2026-09-26T09:31:50.533109+00:00,139.15,9,0,1,1.02,4,1,1
2026-09-26T09:34:30.017063+00:00,14350.16,9,1,0,6.15,0,0,0
2026-09-26T09:49:18.389239+00:00,4021.45,9,0,1,13.82,0,0,0
2026-09-26T09:49:54.968040+00:00,2411.32,9,0,1,4.85,1,0,0
2026-09-26T09:52:45.558729+00:00,22027.66,9,0,1,5.49,2,0,1
2026-09-26T09:53:09.886407+00:00,2398.84,9,1,1,1.04,0,0,0
2026-09-26T09:54:54.389292+00:00,1315.96,9,0,2,5.19,0,0,0
2026-09-26T09:57:18.793363+00:00,3178.98,9,0,1,0.35,0,0,0
2026-09-26T09:59:50.910422+00:00,372.29,9,0,2,1.2,0,1,0
2026-09-26T10:01:37.200935+00:00,3165.74,10,1,2,3.38,0,0,0
2026-09-26T10:03:31.540173+00:00,1090.59,10,0,5,2.38,0,0,0
2026-09-26T10:10:05.481773+00:00,116.93,10,0,0,5.39,0,1,0
2026-09-26T10:12:41.379456+00:00,2634.52,10,0,0,2.91,0,1,0
2026-09-26T10:16:05.081810+00:00,2824.2,10,0,3,4.43,0,0,0
2026-09-26T10:16:54.101296+00:00,1839.58,10,0,0,7.98,0,0,0
2026-09-26T10:20:22.731735+00:00,13707.67,10,1,1,1.46,0,1,0
2026-09-26T10:23:20.352434+00:00,7222.04,10,2,2,15.7,0,0,0
2026-09-26T10:25:23.115770+00:00,3084.91,10,0,1,1.46,0,1,0
2026-09-26T10:29:26.121735+00:00,453.52,10,2,2,3.85,0,0,0
2026-09-26T10:35:44.349819+00:00,2348.8,10,2,4,4.22,0,0,1
2026-09-26T10:44:54.408364+00:00,2260.55,10,1,1,6.87,0,1,0
2026-09-26T10:45:40.175376+00:00,259.37,10,1,0,5.21,0,0,0
2026-09-26T10:45:58.266644+00:00,3047.48,10,0,0,1.47,1,1,0
2026-09-26T10:46:10.036719+00:00,5346.28,10,0,2,4.18,0,0,0
2026-09-26T10:47:19.501618+00:00,4483.47,10,0,0,10.08,0,1,0
2026-09-26T10:49:25.263496+00:00,785.96,10,0,2,8.59,0,0,0
2026-09-26T11:06:58.414827+00:00,19444.05,11,2,2,3.51,1,1,1
2026-09-26T11:10:29.680005+00:00,1402.0,11,0,2,2.8,1,0,0
2026-09-26T11:13:03.189773+00:00,9430.34,11,1,1,5.87,0,0,0
2026-09-26T11:18:22.455407+00:00,298.25,11,0,0,7.01,0,0,0
2026-09-26T11:19:28.738573+00:00,2191.0,11,0,2,1.89,0,1,0
2026-09-26T11:27:48.768822+00:00,2969.21,11,0,0,6.26,1,0,0
2026-09-26T11:32:01.020847+00:00,970.57,11,0,1,9.74,0,0,0
2026-09-26T11:33:35.177803+00:00,4782.22,11,0,0,6.35,1,0,0
2026-09-26T11:33:44.777344+00:00,3214.87,11,0,0,4.48,0,0,0
2026-09-26T11:35:50.806552+00:00,118.48,11,0,0,7.31,0,1,0
2026-09-26T11:37:42.168700+00:00,3059.79,11,1,1,1.93,0,0,0
2026-09-26T11:44:10.134690+00:00,2223.99,11,0,0,1.82,0,0,0
2026-09-26T11:46:55.490069+00:00,758.22,11,1,2,5.02,1,0,0
2026-09-26T11:53:31.248301+00:00,17533.34,11,0,2,5.98,1,0,0
2026-09-26T11:54:50.205259+00:00,26869.97,11,0,1,7.33,1,0,0
2026-09-26T11:56:00.208304+00:00,1167.29,11,0,1,4.86,0,0,0
2026-09-26T12:08:49.533998+00:00,2552.35,12,1,1,2.68,0,0,0
2026-09-26T12:09:55.036935+00:00,1277.7,12,0,3,2.76,0,0,0
2026-09-26T12:10:24.787946+00:00,4840.35,12,0,1,4.96,0,1,0
2026-09-26T12:13:41.462250+00:00,8584.82,12,0,1,6.13,0,1,0
2026-09-26T12:14:42.217194+00:00,1482.27,12,1,0,0.74,0,1,0
2026-09-26T12:16:52.544082+00:00,5300.82,12,0,2,2.89,0,0,0
2026-09-26T12:27:24.368540+00:00,2267.9,12,0,2,1.67,0,0,0
2026-09-26T12:28:23.225365+00:00,1676.45,12,0,2,3.55,2,0,0
2026-09-26T12:30:21.901213+00:00,8979.83,12,0,1,0.52,3,0,0
2026-09-26T12:31:11.327306+00:00,2345.36,12,0,2,6.51,0,0,0
2026-09-26T12:32:55.294423+00:00,2076.01,12,0,1,6.02,0,0,0
2026-09-26T12:35:51.208090+00:00,3631.41,12,0,1,2.68,0,0,0
2026-09-26T12:41:19.543615+00:00,1028.88,12,0,0,10.68,0,0,0
2026-09-26T12:44:00.404440+00:00,1316.75,12,0,1,0.47,0,1,0
2026-09-26T12:45:38.446884+00:00,8664.55,12,0,0,0.34,0,1,0
2026-09-26T12:46:57.232359+00:00,3691.52,12,1,0,1.26,0,1,0
2026-09-26T12:52:14.664990+00:00,5667.58,12,0,1,4.5,1,0,0
2026-09-26T12:55:56.979026+00:00,1071.95,12,0,0,4.36,0,0,0
2026-09-26T12:56:26.977879+00:00,2571.37,12,1,1,2.81,0,1,0
2026-09-26T13:00:32.842156+00:00,11433.5,13,0,1,4.97,1,1,0
2026-09-26T13:01:00.451340+00:00,1288.03,13,0,2,4.63,0,0,0
2026-09-26T13:02:01.721266+00:00,619.75,13,0,4,3.46,1,1,0
2026-09-26T13:06:09.031722+00:00,2348.51,13,0,1,3.83,0,0,0
2026-09-26T13:17:30.700664+00:00,1630.34,13,0,2,3.67,0,0,0
2026-09-26T13:21:28.654062+00:00,616.32,13,1,0,2.61,0,1,0
2026-09-26T13:21:43.269215+00:00,7081.41,13,0,1,6.16,0,0,0
2026-09-26T13:23:56.410950+00:00,15037.01,13,0,1,2.1,0,1,1
2026-09-26T13:27:14.328664+00:00,2750.17,13,2,1,6.99,0,0,0
2026-09-26T13:30:57.331064+00:00,4828.7,13,0,0,5.8,0,0,0
2026-09-26T13:33:11.128814+00:00,6329.66,13,0,0,0.24,0,1,0
2026-09-26T13:45:01.220634+00:00,3923.2,13,0,2,14.83,0,1,0
2026-09-26T13:50:21.223567+00:00,15616.22,13,2,1,2.16,0,0,1
2026-09-26T13:54:12.935065+00:00,608.93,13,0,2,6.37,0,0,0
2026-09-26T13:56:55.511191+00:00,295.63,13,0,1,4.46,0,1,0
2026-09-26T14:02:06.164919+00:00,20408.43,14,0,3,11.92,2,1,1
2026-09-26T14:07:49.811713+00:00,1228.89,14,0,1,0.53,2,0,0
2026-09-26T14:09:46.662742+00:00,1654.13,14,0,2,6.63,0,1,0
2026-09-26T14:17:57.274480+00:00,942.54,14,0,3,9.11,0,1,0
2026-09-26T14:18:25.733682+00:00,273.72,14,0,0,9.43,0,0,0
2026-09-26T14:22:38.172631+00:00,2475.14,14,3,0,2.91,0,0,0
2026-09-26T14:23:28.956697+00:00,1081.66,14,1,3,3.63,0,0,0
2026-09-26T14:31:49.937023+00:00,19881.36,14,1,1,9.72,1,0,0
2026-09-26T14:34:56.066485+00:00,85.87,14,0,0,18.23,0,0,0
2026-09-26T14:39:33.540571+00:00,5975.21,14,0,1,7.65,0,1,0
2026-09-26T14:40:36.503774+00:00,9966.03,14,0,1,4.8,0,0,0
2026-09-26T14:41:37.377594+00:00,4089.62,14,0,2,2.39,1,1,0
2026-09-26T14:43:22.543382+00:00,4293.35,14,0,1,8.26,0,0,0
2026-09-26T14:44:15.627940+00:00,28000.0,14,0,2,9.83,0,0,0
2026-09-26T14:50:35.484109+00:00,810.55,14,0,0,5.07,0,0,0
2026-09-26T14:52:19.846372+00:00,16748.0,14,0,0,9.21,0,0,0
2026-09-26T14:53:35.892838+00:00,4811.77,14,0,0,2.54,0,1,0
2026-09-26T14:58:07.528569+00:00,4209.48,14,0,2,3.28,0,0,0
2026-09-26T15:00:01.567726+00:00,1493.58,15,1,2,6.93,0,0,0
2026-09-26T15:00:32.902870+00:00,2585.34,15,0,4,8.79,0,0,0
2026-09-26T15:02:47.413941+00:00,17004.61,15,2,1,1.8,0,1,1
2026-09-26T15:02:47.871840+00:00,3159.16,15,1,0,10.44,0,0,0
2026-09-26T15:03:35.233549+00:00,3966.33,15,0,0,6.53,0,1,0
2026-09-26T15:17:12.273057+00:00,335.12,15,3,0,3.46,0,1,1
2026-09-26T15:17:41.144100+00:00,1466.43,15,0,4,3.81,0,0,0
2026-09-26T15:20:22.429466+00:00,1881.32,15,0,1,4.65,0,0,0
2026-09-26T15:22:48.455709+00:00,16111.35,15,1,4,4.38,0,0,1
2026-09-26T15:27:38.817927+00:00,666.4,15,0,0,7.32,0,1,0
2026-09-26T15:30:05.254677+00:00,538.64,15,0,3,4.98,0,0,0
2026-09-26T15:35:42.498426+00:00,22305.23,15,0,0,7.85,2,0,1
2026-09-26T15:37:44.522138+00:00,2236.37,15,0,0,2.07,1,0,0
2026-09-26T15:41:03.826954+00:00,15117.72,15,1,1,6.29,0,0,0
2026-09-26T15:41:39.466812+00:00,23491.43,15,0,1,20.49,0,0,1
2026-09-26T15:47:45.969837+00:00,4697.46,15,0,2,4.61,0,0,0
2026-09-26T15:51:02.637677+00:00,24116.41,15,2,1,2.59,0,0,1
2026-09-26T15:55:21.861200+00:00,667.3,15,0,1,3.57,0,1,0
2026-09-26T16:00:54.985979+00:00,3022.68,16,1,4,1.3,0,1,0
2026-09-26T16:05:00.488051+00:00,2474.2,16,2,3,2.53,3,1,1
2026-09-26T16:05:36.584120+00:00,26942.49,16,1,0,6.82,0,1,1
2026-09-26T16:07:56.496899+00:00,4466.48,16,0,0,6.33,1,1,0
2026-09-26T16:09:45.109423+00:00,2803.87,16,0,0,7.18,1,1,0
2026-09-26T16:10:59.531635+00:00,6148.17,16,0,0,3.8,0,0,0
2026-09-26T16:23:07.460893+00:00,599.3,16,0,0,1.08,0,1,0
2026-09-26T16:28:12.956817+00:00,109.07,16,0,0,0.58,0,0,0
2026-09-26T16:30:58.680259+00:00,3810.2,16,0,0,12.91,0,1,0
2026-09-26T16:32:41.400292+00:00,391.16,16,0,0,8.39,0,1,0
2026-09-26T16:34:49.493194+00:00,452.5,16,0,2,3.77,0,0,0
2026-09-26T16:34:53.299413+00:00,4428.77,16,0,2,3.27,0,0,0
2026-09-26T16:38:54.116230+00:00,1069.42,16,0,2,6.2,0,0,0
2026-09-26T16:38:58.579479+00:00,17009.44,16,1,1,4.33,0,1,1
2026-09-26T16:46:29.892637+00:00,8040.25,16,0,1,3.06,0,0,0
2026-09-26T16:48:39.822375+00:00,1277.57,16,0,1,5.08,0,0,0
2026-09-26T16:50:11.229116+00:00,843.38,16,0,0,2.04,0,0,0
2026-09-26T16:53:56.526234+00:00,420.57,16,0,2,9.78,0,0,0
2026-09-26T16:54:38.538858+00:00,507.34,16,0,1,8.42,0,1,0
2026-09-26T16:58:16.999232+00:00,265.58,16,0,0,3.53,0,0,0
2026-09-26T17:07:45.611781+00:00,353.51,17,1,1,7.82,0,0,0
2026-09-26T17:08:55.763998+00:00,1870.05,17,0,2,2.3,0,0,0
2026-09-26T17:09:29.380949+00:00,1298.19,17,0,0,4.58,0,0,0
2026-09-26T17:21:38.937255+00:00,3983.47,17,1,0,14.79,0,1,0
2026-09-26T17:33:00.633366+00:00,6594.66,17,0,1,14.98,0,1,0
2026-09-26T17:34:43.656030+00:00,4975.4,17,0,0,4.33,1,0,0
2026-09-26T17:35:27.997049+00:00,2480.41,17,1,2,5.02,0,1,0
2026-09-26T17:35:55.305774+00:00,405.85,17,0,1,1.64,0,0,0
2026-09-26T17:46:05.019753+00:00,4018.63,17,0,0,15.13,0,0,0
2026-09-26T17:54:46.649455+00:00,17089.69,17,1,2,1.21,0,0,0
2026-09-26T17:55:33.264176+00:00,346.54,17,0,3,2.14,0,0,0
2026-09-26T18:13:33.305681+00:00,5973.97,18,0,0,3.4,1,0,0
2026-09-26T18:27:38.664519+00:00,1381.01,18,0,1,2.78,1,0,0
2026-09-26T18:32:34.205595+00:00,847.9,18,0,0,5.57,0,0,0
2026-09-26T18:34:52.939467+00:00,24707.28,18,0,1,2.64,0,1,0
2026-09-26T18:36:42.364634+00:00,7497.3,18,0,1,3.58,0,0,0
2026-09-26T18:40:07.728926+00:00,20070.63,18,1,5,8.72,0,0,1
2026-09-26T18:42:22.618865+00:00,1462.23,18,1,1,3.33,0,0,0
2026-09-26T18:45:27.124013+00:00,2833.17,18,0,2,4.7,0,0,0
2026-09-26T18:49:28.374545+00:00,4290.92,18,0,1,12.27,0,0,0
2026-09-26T18:50:43.169916+00:00,20318.65,18,0,1,7.14,0,1,1
2026-09-26T18:55:27.407000+00:00,2939.32,18,1,1,6.87,0,0,0
2026-09-26T18:57:15.919645+00:00,9832.12,18,0,0,2.37,0,0,0
2026-09-26T18:59:54.494242+00:00,1032.6,18,0,2,2.12,0,0,0
2026-09-26T19:02:21.648250+00:00,7724.0,19,0,1,6.54,0,1,0
2026-09-26T19:04:29.830861+00:00,26984.43,19,0,1,5.46,0,0,0
2026-09-26T19:11:48.420041+00:00,17210.71,19,0,1,2.02,0,0,0
2026-09-26T19:16:33.486216+00:00,4550.38,19,0,4,2.4,0,0,0
2026-09-26T19:16:34.269730+00:00,933.04,19,0,1,1.38,0,0,0
2026-09-26T19:17:49.932981+00:00,4341.37,19,0,0,6.07,0,1,0
2026-09-26T19:23:14.099953+00:00,5169.18,19,1,4,3.19,0,0,0
2026-09-26T19:28:54.615823+00:00,968.68,19,0,0,2.72,0,1,0
2026-09-26T19:30:22.695662+00:00,4086.63,19,0,1,13.33,0,1,0
2026-09-26T19:40:25.620671+00:00,5409.98,19,0,0,0.22,0,0,0
2026-09-26T19:43:22.566440+00:00,1481.02,19,0,0,8.09,1,0,0
2026-09-26T19:49:28.605633+00:00,647.41,19,0,0,1.13,0,0,0
2026-09-26T19:51:45.408742+00:00,368.71,19,0,0,8.49,0,1,0
2026-09-26T19:54:57.199649+00:00,2801.01,19,2,2,1.73,0,0,0
2026-09-26T20:06:30.118849+00:00,12287.78,20,0,1,2.27,0,1,0
2026-09-26T20:07:19.310124+00:00,5600.24,20,0,2,1.69,0,0,0
2026-09-26T20:08:22.781537+00:00,1891.73,20,0,0,9.67,0,1,0
2026-09-26T20:22:26.022693+00:00,18392.14,20,0,1,1.1,0,0,0
2026-09-26T20:23:06.835893+00:00,1109.12,20,0,3,3.43,0,0,0
2026-09-26T20:25:58.303764+00:00,629.63,20,1,1,12.41,0,1,0
2026-09-26T20:26:29.155924+00:00,2165.4,20,0,0,0.62,0,0,0
2026-09-26T20:33:49.044898+00:00,2052.61,20,1,1,1.16,0,0,0
2026-09-26T20:36:47.902827+00:00,2421.59,20,0,0,9.65,0,0,0
2026-09-26T20:40:25.877244+00:00,28000.0,20,1,1,5.78,0,0,0
2026-09-26T20:43:23.095675+00:00,3023.45,20,1,2,4.6,1,0,0
2026-09-26T20:47:20.607760+00:00,3038.64,20,0,1,3.4,0,0,0
2026-09-26T20:47:38.177022+00:00,498.38,20,0,1,10.21,1,0,0
2026-09-26T20:47:56.787115+00:00,18145.81,20,0,1,3.71,0,0,0
2026-09-26T20:48:47.069150+00:00,4802.79,20,0,0,4.02,0,0,0
2026-09-26T20:49:49.384069+00:00,6771.12,20,0,1,6.69,0,0,0
2026-09-26T20:57:23.117668+00:00,1771.83,20,0,3,7.62,0,0,0
2026-09-26T21:00:38.404047+00:00,21082.24,21,1,2,3.05,0,0,0
2026-09-26T21:04:27.383471+00:00,2422.62,21,0,2,3.09,0,0,0
2026-09-26T21:07:51.691595+00:00,750.52,21,0,0,11.98,1,0,0
2026-09-26T21:14:35.578409+00:00,3802.52,21,0,1,5.57,0,1,0
2026-09-26T21:18:31.048668+00:00,7524.97,21,0,1,0.68,1,0,0
2026-09-26T21:20:40.396745+00:00,632.08,21,3,1,2.37,0,0,0
2026-09-26T21:25:47.969466+00:00,348.87,21,1,0,6.18,0,1,0
2026-09-26T21:35:50.382155+00:00,4348.79,21,0,3,2.69,1,1,0
2026-09-26T21:40:21.522466+00:00,1081.14,21,0,0,0.32,0,0,0
2026-09-26T21:46:56.301826+00:00,3188.96,21,0,1,3.59,1,0,0
2026-09-26T21:49:25.617203+00:00,3867.79,21,0,3,1.0,0,0,0
2026-09-26T21:54:46.919265+00:00,1303.12,21,0,1,4.09,0,0,0
2026-09-26T21:55:48.235824+00:00,25705.61,21,0,1,5.85,0,1,1
2026-09-26T22:02:02.508059+00:00,23327.43,22,2,1,3.42,0,0,1
2026-09-26T22:05:52.369241+00:00,6564.17,22,0,0,6.99,0,1,0
2026-09-26T22:11:05.584628+00:00,4670.99,22,0,0,8.32,1,1,0
2026-09-26T22:12:29.245780+00:00,6553.84,22,1,0,16.93,1,0,0
2026-09-26T22:13:05.906722+00:00,125.18,22,0,2,4.27,0,0,0
2026-09-26T22:13:31.472204+00:00,16353.4,22,0,1,1.55,0,1,0
2026-09-26T22:16:21.839138+00:00,361.82,22,0,2,18.61,0,0,0
2026-09-26T22:19:28.560380+00:00,1927.34,22,0,1,3.43,0,0,0
2026-09-26T22:20:46.491467+00:00,7122.12,22,0,3,3.6,0,1,0
2026-09-26T22:21:28.835266+00:00,2076.79,22,0,0,6.61,0,1,0
2026-09-26T22:22:26.210055+00:00,6124.67,22,0,3,4.7,1,1,0
2026-09-26T22:23:15.074503+00:00,1328.08,22,1,1,1.23,0,0,0
2026-09-26T22:27:41.055687+00:00,1387.57,22,0,3,11.21,0,0,0
2026-09-26T22:32:26.524228+00:00,7289.31,22,0,1,3.12,0,0,0
2026-09-26T22:36:17.192660+00:00,1835.38,22,0,1,2.65,0,1,0
2026-09-26T22:41:00.718981+00:00,5050.5,22,0,0,0.83,1,0,0
2026-09-26T22:43:59.670341+00:00,924.1,22,0,1,4.9,1,0,0
2026-09-26T22:44:00.408459+00:00,9570.5,22,0,0,1.85,0,0,0
2026-09-26T22:46:53.583283+00:00,2794.96,22,0,2,9.62,1,0,0
2026-09-26T22:47:34.857064+00:00,4617.77,22,1,0,3.17,0,1,0
2026-09-26T22:47:47.264941+00:00,360.09,22,0,2,1.89,0,0,0
2026-09-26T22:55:32.540060+00:00,2231.46,22,0,1,4.99,1,0,0
2026-09-26T23:08:13.999945+00:00,7461.68,23,1,3,1.14,1,0,0
2026-09-26T23:17:26.953076+00:00,6766.83,23,0,3,1.77,0,1,0
2026-09-26T23:22:00.002090+00:00,213.42,23,0,1,1.41,0,0,0
2026-09-26T23:29:12.870401+00:00,1218.31,23,2,1,2.15,0,0,0
2026-09-26T23:31:55.373435+00:00,19171.84,23,0,2,9.13,1,0,0
2026-09-26T23:40:20.755563+00:00,665.0,23,0,1,1.99,0,0,0
2026-09-26T23:50:59.495748+00:00,22304.41,23,0,2,3.55,2,0,1
2026-09-26T23:52:44.299633+00:00,15023.49,23,0,0,1.61,0,0,0
2026-09-26T23:57:45.833676+00:00,1422.0,23,0,1,3.11,0,0,0
2026-09-27T00:03:35.026463+00:00,3543.22,0,0,2,1.59,0,0,0
2026-09-27T00:05:15.222872+00:00,2165.45,0,0,0,5.84,0,1,0
2026-09-27T00:06:43.743687+00:00,4353.1,0,0,2,3.43,0,0,0
2026-09-27T00:06:55.576449+00:00,10458.52,0,1,1,3.43,0,0,0
2026-09-27T00:08:07.976519+00:00,456.53,0,0,4,4.34,0,0,0
2026-09-27T00:12:15.756823+00:00,4016.43,0,0,3,9.58,0,0,0
2026-09-27T00:14:46.400811+00:00,897.8,0,2,1,2.6,0,0,0
2026-09-27T00:20:56.889583+00:00,15199.57,0,0,0,2.86,1,0,0
2026-09-27T00:21:17.110004+00:00,166.93,0,0,1,11.22,0,0,0
2026-09-27T00:21:41.028156+00:00,20469.55,0,0,0,4.04,0,1,1
2026-09-27T00:23:10.178037+00:00,1293.07,0,2,2,6.76,0,0,0
2026-09-27T00:25:43.235190+00:00,1399.29,0,1,2,5.02,0,1,0
2026-09-27T00:28:10.597239+00:00,7415.03,0,1,0,0.43,0,1,0
2026-09-27T00:28:22.532714+00:00,4393.03,0,0,0,3.2,0,0,0
2026-09-27T00:29:17.281885+00:00,11522.74,0,0,0,2.91,0,0,0
2026-09-27T00:31:04.238839+00:00,2984.71,0,0,1,3.37,0,0,0
2026-09-27T00:31:35.488419+00:00,18229.61,0,1,2,10.98,0,0,1
2026-09-27T00:33:58.857530+00:00,18896.54,0,0,0,7.98,0,1,1
2026-09-27T00:34:01.176480+00:00,1293.35,0,0,1,1.67,2,0,0
2026-09-27T00:43:21.168389+00:00,18764.14,0,0,1,6.12,0,0,0
2026-09-27T00:45:21.107014+00:00,3636.59,0,0,0,1.26,0,1,0
2026-09-27T00:48:52.563414+00:00,21521.26,0,0,1,10.74,0,0,0
2026-09-27T00:49:03.384519+00:00,1617.83,0,0,2,3.72,0,0,0
2026-09-27T00:51:23.213518+00:00,14740.65,0,0,0,5.65,0,0,0
2026-09-27T00:54:04.310953+00:00,131.64,0,0,1,7.38,0,0,0
2026-09-27T00:57:53.113670+00:00,850.3,0,0,0,0.96,0,0,0
2026-09-27T01:06:31.873994+00:00,423.83,1,0,0,3.71,0,0,0
2026-09-27T01:12:27.922173+00:00,4985.41,1,0,1,1.34,0,0,0
2026-09-27T01:14:28.358701+00:00,441.9,1,0,1,3.19,0,0,0
2026-09-27T01:19:41.864674+00:00,4182.18,1,2,0,1.19,0,0,1
2026-09-27T01:20:33.673778+00:00,1619.05,1,0,3,1.55,0,1,1
2026-09-27T01:24:50.429968+00:00,303.87,1,0,1,3.7,1,0,0
2026-09-27T01:24:54.526428+00:00,5420.65,1,0,1,4.19,0,0,0
2026-09-27T01:31:56.711658+00:00,2833.19,1,0,0,5.38,2,1,1
2026-09-27T01:34:11.240223+00:00,920.4,1,0,1,6.25,0,0,0
2026-09-27T01:39:42.327198+00:00,7262.44,1,1,2,6.69,0,1,0
2026-09-27T01:40:11.938152+00:00,18120.59,1,0,1,7.18,0,1,1
2026-09-27T01:41:08.508048+00:00,17537.18,1,1,1,12.06,0,1,1
2026-09-27T01:41:44.220891+00:00,4522.45,1,1,0,0.54,0,0,0
2026-09-27T01:45:30.628853+00:00,4014.34,1,0,2,2.48,3,0,1
2026-09-27T01:47:31.013244+00:00,1152.69,1,0,2,10.68,0,0,0
2026-09-27T01:48:57.362001+00:00,264.9,1,0,1,0.71,0,0,0
2026-09-27T01:50:14.815543+00:00,6307.93,1,0,2,2.97,0,0,0
2026-09-27T01:51:38.732651+00:00,1264.6,1,0,0,16.79,0,0,0
2026-09-27T01:52:38.219191+00:00,756.96,1,0,2,10.17,0,1,1
2026-09-27T01:52:43.241880+00:00,2382.55,1,0,0,1.11,1,0,0
2026-09-27T01:53:16.688220+00:00,7773.51,1,0,1,5.88,0,1,0
2026-09-27T01:54:08.391442+00:00,202.47,1,0,1,7.23,0,0,0
2026-09-27T02:02:15.047775+00:00,4705.11,2,0,0,10.51,0,0,1
2026-09-27T02:04:55.474774+00:00,2779.16,2,0,2,11.85,0,1,0
2026-09-27T02:07:09.268846+00:00,1833.33,2,1,1,8.46,0,0,0
2026-09-27T02:11:11.998515+00:00,4421.25,2,0,3,1.2,0,0,1
2026-09-27T02:16:35.756101+00:00,10863.98,2,0,0,5.55,0,0,0
2026-09-27T02:33:39.371753+00:00,21068.74,2,0,2,8.99,0,1,1
2026-09-27T02:36:37.062864+00:00,556.23,2,1,1,3.32,0,0,0
2026-09-27T02:41:06.542495+00:00,7869.56,2,1,0,1.05,2,1,1
2026-09-27T02:44:16.222434+00:00,20754.55,2,1,1,2.33,1,1,1
2026-09-27T02:46:30.413048+00:00,1903.93,2,0,1,1.63,0,0,0
2026-09-27T02:47:20.476129+00:00,2785.05,2,0,0,3.47,0,0,0
2026-09-27T02:53:26.548669+00:00,4440.49,2,0,3,2.34,0,0,0
2026-09-27T02:56:42.544150+00:00,4805.43,2,0,1,1.65,0,0,0
2026-09-27T03:17:58.855392+00:00,28000.0,3,2,1,5.57,0,1,1
2026-09-27T03:18:48.521231+00:00,1841.1,3,0,1,2.94,0,0,0
2026-09-27T03:25:50.407105+00:00,1171.38,3,0,0,8.9,0,0,0
2026-09-27T03:44:46.344619+00:00,19152.33,3,1,2,7.82,0,0,1
2026-09-27T03:45:43.086393+00:00,1779.64,3,0,0,2.88,0,0,0
2026-09-27T03:48:07.571814+00:00,2949.21,3,0,2,3.2,0,1,1
2026-09-27T03:50:40.316212+00:00,22538.21,3,0,1,5.59,0,0,1
2026-09-27T03:51:23.028756+00:00,591.36,3,0,0,2.68,0,1,0
2026-09-27T03:54:03.794313+00:00,2088.15,3,0,1,3.14,0,0,0
2026-09-27T03:57:44.562329+00:00,3817.27,3,1,1,2.57,3,1,1
2026-09-27T03:58:44.705812+00:00,5198.76,3,0,1,9.72,1,0,0
2026-09-27T04:04:43.790888+00:00,2235.64,4,0,1,6.0,0,0,0
2026-09-27T04:05:27.508184+00:00,637.95,4,0,0,9.8,0,0,0
2026-09-27T04:07:14.114909+00:00,1773.95,4,0,0,3.66,0,0,0
2026-09-27T04:08:11.296437+00:00,24999.36,4,0,0,10.51,0,0,1
2026-09-27T04:12:54.886293+00:00,1763.97,4,0,3,8.11,0,1,1
2026-09-27T04:20:29.730631+00:00,3875.92,4,0,1,2.62,0,0,0
2026-09-27T04:21:53.948441+00:00,2324.57,4,0,0,8.12,0,0,0
2026-09-27T04:26:29.567251+00:00,943.35,4,0,1,4.34,0,0,0
2026-09-27T04:29:16.407768+00:00,5149.19,4,0,0,5.22,0,1,0
2026-09-27T04:35:04.691587+00:00,341.51,4,0,1,6.26,0,0,0
2026-09-27T04:35:25.010871+00:00,2441.47,4,0,1,7.33,0,1,0
2026-09-27T04:36:57.408005+00:00,809.82,4,0,1,1.33,0,0,0
2026-09-27T04:37:18.994232+00:00,282.15,4,0,1,2.53,0,0,0
2026-09-27T04:44:10.806059+00:00,2296.9,4,0,1,4.49,0,0,0
2026-09-27T04:46:05.091547+00:00,2275.27,4,1,1,3.28,0,0,0
2026-09-27T04:48:48.966793+00:00,3987.18,4,0,0,4.82,0,0,0
2026-09-27T04:51:03.989523+00:00,4429.65,4,0,1,6.23,0,0,0
2026-09-27T04:51:39.594925+00:00,4223.8,4,0,3,0.97,0,1,1
2026-09-27T04:55:21.773537+00:00,1746.03,4,0,0,2.87,2,0,1
2026-09-27T04:58:12.026615+00:00,3256.26,4,0,1,0.99,0,0,0
2026-09-27T05:02:19.628419+00:00,2812.81,5,1,3,2.84,0,0,0
2026-09-27T05:03:42.926479+00:00,1811.76,5,1,1,3.01,0,0,0
2026-09-27T05:10:06.292512+00:00,20644.02,5,0,2,2.23,0,0,0
2026-09-27T05:18:08.386359+00:00,9474.88,5,0,3,5.34,1,0,0
2026-09-27T05:19:15.652930+00:00,745.76,5,0,1,1.85,0,1,0
2026-09-27T05:22:18.578668+00:00,7618.52,5,0,0,2.92,0,0,0
2026-09-27T05:27:03.788158+00:00,235.8,5,0,3,2.37,0,1,0
2026-09-27T05:32:23.321081+00:00,1239.94,5,1,1,4.02,0,1,0
2026-09-27T05:38:41.250981+00:00,16977.3,5,0,3,1.22,0,0,0
2026-09-27T05:40:02.064326+00:00,19217.71,5,0,3,3.94,0,1,1
2026-09-27T05:41:10.756331+00:00,19692.16,5,0,2,3.41,0,0,0
2026-09-27T05:44:22.923770+00:00,6908.07,5,0,2,1.82,2,0,0
2026-09-27T05:46:22.434159+00:00,5703.11,5,0,2,2.44,0,1,0
2026-09-27T05:47:11.078189+00:00,3438.37,5,1,2,0.23,0,1,0
2026-09-27T05:49:18.764842+00:00,2022.41,5,0,1,9.29,0,0,0
2026-09-27T05:51:20.911838+00:00,26352.75,5,0,0,2.58,0,0,0
2026-09-27T05:52:46.277801+00:00,5744.35,5,1,1,5.07,0,1,0
2026-09-27T05:54:22.370776+00:00,2273.69,5,1,1,7.64,1,0,0
2026-09-27T05:55:31.423169+00:00,3932.76,5,1,2,9.37,0,0,0
2026-09-27T05:58:45.540498+00:00,2737.94,5,0,1,3.36,0,0,0
2026-09-27T06:04:07.729569+00:00,2897.09,6,2,2,1.81,0,0,0
2026-09-27T06:18:54.800931+00:00,1346.19,6,1,0,1.22,0,0,0
2026-09-27T06:31:53.658531+00:00,2044.17,6,1,0,4.59,0,0,0
2026-09-27T06:38:52.366620+00:00,320.29,6,2,2,6.51,0,1,0
2026-09-27T06:39:41.145826+00:00,1474.89,6,2,1,3.9,1,0,0
2026-09-27T06:49:34.667701+00:00,3868.52,6,0,1,2.52,2,0,0
2026-09-27T06:52:20.580171+00:00,26071.79,6,0,0,2.16,0,1,0
2026-09-27T06:52:33.505084+00:00,10615.43,6,0,2,2.02,1,1,0
2026-09-27T06:53:12.096247+00:00,2656.18,6,0,0,0.76,0,0,0
2026-09-27T06:53:45.328900+00:00,3045.55,6,0,0,8.3,0,1,0
2026-09-27T06:53:58.298572+00:00,717.45,6,0,1,5.21,0,1,0
2026-09-27T07:03:01.799611+00:00,3863.05,7,0,0,0.29,0,0,0
2026-09-27T07:04:40.998165+00:00,18382.93,7,0,1,4.58,0,0,0
2026-09-27T07:08:08.815791+00:00,1132.11,7,0,0,6.49,0,0,0
2026-09-27T07:10:55.523624+00:00,3591.89,7,0,2,1.85,0,1,0
2026-09-27T07:15:49.331618+00:00,20114.71,7,0,0,1.98,0,0,0
2026-09-27T07:17:14.058562+00:00,223.62,7,2,0,3.9,0,0,0
2026-09-27T07:17:16.418503+00:00,5765.66,7,0,1,2.26,0,1,0
2026-09-27T07:20:01.231684+00:00,1248.93,7,0,0,7.12,0,1,0
2026-09-27T07:24:49.305969+00:00,268.59,7,0,0,2.76,0,1,0
2026-09-27T07:26:13.957096+00:00,13491.95,7,0,0,1.32,0,1,0
2026-09-27T07:28:53.075601+00:00,988.1,7,1,3,1.52,0,0,0
2026-09-27T07:34:23.526604+00:00,14406.21,7,0,3,3.13,2,0,0
2026-09-27T07:34:44.715785+00:00,4823.36,7,0,0,2.65,0,0,0
2026-09-27T07:36:17.979142+00:00,1302.05,7,1,3,5.2,0,0,0
2026-09-27T07:37:47.221125+00:00,5286.23,7,2,1,7.34,0,0,0
2026-09-27T07:42:41.344032+00:00,671.12,7,0,1,3.36,2,1,1
2026-09-27T07:49:53.583523+00:00,2232.82,7,0,0,5.99,0,1,0
2026-09-27T07:50:58.093075+00:00,3787.59,7,0,2,17.55,0,0,0
2026-09-27T07:51:51.686324+00:00,3437.68,7,0,1,6.65,0,0,0
2026-09-27T07:53:10.691500+00:00,3001.18,7,1,0,2.38,0,0,0
2026-09-27T07:57:26.268907+00:00,8341.25,7,1,5,4.64,0,0,0
2026-09-27T07:58:09.134091+00:00,14646.13,7,0,1,6.77,0,1,0
2026-09-27T07:58:40.892929+00:00,2238.12,7,1,2,2.46,0,0,0
2026-09-27T08:03:54.274436+00:00,6953.12,8,0,1,4.71,0,1,0
2026-09-27T08:07:12.963505+00:00,319.5,8,0,1,6.68,0,0,0
2026-09-27T08:09:14.177474+00:00,244.03,8,0,0,3.81,0,1,0
2026-09-27T08:09:43.190776+00:00,910.12,8,1,1,14.98,0,0,0
2026-09-27T08:13:20.043064+00:00,3267.84,8,1,0,0.45,0,0,0
2026-09-27T08:17:41.513613+00:00,1023.02,8,0,0,5.59,0,1,0
2026-09-27T08:18:09.033633+00:00,735.26,8,0,2,3.51,0,0,0
2026-09-27T08:20:21.233181+00:00,2024.71,8,0,1,8.82,0,1,0
2026-09-27T08:24:58.717630+00:00,3102.81,8,0,0,8.66,0,1,0
2026-09-27T08:29:04.837870+00:00,974.43,8,0,0,7.15,0,0,0
2026-09-27T08:30:52.519644+00:00,1204.52,8,0,0,1.91,1,0,0
2026-09-27T08:34:30.155946+00:00,3102.49,8,0,0,10.21,0,1,0
2026-09-27T08:47:26.066269+00:00,9384.6,8,0,1,5.27,2,1,0
2026-09-27T08:48:39.289962+00:00,3654.03,8,0,1,4.88,0,0,0
2026-09-27T08:49:12.219802+00:00,4947.73,8,1,2,13.95,0,1,0
2026-09-27T08:52:50.864054+00:00,1522.35,8,0,0,5.53,0,0,0
2026-09-27T08:56:52.037159+00:00,1076.97,8,0,0,3.0,0,1,0
2026-09-27T08:58:24.274719+00:00,1998.01,8,0,0,1.93,0,1,0
2026-09-27T09:01:15.943516+00:00,5326.41,9,0,0,2.6,0,0,0
2026-09-27T09:03:11.500224+00:00,2009.94,9,0,0,4.8,0,0,0
2026-09-27T09:06:45.776940+00:00,6061.68,9,0,3,3.64,0,0,0
2026-09-27T09:13:28.340138+00:00,28000.0,9,0,3,0.3,0,1,1
2026-09-27T09:13:46.906437+00:00,299.21,9,0,2,5.01,0,0,0
2026-09-27T09:14:34.982824+00:00,16624.64,9,0,3,5.71,0,1,1
2026-09-27T09:19:21.078653+00:00,20007.72,9,0,2,5.32,0,1,1
2026-09-27T09:21:47.923990+00:00,1612.35,9,0,1,1.36,0,0,0
2026-09-27T09:22:01.318890+00:00,509.47,9,0,4,16.65,0,0,0
2026-09-27T09:22:20.132476+00:00,6605.1,9,0,2,4.32,0,1,0
2026-09-27T09:23:12.639928+00:00,134.94,9,0,0,6.26,0,0,0
2026-09-27T09:26:24.295654+00:00,1274.38,9,0,1,3.81,0,0,0
2026-09-27T09:42:50.339948+00:00,713.42,9,0,0,1.4,1,0,0
2026-09-27T09:47:41.447842+00:00,8640.79,9,0,1,4.1,0,0,0
2026-09-27T09:52:18.534940+00:00,3602.69,9,0,2,2.24,1,1,0
2026-09-27T10:02:32.016733+00:00,7838.44,10,0,0,3.08,1,0,0
2026-09-27T10:06:53.683585+00:00,11539.55,10,0,2,5.45,0,0,0
2026-09-27T10:16:37.422136+00:00,2259.55,10,0,1,3.14,0,1,0
2026-09-27T10:22:16.269711+00:00,914.37,10,0,3,3.63,0,0,0
2026-09-27T10:25:33.595145+00:00,749.07,10,0,1,3.34,0,1,0
2026-09-27T10:29:10.955444+00:00,867.07,10,0,2,3.6,0,1,0
2026-09-27T10:31:59.112469+00:00,4005.71,10,0,1,6.38,0,0,0
2026-09-27T10:32:28.374494+00:00,192.12,10,0,1,9.36,0,1,0
2026-09-27T10:41:15.491256+00:00,228.73,10,0,0,8.04,0,1,0
2026-09-27T10:42:32.517618+00:00,18866.74,10,0,0,0.94,0,0,0
2026-09-27T10:44:08.497179+00:00,3347.62,10,0,1,3.48,0,0,0
2026-09-27T10:46:14.868679+00:00,3562.11,10,0,2,6.52,0,0,0
2026-09-27T10:47:47.593524+00:00,1548.08,10,0,1,6.45,1,0,0
2026-09-27T10:48:34.727180+00:00,5306.76,10,0,1,6.79,0,0,0
2026-09-27T10:50:13.193849+00:00,2500.85,10,1,2,8.48,0,0,0
2026-09-27T10:55:43.240550+00:00,13556.47,10,0,0,10.27,0,1,0
2026-09-27T10:57:19.924839+00:00,5164.12,10,0,0,2.2,0,0,0
2026-09-27T11:00:20.245915+00:00,9848.96,11,0,1,5.48,0,1,0
2026-09-27T11:01:01.231381+00:00,258.12,11,0,1,1.26,0,1,0
2026-09-27T11:02:18.048559+00:00,1648.85,11,0,0,17.08,0,0,0
2026-09-27T11:06:47.221992+00:00,2199.15,11,0,0,5.4,0,0,0
2026-09-27T11:15:32.905713+00:00,566.8,11,1,3,5.9,0,0,0
2026-09-27T11:15:36.159262+00:00,6532.8,11,0,0,5.48,0,0,0
2026-09-27T11:17:48.291569+00:00,1129.71,11,0,2,2.38,0,0,0
2026-09-27T11:20:45.862152+00:00,4949.27,11,1,1,1.03,0,1,0
2026-09-27T11:24:57.368798+00:00,3617.38,11,1,2,3.4,0,0,0
2026-09-27T11:26:30.415835+00:00,19843.43,11,0,1,6.7,0,0,0
2026-09-27T11:26:51.823921+00:00,21715.81,11,0,1,9.3,0,0,0
2026-09-27T11:27:22.442783+00:00,857.96,11,1,0,7.05,0,1,0
2026-09-27T11:28:32.050817+00:00,215.22,11,0,0,7.34,0,1,0
2026-09-27T11:28:41.443571+00:00,941.2,11,0,1,7.08,0,0,0
2026-09-27T11:28:49.803008+00:00,1416.15,11,0,1,2.26,1,0,0
2026-09-27T11:31:33.708384+00:00,5790.02,11,0,0,3.07,0,1,0
2026-09-27T11:36:18.731606+00:00,1520.24,11,1,3,1.16,1,1,0
2026-09-27T11:36:27.215125+00:00,20348.02,11,0,1,2.55,0,1,0
2026-09-27T11:38:05.417667+00:00,1912.23,11,0,0,2.34,0,0,0
2026-09-27T11:40:18.345296+00:00,4976.82,11,0,1,4.44,0,0,0
2026-09-27T11:42:14.833248+00:00,12031.46,11,0,1,0.92,0,0,0
2026-09-27T11:46:17.295811+00:00,937.53,11,1,1,7.87,0,1,0
2026-09-27T11:46:44.909878+00:00,6405.54,11,0,1,4.66,0,0,0
2026-09-27T11:46:54.079660+00:00,23861.7,11,0,0,3.99,0,0,0
2026-09-27T11:47:42.178519+00:00,5499.61,11,0,3,8.48,0,0,0
2026-09-27T11:49:43.536626+00:00,3433.96,11,0,2,7.39,0,0,0
2026-09-27T11:54:33.993818+00:00,1824.99,11,0,1,5.07,1,0,0
2026-09-27T11:58:27.167828+00:00,888.38,11,1,2,3.64,0,0,0
2026-09-27T12:07:13.220057+00:00,292.35,12,0,0,6.68,0,0,0
2026-09-27T12:09:07.849258+00:00,2513.87,12,0,0,8.71,0,0,0
2026-09-27T12:11:48.876607+00:00,14902.63,12,0,1,1.74,0,0,0
2026-09-27T12:23:30.388108+00:00,4346.63,12,0,0,5.16,0,0,0
2026-09-27T12:26:32.871832+00:00,1328.88,12,0,2,6.55,0,0,0
2026-09-27T12:28:07.270439+00:00,5678.07,12,0,4,4.63,0,0,0
2026-09-27T12:28:51.596728+00:00,18559.62,12,0,2,5.98,0,0,0
2026-09-27T12:30:10.061580+00:00,1118.49,12,3,2,1.33,1,1,1
2026-09-27T12:35:02.315823+00:00,106.11,12,0,0,4.36,0,0,0
2026-09-27T12:35:27.880319+00:00,14847.19,12,0,2,0.49,0,1,0
2026-09-27T12:37:20.060894+00:00,6773.8,12,0,1,0.89,1,1,0
2026-09-27T12:40:02.701909+00:00,5856.25,12,0,2,1.55,0,0,0
2026-09-27T12:44:27.730980+00:00,1179.53,12,1,1,0.58,0,1,0
2026-09-27T12:45:31.982692+00:00,1134.39,12,2,1,3.97,0,0,0
2026-09-27T12:47:21.892359+00:00,5098.03,12,0,0,6.13,0,1,0
2026-09-27T12:52:35.991477+00:00,27737.44,12,1,3,4.43,0,0,0
2026-09-27T12:54:08.563847+00:00,4892.68,12,0,1,3.55,1,0,0
2026-09-27T12:55:17.283444+00:00,3037.07,12,0,2,6.86,0,0,0
2026-09-27T12:56:44.729708+00:00,949.47,12,0,2,0.43,1,1,0
2026-09-27T12:57:08.397826+00:00,2447.25,12,1,1,2.45,0,0,0
2026-09-27T13:03:24.149117+00:00,911.0,13,0,1,10.99,0,0,0
2026-09-27T13:06:43.273811+00:00,5341.02,13,1,1,6.85,0,0,0
2026-09-27T13:13:33.713020+00:00,1625.85,13,0,2,2.06,0,0,0
2026-09-27T13:16:31.255073+00:00,22810.32,13,0,0,1.98,0,1,1
2026-09-27T13:17:04.561392+00:00,1598.03,13,0,1,2.67,0,0,0
2026-09-27T13:17:41.109364+00:00,5621.99,13,0,0,5.84,0,0,0
2026-09-27T13:19:50.538656+00:00,1357.41,13,0,0,6.24,0,0,0
2026-09-27T13:25:03.933194+00:00,21037.15,13,1,1,5.05,0,0,0
2026-09-27T13:25:52.233916+00:00,3118.5,13,0,2,2.82,0,1,0
2026-09-27T13:34:54.730746+00:00,293.22,13,0,1,4.64,0,1,0
2026-09-27T13:37:39.690963+00:00,9533.6,13,0,2,2.13,1,0,0
2026-09-27T13:37:45.359703+00:00,2787.65,13,1,0,8.52,0,0,0
2026-09-27T13:39:00.233027+00:00,2328.51,13,0,0,0.48,0,1,0
2026-09-27T13:39:46.305823+00:00,5912.16,13,1,1,3.04,0,1,0
2026-09-27T13:42:45.756332+00:00,26394.54,13,1,1,1.97,1,1,0
2026-09-27T13:42:46.957006+00:00,17432.49,13,0,1,2.31,0,0,0
2026-09-27T13:43:45.136776+00:00,8446.87,13,0,1,2.89,0,0,0
2026-09-27T13:54:29.543602+00:00,274.17,13,0,1,0.82,0,0,0
2026-09-27T13:58:06.729469+00:00,444.53,13,0,2,4.05,0,0,0
2026-09-27T14:21:12.830101+00:00,2966.54,14,0,0,2.58,0,0,0
2026-09-27T14:23:34.603363+00:00,1458.58,14,0,0,4.27,0,0,0
2026-09-27T14:25:09.748897+00:00,2056.93,14,1,1,0.67,0,1,0
2026-09-27T14:28:18.583124+00:00,1332.37,14,0,2,3.45,0,0,0
2026-09-27T14:36:01.260269+00:00,1719.94,14,0,2,0.45,0,0,0
2026-09-27T14:37:50.408628+00:00,5594.75,14,0,0,1.58,0,1,0
2026-09-27T14:38:50.822090+00:00,2940.36,14,0,3,11.63,0,0,0
2026-09-27T14:52:06.571653+00:00,19039.65,14,1,2,0.28,0,1,0
2026-09-27T15:07:36.211173+00:00,5006.87,15,0,1,10.94,0,0,0
2026-09-27T15:21:25.757085+00:00,19545.82,15,0,2,1.99,0,0,0
2026-09-27T15:22:19.487746+00:00,1042.38,15,0,1,3.52,0,0,0
2026-09-27T15:22:40.273588+00:00,1369.82,15,0,1,1.86,0,0,0
2026-09-27T15:25:59.190035+00:00,23850.93,15,0,0,5.31,0,1,0
2026-09-27T15:28:18.979807+00:00,148.53,15,0,3,4.04,0,1,0
2026-09-27T15:42:48.909319+00:00,897.12,15,0,1,1.07,0,1,0
2026-09-27T15:45:31.691517+00:00,7589.66,15,0,1,1.59,0,0,0
2026-09-27T15:47:27.581218+00:00,3328.36,15,3,2,2.16,0,0,0
2026-09-27T15:50:06.412542+00:00,883.29,15,0,1,5.56,0,0,0
2026-09-27T15:53:14.241951+00:00,20743.85,15,0,0,3.86,0,0,0
2026-09-27T15:53:42.068030+00:00,6411.97,15,1,1,7.81,0,1,0
2026-09-27T15:55:16.968788+00:00,23675.33,15,1,1,3.31,0,0,0
2026-09-27T16:01:04.396712+00:00,1006.85,16,0,0,3.26,0,0,0
2026-09-27T16:12:44.575142+00:00,1805.94,16,0,0,8.15,0,0,0
2026-09-27T16:19:57.195781+00:00,5817.96,16,2,2,3.19,0,0,0
2026-09-27T16:20:06.716388+00:00,4777.01,16,0,2,3.11,0,0,0
2026-09-27T16:26:47.794130+00:00,5440.98,16,0,0,5.14,0,1,0
2026-09-27T16:34:45.275513+00:00,2398.04,16,0,0,4.68,0,1,0
2026-09-27T16:35:47.357344+00:00,7820.98,16,0,1,5.41,0,0,0
2026-09-27T16:39:17.885838+00:00,1322.25,16,0,0,2.39,0,0,0
2026-09-27T16:44:31.808516+00:00,605.28,16,0,1,3.19,0,0,0
2026-09-27T16:57:02.977404+00:00,4007.24,16,1,2,5.14,0,1,0
2026-09-27T16:57:18.551884+00:00,2540.4,16,0,3,4.92,0,0,0
2026-09-27T17:14:43.483819+00:00,6230.14,17,0,0,4.04,0,1,0
2026-09-27T17:28:05.897935+00:00,330.86,17,0,0,2.13,0,0,0
2026-09-27T17:32:11.457122+00:00,5998.97,17,0,0,1.43,0,0,0
2026-09-27T17:33:20.577121+00:00,14585.82,17,0,0,5.16,3,0,0
2026-09-27T17:39:42.849418+00:00,3464.14,17,0,0,8.17,0,0,0
2026-09-27T17:45:50.196929+00:00,191.06,17,0,1,1.83,1,0,0
2026-09-27T17:46:46.657648+00:00,3069.71,17,0,0,1.64,0,0,0
2026-09-27T17:53:10.141066+00:00,4102.46,17,1,0,4.03,1,0,0
2026-09-27T17:56:03.623646+00:00,1532.17,17,0,1,4.59,0,0,0
2026-09-27T18:06:15.446434+00:00,836.3,18,0,2,1.27,0,0,0
2026-09-27T18:07:57.596876+00:00,2528.45,18,1,0,1.42,0,1,0
2026-09-27T18:08:12.179971+00:00,5790.89,18,0,0,5.91,0,0,0
2026-09-27T18:17:36.408397+00:00,1310.86,18,0,0,1.38,0,0,0
2026-09-27T18:20:13.249958+00:00,991.14,18,0,1,8.89,0,0,0
2026-09-27T18:21:26.314213+00:00,1106.48,18,0,0,5.21,0,1,0
2026-09-27T18:24:46.179595+00:00,9591.28,18,0,1,1.84,0,1,0
2026-09-27T18:25:17.478812+00:00,19077.99,18,0,3,4.77,0,1,1
2026-09-27T18:32:11.216903+00:00,71.55,18,0,0,2.35,0,1,0
2026-09-27T18:33:16.080695+00:00,25600.78,18,2,1,12.27,1,0,1
2026-09-27T18:36:09.291400+00:00,3904.99,18,0,0,7.98,0,0,0
2026-09-27T18:45:26.770874+00:00,500.38,18,0,0,4.61,0,1,0
2026-09-27T18:47:32.900063+00:00,13478.69,18,0,1,4.62,0,0,0
2026-09-27T18:52:10.006305+00:00,3057.29,18,0,3,2.65,1,1,0
2026-09-27T18:54:11.696183+00:00,2283.06,18,0,0,6.48,0,1,0
2026-09-27T18:55:24.124721+00:00,1601.19,18,0,3,0.59,0,0,0
2026-09-27T19:06:30.886604+00:00,7386.08,19,0,0,6.51,2,0,0
2026-09-27T19:08:33.135524+00:00,954.93,19,0,0,3.67,0,0,0
2026-09-27T19:13:35.144828+00:00,1136.96,19,0,3,3.79,0,0,0
2026-09-27T19:14:08.641706+00:00,477.85,19,0,2,3.03,0,1,0
2026-09-27T19:16:55.034212+00:00,17732.1,19,0,1,7.2,0,0,0
2026-09-27T19:17:49.936413+00:00,2956.72,19,0,1,3.1,0,0,0
2026-09-27T19:19:50.457748+00:00,3065.49,19,2,1,5.62,1,0,0
2026-09-27T19:20:29.436560+00:00,848.81,19,1,1,2.08,0,0,0
2026-09-27T19:23:26.519893+00:00,3430.13,19,2,0,6.75,2,1,1
2026-09-27T19:23:36.325287+00:00,4700.39,19,2,0,6.4,0,0,0
2026-09-27T19:24:20.510800+00:00,1477.58,19,0,2,7.09,0,0,0
2026-09-27T19:26:03.492608+00:00,5231.83,19,0,0,4.93,0,0,0
2026-09-27T19:30:22.171766+00:00,1432.56,19,0,1,7.28,0,1,0
2026-09-27T19:31:10.804547+00:00,4602.05,19,0,1,2.03,0,1,0
2026-09-27T19:35:54.364165+00:00,169.8,19,0,1,10.63,1,0,0
2026-09-27T19:36:01.160556+00:00,2623.52,19,0,1,3.28,0,1,0
2026-09-27T19:45:42.472046+00:00,11230.88,19,0,2,3.21,0,0,0
2026-09-27T19:45:48.535790+00:00,12784.08,19,0,1,7.38,0,0,0
2026-09-27T19:56:46.055538+00:00,1119.01,19,0,1,7.41,0,1,0
2026-09-27T20:05:30.551139+00:00,1923.42,20,2,1,2.13,0,0,0
2026-09-27T20:06:26.091838+00:00,268.15,20,0,0,11.02,0,0,0
2026-09-27T20:07:54.933917+00:00,6672.03,20,1,2,3.94,0,1,0
2026-09-27T20:11:38.829277+00:00,2750.1,20,0,1,6.72,0,0,0
2026-09-27T20:13:47.353241+00:00,16538.21,20,0,1,3.16,0,1,0
2026-09-27T20:15:07.940794+00:00,442.89,20,0,1,6.94,0,1,0
2026-09-27T20:21:48.552628+00:00,9445.86,20,0,2,11.1,0,1,0
2026-09-27T20:24:28.691298+00:00,2477.56,20,4,1,2.75,0,0,0
2026-09-27T20:24:48.022107+00:00,1124.25,20,0,1,4.26,0,0,0
2026-09-27T20:26:06.306071+00:00,1439.56,20,0,2,4.13,0,1,0
2026-09-27T20:32:01.730986+00:00,1070.13,20,0,3,4.11,0,1,0
2026-09-27T20:37:11.569508+00:00,3006.64,20,0,0,5.24,0,1,0
2026-09-27T20:38:03.959290+00:00,24096.51,20,3,1,5.56,0,0,1
2026-09-27T20:40:25.793212+00:00,6276.87,20,0,5,8.59,0,0,0
2026-09-27T20:43:22.966296+00:00,2034.05,20,0,0,1.22,0,0,0
2026-09-27T20:43:35.032095+00:00,5665.04,20,0,0,0.57,1,1,0
2026-09-27T20:45:08.029631+00:00,1820.31,20,0,0,5.71,0,1,0
2026-09-27T20:46:56.887381+00:00,990.44,20,0,1,4.59,0,0,0
2026-09-27T20:48:10.670681+00:00,13177.64,20,0,0,12.94,0,0,0
2026-09-27T20:58:52.171791+00:00,1219.18,20,0,2,0.17,0,1,0
2026-09-27T21:01:58.748431+00:00,20438.41,21,0,0,5.21,1,0,0
2026-09-27T21:11:30.242330+00:00,14699.74,21,0,1,3.33,1,0,0
2026-09-27T21:11:49.500099+00:00,520.12,21,0,2,3.12,0,1,0
2026-09-27T21:15:12.447006+00:00,4633.9,21,0,1,1.52,1,0,0
2026-09-27T21:23:06.619844+00:00,8847.04,21,0,3,0.72,0,0,0
2026-09-27T21:25:25.969786+00:00,2354.46,21,0,0,4.77,0,1,0
2026-09-27T21:30:32.019244+00:00,15654.3,21,0,2,7.35,0,0,0
2026-09-27T21:38:46.705157+00:00,1564.31,21,0,1,4.26,0,1,0
2026-09-27T21:49:57.727373+00:00,438.55,21,0,0,2.87,0,1,0
2026-09-27T21:55:55.050539+00:00,1782.16,21,0,0,0.65,0,0,0
2026-09-27T21:56:26.802262+00:00,5054.48,21,1,2,1.66,0,1,0
2026-09-27T21:59:13.888461+00:00,1908.07,21,0,0,2.15,0,0,0
2026-09-27T22:01:42.993280+00:00,1869.61,22,0,1,4.02,0,0,0
2026-09-27T22:03:29.127860+00:00,2663.87,22,0,1,3.04,1,0,0
2026-09-27T22:05:26.602577+00:00,2848.91,22,0,3,12.81,0,0,0
2026-09-27T22:06:47.705043+00:00,6268.01,22,0,0,2.02,0,1,0
2026-09-27T22:08:11.078211+00:00,1239.79,22,1,0,7.69,1,0,0
2026-09-27T22:11:48.528038+00:00,5577.21,22,3,1,11.83,0,0,0
2026-09-27T22:13:30.386103+00:00,2730.59,22,0,2,2.29,0,0,0
2026-09-27T22:14:30.245711+00:00,16116.45,22,0,2,10.01,0,0,1
2026-09-27T22:18:17.550295+00:00,1179.16,22,0,0,5.18,0,1,0
2026-09-27T22:23:16.207854+00:00,1493.81,22,0,0,1.22,0,0,0
2026-09-27T22:26:37.714176+00:00,3179.03,22,0,1,11.27,0,0,0
2026-09-27T22:26:49.679643+00:00,899.74,22,1,2,0.1,2,0,0
2026-09-27T22:30:09.856857+00:00,8155.7,22,0,2,0.78,0,0,0
2026-09-27T22:32:36.759351+00:00,2797.47,22,0,1,4.03,1,0,0
2026-09-27T22:34:19.415168+00:00,8142.96,22,0,3,3.23,0,0,0
2026-09-27T22:36:04.050425+00:00,18400.51,22,0,0,14.24,0,0,0
2026-09-27T22:37:49.397982+00:00,1402.34,22,0,0,4.53,0,0,0
2026-09-27T22:38:21.820794+00:00,133.83,22,1,0,2.2,1,0,0
2026-09-27T22:45:56.059473+00:00,1076.96,22,0,1,2.36,0,1,0
2026-09-27T22:49:16.237214+00:00,6397.76,22,0,2,5.03,0,0,0
2026-09-27T22:50:35.250000+00:00,179.35,22,0,1,0.48,0,1,0
2026-09-27T22:51:04.586775+00:00,15264.72,22,2,0,10.97,0,1,1
2026-09-27T22:53:18.242085+00:00,460.23,22,0,0,1.95,3,1,1
2026-09-27T23:01:50.334402+00:00,1785.74,23,0,0,1.47,0,1,0
2026-09-27T23:03:34.486055+00:00,20266.15,23,0,2,6.05,0,1,1
2026-09-27T23:10:49.932465+00:00,3182.24,23,0,3,1.48,0,1,0
2026-09-27T23:11:50.364712+00:00,4330.96,23,3,2,8.54,1,0,0
2026-09-27T23:12:45.508546+00:00,1434.1,23,0,1,2.89,0,0,0
2026-09-27T23:14:41.572883+00:00,9306.5,23,0,0,5.14,0,0,0
2026-09-27T23:16:32.850248+00:00,20277.31,23,0,2,1.78,1,0,0
2026-09-27T23:21:13.357596+00:00,1813.07,23,0,1,5.41,1,1,0
2026-09-27T23:23:59.681850+00:00,1839.0,23,0,2,3.72,0,0,0
2026-09-27T23:26:32.798850+00:00,8090.13,23,0,0,0.62,0,0,0
2026-09-27T23:27:15.882169+00:00,2808.73,23,0,0,4.87,1,0,0
2026-09-27T23:31:49.135939+00:00,3981.49,23,0,2,15.1,0,0,0
2026-09-27T23:35:29.720683+00:00,1786.81,23,0,4,2.23,0,0,0
2026-09-27T23:35:32.691226+00:00,870.26,23,0,1,4.39,0,0,0
2026-09-27T23:37:22.897569+00:00,4174.43,23,1,2,15.68,0,0,0
2026-09-27T23:43:24.599730+00:00,3055.34,23,0,3,7.75,0,0,0
2026-09-27T23:44:13.639161+00:00,2286.68,23,0,0,1.47,0,0,0
2026-09-27T23:49:35.495386+00:00,3190.31,23,1,0,7.88,0,1,0
2026-09-27T23:53:05.816900+00:00,16652.17,23,1,1,7.38,0,0,0
2026-09-28T00:01:08.149329+00:00,5114.66,0,0,0,1.21,0,0,0
2026-09-28T00:03:26.700065+00:00,9530.87,0,0,1,8.93,0,0,0
2026-09-28T00:05:24.718077+00:00,7155.53,0,1,1,0.88,2,0,0
2026-09-28T00:06:44.475739+00:00,1300.88,0,0,1,2.35,0,0,0
2026-09-28T00:07:48.605079+00:00,1726.83,0,1,3,3.81,3,0,0
2026-09-28T00:13:10.684452+00:00,5347.54,0,1,1,10.13,0,0,0
2026-09-28T00:18:48.575059+00:00,2953.3,0,0,0,7.98,0,0,0
2026-09-28T00:18:53.837961+00:00,2600.43,0,0,0,2.56,1,1,0
2026-09-28T00:19:37.937675+00:00,8419.69,0,0,1,14.18,0,0,0
2026-09-28T00:20:08.401464+00:00,2517.36,0,4,2,3.23,3,1,1
2026-09-28T00:22:26.665825+00:00,2375.14,0,1,0,7.72,1,0,0
2026-09-28T00:27:10.036715+00:00,197.37,0,0,0,5.75,1,0,0
2026-09-28T00:30:50.620322+00:00,290.22,0,0,0,2.66,0,1,0
2026-09-28T00:34:42.070050+00:00,83.83,0,0,2,2.04,0,0,0
2026-09-28T00:36:13.570521+00:00,7882.91,0,3,1,4.01,0,0,0
2026-09-28T00:38:30.681767+00:00,1739.69,0,0,0,9.72,0,0,0
2026-09-28T00:41:06.352364+00:00,2082.94,0,0,3,3.3,0,0,0
2026-09-28T00:42:01.438812+00:00,6033.86,0,0,0,7.26,0,0,0
2026-09-28T00:47:37.588344+00:00,3066.97,0,0,2,5.73,0,1,0
2026-09-28T00:48:34.791767+00:00,3069.06,0,1,1,3.71,0,0,0
2026-09-28T00:48:36.185554+00:00,1185.56,0,0,0,11.44,0,0,0
2026-09-28T00:50:11.855678+00:00,5804.69,0,0,0,4.8,1,1,0
2026-09-28T00:53:15.954472+00:00,640.22,0,0,0,2.71,0,0,0
2026-09-28T00:59:45.866918+00:00,234.77,0,0,1,6.82,0,0,0
2026-09-28T01:03:00.494819+00:00,740.65,1,0,4,8.6,0,1,1
2026-09-28T01:05:00.794619+00:00,16834.5,1,1,0,6.16,0,1,1
2026-09-28T01:05:24.585606+00:00,1121.5,1,0,2,1.5,0,0,0
2026-09-28T01:05:28.759540+00:00,3612.7,1,0,1,4.62,0,0,0
2026-09-28T01:07:34.353806+00:00,846.16,1,0,0,1.37,0,0,0
2026-09-28T01:10:52.080822+00:00,3672.95,1,1,1,8.49,0,0,0
2026-09-28T01:13:41.315050+00:00,365.78,1,0,1,7.24,0,0,0
2026-09-28T01:16:35.859700+00:00,569.55,1,0,0,3.55,1,0,0
2026-09-28T01:22:41.412462+00:00,2335.03,1,0,1,2.44,0,0,0
2026-09-28T01:26:01.972196+00:00,8219.08,1,1,3,13.55,0,0,1
2026-09-28T01:32:14.288113+00:00,6341.69,1,1,1,3.78,0,1,0
2026-09-28T01:33:53.209191+00:00,11150.71,1,0,1,3.17,0,1,0
2026-09-28T01:35:58.085248+00:00,3423.81,1,4,1,7.01,1,1,1
2026-09-28T01:38:29.324820+00:00,3664.61,1,0,0,11.78,0,1,0
2026-09-28T01:47:53.084742+00:00,3198.85,1,0,2,5.11,1,0,0
2026-09-28T01:48:00.153284+00:00,17048.54,1,1,1,5.08,0,1,1
2026-09-28T01:48:21.990907+00:00,569.24,1,0,2,2.66,0,0,0
2026-09-28T01:51:15.582996+00:00,2571.01,1,2,1,5.62,0,0,1
2026-09-28T01:53:11.361496+00:00,1621.19,1,0,1,2.69,0,0,0
2026-09-28T01:54:23.642646+00:00,17816.67,1,0,1,1.78,0,1,1
2026-09-28T01:54:30.283745+00:00,2432.8,1,0,1,6.85,0,0,0
2026-09-28T01:56:22.070534+00:00,19883.69,1,0,1,3.07,0,1,1
2026-09-28T02:05:28.685328+00:00,17796.31,2,0,0,9.26,0,0,1
2026-09-28T02:05:58.104503+00:00,269.77,2,0,0,3.54,0,0,0
2026-09-28T02:07:14.957276+00:00,12525.81,2,0,1,7.49,0,1,1
2026-09-28T02:07:41.381271+00:00,463.72,2,1,1,4.12,0,1,1
2026-09-28T02:21:45.262322+00:00,1017.16,2,0,1,0.23,1,1,1
2026-09-28T02:23:17.932653+00:00,7161.11,2,1,2,3.54,0,0,0
2026-09-28T02:30:06.654746+00:00,2169.29,2,0,1,10.41,0,0,0
2026-09-28T02:33:34.208902+00:00,526.44,2,0,1,1.87,0,0,0
2026-09-28T02:33:44.037961+00:00,19300.99,2,0,0,3.88,0,1,1
2026-09-28T02:35:34.419848+00:00,454.08,2,0,0,3.33,0,0,0
2026-09-28T02:37:30.515363+00:00,774.92,2,1,1,5.52,0,1,1
2026-09-28T02:39:49.808082+00:00,230.98,2,3,0,3.12,0,0,1
2026-09-28T02:44:03.488278+00:00,1905.31,2,0,0,3.05,0,1,0
2026-09-28T02:57:58.800432+00:00,5318.18,2,0,1,10.66,2,1,1
2026-09-28T02:58:54.244995+00:00,2881.81,2,0,1,0.7,0,0,0
2026-09-28T03:11:30.716063+00:00,3043.3,3,4,0,2.95,0,0,1
2026-09-28T03:14:54.409821+00:00,776.4,3,1,3,3.49,0,0,1
2026-09-28T03:27:14.444259+00:00,1408.58,3,0,2,7.38,0,1,1
2026-09-28T03:36:31.592707+00:00,20339.49,3,0,2,1.56,0,0,1
2026-09-28T03:41:21.117085+00:00,354.26,3,0,1,6.81,0,0,0
2026-09-28T03:44:31.648608+00:00,19862.3,3,0,2,6.41,0,1,1
2026-09-28T04:05:01.510297+00:00,2175.35,4,1,1,4.23,0,0,0
2026-09-28T04:05:03.320714+00:00,25907.36,4,2,1,2.63,0,0,1
2026-09-28T04:10:09.421891+00:00,1284.75,4,0,1,4.56,0,0,0
2026-09-28T04:11:57.080566+00:00,1384.04,4,0,1,1.99,0,0,0
2026-09-28T04:23:20.351278+00:00,4516.75,4,0,0,2.87,0,1,0
2026-09-28T04:31:50.772085+00:00,20629.7,4,0,1,0.6,0,0,1
2026-09-28T04:34:19.239880+00:00,894.89,4,0,0,0.83,0,1,0
2026-09-28T04:38:47.341366+00:00,11602.92,4,0,0,8.97,0,0,0
2026-09-28T04:44:20.299072+00:00,342.48,4,0,2,7.77,1,0,0
2026-09-28T04:46:09.181354+00:00,287.08,4,0,1,0.65,1,0,0
2026-09-28T04:46:13.165170+00:00,2956.36,4,0,1,6.37,0,1,1
2026-09-28T04:47:27.633866+00:00,19967.67,4,2,1,4.47,0,1,1
2026-09-28T04:52:47.695317+00:00,10432.09,4,0,0,3.98,0,0,0
2026-09-28T05:01:41.023622+00:00,1721.13,5,0,2,12.66,0,0,0
2026-09-28T05:04:32.521067+00:00,20163.48,5,1,1,7.18,0,0,0
2026-09-28T05:11:42.210263+00:00,3015.39,5,0,3,2.97,0,0,0
2026-09-28T05:12:00.958514+00:00,1154.6,5,0,2,2.05,0,0,0
2026-09-28T05:21:53.498476+00:00,20537.54,5,2,1,7.87,0,1,1
2026-09-28T05:27:31.264904+00:00,21255.22,5,2,2,5.25,0,1,1
2026-09-28T05:27:57.873687+00:00,273.4,5,0,0,0.23,0,0,0
2026-09-28T05:29:38.033927+00:00,20645.62,5,0,1,3.03,0,0,0
2026-09-28T05:30:25.292480+00:00,1838.19,5,1,0,8.14,2,0,0
2026-09-28T05:34:30.074178+00:00,4049.4,5,0,2,3.03,0,0,0
2026-09-28T05:40:26.154089+00:00,17226.39,5,0,1,2.9,0,0,0
2026-09-28T05:40:32.837665+00:00,715.46,5,0,2,5.3,0,1,0
2026-09-28T05:43:24.556274+00:00,798.71,5,3,4,6.09,0,1,1
2026-09-28T05:44:14.098319+00:00,984.88,5,0,1,1.43,0,0,0
2026-09-28T05:46:40.332602+00:00,690.95,5,0,1,8.07,0,0,0
2026-09-28T05:50:24.812215+00:00,24150.04,5,0,1,6.81,0,0,0
2026-09-28T05:50:31.214751+00:00,16669.26,5,0,2,3.19,0,0,0
2026-09-28T05:50:42.092462+00:00,3438.77,5,0,2,4.94,0,0,0
2026-09-28T05:55:13.024383+00:00,3046.03,5,0,0,13.22,0,0,0
2026-09-28T05:57:08.570238+00:00,1748.03,5,0,2,16.58,0,1,0
2026-09-28T06:00:45.175602+00:00,1259.39,6,1,2,8.63,0,0,0
2026-09-28T06:05:02.352532+00:00,7803.83,6,0,2,1.33,0,0,0
2026-09-28T06:07:20.494080+00:00,11176.25,6,0,2,9.93,3,1,0
2026-09-28T06:07:53.518957+00:00,2257.5,6,0,1,7.09,0,1,0
2026-09-28T06:18:29.926907+00:00,1156.87,6,0,0,7.6,0,1,0
2026-09-28T06:18:37.252702+00:00,25037.75,6,0,0,1.13,1,0,0
2026-09-28T06:29:20.810375+00:00,514.69,6,0,2,2.58,3,0,0
2026-09-28T06:34:56.524137+00:00,4702.16,6,0,1,1.9,0,1,0
2026-09-28T06:36:09.406202+00:00,5528.71,6,0,1,7.84,0,1,0
2026-09-28T06:36:45.181423+00:00,486.95,6,1,1,4.13,0,0,0
2026-09-28T06:43:32.934140+00:00,12112.02,6,0,1,3.95,0,1,0
2026-09-28T06:46:57.224418+00:00,13610.25,6,0,1,1.26,0,0,0
2026-09-28T06:46:59.193577+00:00,23782.33,6,1,2,3.35,2,0,1
2026-09-28T06:51:04.877742+00:00,2252.79,6,1,2,6.4,0,0,0
2026-09-28T06:53:10.111537+00:00,963.88,6,1,2,15.11,0,0,0
2026-09-28T06:53:25.405745+00:00,22283.3,6,0,1,10.92,0,0,0
2026-09-28T06:54:13.855744+00:00,1802.76,6,2,1,7.22,0,1,0
2026-09-28T07:08:01.379494+00:00,797.94,7,1,1,10.26,1,0,0
2026-09-28T07:11:02.858203+00:00,1823.48,7,0,1,10.46,0,1,0
2026-09-28T07:13:40.430071+00:00,3549.01,7,0,1,3.26,0,0,0
2026-09-28T07:15:02.347914+00:00,295.37,7,0,1,4.79,0,0,0
2026-09-28T07:19:07.889637+00:00,17633.07,7,0,0,0.37,0,0,0
2026-09-28T07:24:06.159879+00:00,117.46,7,0,1,0.42,1,0,0
2026-09-28T07:27:21.010656+00:00,4489.69,7,0,2,1.82,0,0,0
2026-09-28T07:29:05.008664+00:00,3335.43,7,0,0,3.94,0,0,0
2026-09-28T07:34:24.834331+00:00,18737.25,7,0,1,4.48,0,0,0
2026-09-28T07:34:41.381893+00:00,10763.8,7,0,1,1.06,0,0,0
2026-09-28T07:35:39.385284+00:00,133.22,7,0,1,4.02,0,0,0
2026-09-28T07:37:48.628712+00:00,2912.81,7,0,2,9.13,0,0,0
2026-09-28T07:38:56.017943+00:00,4852.8,7,1,2,7.81,1,0,0
2026-09-28T07:52:49.824719+00:00,5022.18,7,0,3,1.47,0,0,0
2026-09-28T07:54:22.674439+00:00,171.64,7,0,0,3.52,0,0,0
2026-09-28T07:57:46.199785+00:00,21965.26,7,0,1,4.41,0,0,0
2026-09-28T07:58:13.908597+00:00,8080.99,7,1,3,7.51,4,1,0
2026-09-28T07:58:39.639725+00:00,2697.27,7,0,1,1.63,0,1,0
2026-09-28T07:59:41.885059+00:00,2165.41,7,1,0,6.67,0,1,0
2026-09-28T08:13:23.065733+00:00,206.9,8,0,0,3.87,0,0,0
2026-09-28T08:18:37.985766+00:00,2701.38,8,0,0,0.1,0,0,0
2026-09-28T08:26:09.988818+00:00,19053.49,8,0,1,9.31,0,0,0
2026-09-28T08:26:35.205414+00:00,4802.25,8,0,1,1.49,0,0,0
2026-09-28T08:26:45.405967+00:00,1715.42,8,0,0,9.27,0,1,0
2026-09-28T08:32:11.568356+00:00,3742.2,8,1,2,2.13,0,0,0
2026-09-28T08:36:40.435678+00:00,14415.09,8,0,2,4.45,0,0,0
2026-09-28T08:42:13.254977+00:00,516.52,8,0,0,1.91,0,0,0
2026-09-28T08:43:19.975350+00:00,541.56,8,0,1,0.55,1,0,0
2026-09-28T08:43:52.768997+00:00,209.1,8,0,1,4.91,0,1,0
2026-09-28T08:49:10.963209+00:00,2554.15,8,0,1,10.35,0,0,0
2026-09-28T08:49:41.898791+00:00,5115.11,8,0,1,3.07,2,0,0
2026-09-28T08:50:16.340021+00:00,3076.52,8,0,1,1.35,0,0,0
2026-09-28T08:50:50.274002+00:00,20087.13,8,0,2,5.84,1,0,0
2026-09-28T08:53:09.587877+00:00,3712.44,8,0,2,5.04,0,1,0
2026-09-28T08:58:18.408109+00:00,1387.93,8,0,2,1.84,0,1,0
2026-09-28T09:00:40.143509+00:00,16446.66,9,2,0,6.89,0,0,1
2026-09-28T09:03:03.501699+00:00,1267.27,9,2,2,1.68,0,0,0
2026-09-28T09:04:31.983968+00:00,20664.29,9,0,1,3.12,0,0,1
2026-09-28T09:09:11.179669+00:00,624.19,9,0,1,3.24,0,1,0
2026-09-28T09:09:37.892764+00:00,101.95,9,0,0,4.56,3,1,1
2026-09-28T09:11:22.292283+00:00,2961.85,9,0,0,8.25,0,0,0
2026-09-28T09:16:28.376709+00:00,27536.26,9,1,0,8.91,0,0,0
2026-09-28T09:21:54.499415+00:00,23084.89,9,0,0,4.76,0,0,0
2026-09-28T09:26:07.910863+00:00,4947.99,9,1,0,9.04,0,0,0
2026-09-28T09:28:44.335472+00:00,3634.9,9,0,1,2.23,1,0,0
2026-09-28T09:30:29.092517+00:00,2261.71,9,0,1,2.0,0,0,0
2026-09-28T09:35:23.924644+00:00,4115.17,9,0,1,2.27,0,0,0
2026-09-28T09:40:16.119433+00:00,5621.16,9,0,2,3.64,0,1,0
2026-09-28T09:43:33.000747+00:00,874.55,9,3,4,2.88,0,0,0
2026-09-28T09:45:39.474271+00:00,1370.94,9,0,2,4.12,0,0,0
2026-09-28T09:48:53.243903+00:00,870.4,9,0,2,3.32,0,0,0
2026-09-28T09:49:57.406393+00:00,1985.75,9,3,1,1.99,0,0,0
2026-09-28T09:56:31.287834+00:00,6982.83,9,0,2,0.84,0,0,0
2026-09-28T09:58:12.188269+00:00,1415.0,9,0,0,1.79,0,1,0
2026-09-28T10:03:10.984755+00:00,1561.28,10,0,1,3.77,0,0,0
2026-09-28T10:07:32.444792+00:00,6359.97,10,0,0,4.07,0,0,0
2026-09-28T10:07:43.903254+00:00,16700.32,10,0,1,3.26,3,0,1
2026-09-28T10:11:45.410775+00:00,2513.39,10,0,0,4.44,0,0,0
2026-09-28T10:13:59.831737+00:00,26516.08,10,0,1,1.86,0,0,0
2026-09-28T10:14:41.609174+00:00,2218.01,10,0,0,2.2,0,1,0
2026-09-28T10:15:35.871664+00:00,3721.8,10,0,3,5.98,0,0,0
2026-09-28T10:15:35.930978+00:00,346.52,10,0,2,6.17,0,0,0
2026-09-28T10:21:24.168828+00:00,689.71,10,1,2,4.21,0,1,0
2026-09-28T10:27:43.263009+00:00,1718.07,10,2,4,13.79,0,0,1
2026-09-28T10:28:20.219041+00:00,2245.21,10,0,1,1.49,0,0,0
2026-09-28T10:33:31.736859+00:00,26975.8,10,0,1,1.39,0,1,1
2026-09-28T10:37:28.406872+00:00,11351.26,10,0,1,7.0,0,0,0
2026-09-28T10:38:30.914173+00:00,6156.42,10,0,1,0.42,0,1,0
2026-09-28T10:39:18.004755+00:00,1273.48,10,1,3,15.08,1,0,0
2026-09-28T10:39:34.940025+00:00,28000.0,10,0,1,8.42,0,0,0
2026-09-28T10:39:42.779019+00:00,3800.99,10,0,0,5.21,1,0,0
2026-09-28T10:42:31.178793+00:00,1657.21,10,0,1,7.3,1,1,0
2026-09-28T10:44:40.889755+00:00,3930.63,10,0,1,4.91,0,1,0
2026-09-28T10:54:43.474988+00:00,113.31,10,0,0,5.68,1,1,0
2026-09-28T10:57:33.876428+00:00,565.62,10,1,2,15.05,0,0,0
2026-09-28T10:59:38.202805+00:00,5724.35,10,2,2,5.33,2,1,1
2026-09-28T11:00:29.169426+00:00,3379.21,11,0,0,3.38,0,0,0
2026-09-28T11:04:24.315949+00:00,1509.16,11,0,1,0.75,0,1,0
2026-09-28T11:06:01.878966+00:00,2282.34,11,0,1,1.08,0,0,0
2026-09-28T11:15:11.290074+00:00,7597.2,11,0,3,10.46,0,1,0
2026-09-28T11:16:24.459626+00:00,20355.67,11,0,1,2.94,0,1,0
2026-09-28T11:17:59.279460+00:00,1684.79,11,1,1,14.43,1,1,0
2026-09-28T11:19:24.686656+00:00,470.25,11,0,0,8.94,0,0,0
2026-09-28T11:19:26.094899+00:00,1172.9,11,0,1,6.38,0,0,0
2026-09-28T11:24:06.442470+00:00,12323.36,11,0,1,2.88,0,0,0
2026-09-28T11:25:40.134784+00:00,1900.39,11,0,2,10.59,2,1,1
2026-09-28T11:27:08.697136+00:00,2102.74,11,0,0,1.98,0,1,0
2026-09-28T11:57:23.102328+00:00,2269.11,11,0,0,5.48,0,0,0
2026-09-28T12:23:20.865118+00:00,6956.2,12,1,2,3.37,1,0,0
2026-09-28T12:35:39.988050+00:00,3023.71,12,0,1,2.68,0,0,0
2026-09-28T12:35:55.693321+00:00,3845.97,12,0,3,2.07,2,0,0
2026-09-28T12:38:03.740917+00:00,1638.67,12,0,0,5.44,2,1,1
2026-09-28T12:38:25.956531+00:00,20052.13,12,0,1,4.77,0,0,0
2026-09-28T12:41:14.575547+00:00,8614.42,12,0,3,7.89,0,1,0
2026-09-28T12:43:03.894357+00:00,9591.0,12,0,1,3.43,0,1,0
2026-09-28T12:44:50.124443+00:00,9592.59,12,0,1,4.62,0,0,0
2026-09-28T12:52:20.674426+00:00,9265.86,12,0,2,2.86,0,0,0
2026-09-28T13:01:18.200341+00:00,5463.87,13,0,1,4.74,0,1,0
2026-09-28T13:02:09.848015+00:00,3752.48,13,1,0,3.06,0,1,0
2026-09-28T13:19:08.397130+00:00,6015.75,13,2,3,10.14,0,0,0
2026-09-28T13:19:44.452957+00:00,2996.5,13,0,3,6.57,0,0,0
2026-09-28T13:19:52.887548+00:00,18824.34,13,1,1,4.94,0,0,0
2026-09-28T13:20:30.715868+00:00,1648.14,13,1,3,7.03,0,0,0
2026-09-28T13:27:27.594093+00:00,11422.18,13,0,1,2.7,0,1,0
2026-09-28T13:29:05.841106+00:00,1444.11,13,0,0,2.01,1,0,0
2026-09-28T13:32:25.275491+00:00,6535.68,13,0,1,2.38,0,0,0
2026-09-28T13:33:37.479237+00:00,373.11,13,0,0,2.12,1,0,0
2026-09-28T13:44:45.645979+00:00,1361.57,13,0,1,1.82,0,0,0
2026-09-28T13:47:02.806451+00:00,18512.93,13,0,0,22.8,0,0,1
2026-09-28T13:58:01.954569+00:00,229.54,13,0,1,0.96,0,0,0
2026-09-28T13:59:40.576081+00:00,465.78,13,0,4,1.8,0,1,0
2026-09-28T13:59:54.353489+00:00,746.84,13,0,3,4.75,0,0,0
2026-09-28T14:03:07.967082+00:00,5880.87,14,0,3,1.24,0,0,0
2026-09-28T14:04:00.011620+00:00,269.6,14,1,0,3.6,0,0,0
2026-09-28T14:04:04.177683+00:00,1195.43,14,1,1,4.96,0,0,0
2026-09-28T14:05:28.680711+00:00,92.73,14,0,0,2.53,0,0,0
2026-09-28T14:05:28.915424+00:00,3866.41,14,0,2,5.97,0,1,0
2026-09-28T14:06:52.165901+00:00,3158.82,14,0,2,6.84,0,0,0
2026-09-28T14:08:20.308073+00:00,3373.88,14,2,0,0.96,0,0,0
2026-09-28T14:15:49.992449+00:00,1560.85,14,1,1,1.33,0,1,0
2026-09-28T14:18:27.913425+00:00,807.3,14,0,1,1.77,0,1,0
2026-09-28T14:20:02.785897+00:00,19637.46,14,0,0,2.92,0,0,0
2026-09-28T14:27:27.984263+00:00,5393.22,14,0,1,0.27,0,1,0
2026-09-28T14:31:47.615329+00:00,537.43,14,1,2,4.36,2,1,0
2026-09-28T14:32:03.756687+00:00,2194.87,14,2,0,4.45,0,0,0
2026-09-28T14:32:46.569061+00:00,975.11,14,0,0,3.57,0,1,0
2026-09-28T14:34:15.845167+00:00,21400.24,14,0,1,2.59,0,0,1
2026-09-28T14:38:42.037751+00:00,4301.54,14,0,0,3.22,0,1,0
2026-09-28T14:49:14.970671+00:00,2531.68,14,2,0,2.78,0,0,0
2026-09-28T14:49:29.103122+00:00,839.46,14,0,0,5.34,0,1,0
2026-09-28T14:50:19.403989+00:00,1247.4,14,0,2,9.0,1,0,0
2026-09-28T14:55:09.276851+00:00,10942.58,14,0,1,1.62,0,1,0
2026-09-28T14:58:50.781516+00:00,6102.74,14,1,1,9.94,0,0,0
2026-09-28T15:06:46.787002+00:00,6843.42,15,0,5,6.76,0,0,0
2026-09-28T15:12:22.699670+00:00,2031.87,15,0,1,7.51,0,0,0
2026-09-28T15:13:32.946795+00:00,3188.49,15,0,2,6.36,0,1,0
2026-09-28T15:14:08.789102+00:00,1573.08,15,0,1,3.08,0,1,0
2026-09-28T15:20:33.661080+00:00,19726.05,15,0,2,2.8,0,0,0
2026-09-28T15:26:55.369796+00:00,1700.35,15,0,2,9.96,0,0,0
2026-09-28T15:27:27.678284+00:00,2944.34,15,0,1,4.02,0,0,0
2026-09-28T15:30:16.883268+00:00,1143.12,15,2,1,4.58,0,0,0
2026-09-28T15:30:50.787087+00:00,6087.36,15,2,1,1.08,0,0,0
2026-09-28T15:32:09.659238+00:00,584.21,15,0,2,4.81,2,0,0
2026-09-28T15:33:38.196740+00:00,1523.96,15,2,2,0.6,0,1,0
2026-09-28T15:34:37.900211+00:00,486.95,15,0,1,1.2,0,0,0
2026-09-28T15:35:13.835580+00:00,1720.52,15,0,0,5.65,0,0,0
2026-09-28T15:35:38.041695+00:00,189.5,15,0,3,0.62,0,0,0
2026-09-28T15:42:05.574482+00:00,1078.27,15,0,3,2.67,0,1,0
2026-09-28T15:42:10.642914+00:00,1698.57,15,1,1,5.62,0,0,0
2026-09-28T15:45:16.666819+00:00,2141.29,15,1,1,1.79,1,0,0
2026-09-28T15:48:41.825392+00:00,2570.71,15,0,1,6.88,0,0,0
2026-09-28T15:55:25.332556+00:00,1089.03,15,0,0,4.64,0,0,0
2026-09-28T16:02:35.034309+00:00,2429.04,16,0,0,5.45,0,1,0
2026-09-28T16:13:23.609753+00:00,18385.72,16,1,0,2.29,0,0,0
2026-09-28T16:19:09.663369+00:00,1276.18,16,0,0,2.29,0,0,0
2026-09-28T16:22:38.134868+00:00,5734.04,16,0,1,2.93,0,0,0
2026-09-28T16:28:45.368234+00:00,2584.38,16,1,0,12.05,0,0,0
2026-09-28T16:30:05.449300+00:00,1352.39,16,2,2,2.24,0,0,0
2026-09-28T16:31:24.608290+00:00,9480.39,16,0,2,3.15,0,0,0
2026-09-28T16:35:34.456449+00:00,6028.18,16,1,2,6.24,0,0,0
2026-09-28T16:37:08.761210+00:00,13021.87,16,0,0,2.22,0,1,0
2026-09-28T16:39:12.712424+00:00,3830.93,16,0,1,2.28,1,0,0
2026-09-28T16:40:31.953625+00:00,1580.56,16,0,0,5.0,0,0,0
2026-09-28T16:44:10.684788+00:00,15448.83,16,0,0,9.25,0,1,1
2026-09-28T16:48:48.822756+00:00,3543.57,16,0,2,8.9,0,1,0
2026-09-28T16:51:48.117854+00:00,12711.87,16,0,1,5.26,1,0,0
2026-09-28T16:54:47.449223+00:00,3213.32,16,0,0,6.47,0,1,0
2026-09-28T16:55:08.102329+00:00,6888.2,16,0,1,1.46,0,1,0
2026-09-28T16:57:28.026457+00:00,1337.25,16,0,0,3.59,0,0,0
2026-09-28T16:59:50.366203+00:00,1731.95,16,0,0,2.52,0,0,0
2026-09-28T17:04:48.235615+00:00,7635.66,17,0,0,3.62,0,0,0
2026-09-28T17:08:49.759188+00:00,4585.27,17,0,2,1.53,0,0,0
2026-09-28T17:13:35.655139+00:00,12812.48,17,0,2,7.31,0,0,0
2026-09-28T17:14:07.984084+00:00,4829.94,17,0,2,7.15,0,0,0
2026-09-28T17:14:24.134838+00:00,1964.45,17,0,2,2.28,0,0,0
2026-09-28T17:17:28.529197+00:00,2483.35,17,0,3,4.85,0,0,0
2026-09-28T17:20:36.248493+00:00,7444.81,17,0,1,3.68,0,1,0
2026-09-28T17:24:43.850025+00:00,2626.96,17,0,3,7.57,3,0,0
2026-09-28T17:25:32.702200+00:00,20239.98,17,0,3,6.46,0,1,1
2026-09-28T17:26:28.442100+00:00,1890.49,17,2,0,1.8,0,0,0
2026-09-28T17:33:42.153040+00:00,2384.24,17,0,1,2.75,0,1,0
2026-09-28T17:38:42.503188+00:00,385.51,17,0,1,1.23,0,1,0
2026-09-28T17:39:42.338862+00:00,4417.28,17,0,1,2.31,0,1,0
2026-09-28T17:46:26.361906+00:00,21350.14,17,0,1,17.82,0,0,1
2026-09-28T17:48:18.912517+00:00,1720.98,17,2,1,19.9,0,0,0
2026-09-28T17:52:59.941805+00:00,20516.83,17,0,0,4.12,1,1,1
2026-09-28T17:54:29.451874+00:00,2076.97,17,0,1,2.83,0,0,0
2026-09-28T17:57:35.588825+00:00,5964.83,17,0,0,5.2,0,0,0
2026-09-28T17:58:02.192188+00:00,1398.78,17,1,1,10.59,0,1,0
2026-09-28T18:01:50.759808+00:00,28000.0,18,0,0,10.43,0,1,1
2026-09-28T18:19:10.478670+00:00,812.16,18,0,1,5.38,1,1,0
2026-09-28T18:20:47.065034+00:00,184.85,18,0,1,12.76,0,0,0
2026-09-28T18:22:30.055351+00:00,6649.0,18,0,1,3.69,0,0,0
2026-09-28T18:25:43.929095+00:00,4524.46,18,0,2,6.67,0,0,0
2026-09-28T18:27:43.491357+00:00,904.62,18,0,4,4.71,0,0,0
2026-09-28T18:32:29.811496+00:00,27447.37,18,0,1,0.27,1,0,0
2026-09-28T18:34:52.352136+00:00,22910.35,18,0,0,4.9,0,0,0
2026-09-28T18:35:19.445502+00:00,9715.27,18,0,0,4.12,0,0,0
2026-09-28T18:37:02.720026+00:00,2310.42,18,1,2,4.06,0,1,0
2026-09-28T18:37:30.676960+00:00,2102.95,18,2,0,5.95,0,1,1
2026-09-28T18:38:53.803711+00:00,1968.07,18,0,1,1.16,0,1,0
2026-09-28T18:39:39.508793+00:00,1364.9,18,0,1,6.49,1,0,0
2026-09-28T18:40:39.226495+00:00,2501.37,18,1,2,2.57,0,0,0
2026-09-28T18:46:15.351633+00:00,1987.98,18,1,1,0.8,0,1,0
2026-09-28T18:47:32.778024+00:00,179.8,18,0,0,0.7,0,0,0
2026-09-28T18:49:37.618708+00:00,1025.42,18,0,0,0.99,0,0,0
2026-09-28T18:56:11.244927+00:00,826.99,18,1,0,2.52,0,0,0
2026-09-28T18:59:30.576407+00:00,6526.2,18,0,2,6.55,1,1,0
2026-09-28T19:06:29.033671+00:00,2983.1,19,0,1,6.54,0,0,0
2026-09-28T19:23:31.567852+00:00,4676.26,19,1,0,2.76,2,1,0
2026-09-28T19:26:13.885978+00:00,10116.06,19,0,1,6.28,0,0,0
2026-09-28T19:40:58.744726+00:00,3365.39,19,0,3,2.38,0,0,0
2026-09-28T19:50:10.591040+00:00,13025.95,19,0,0,1.85,0,0,0
2026-09-28T19:50:23.224445+00:00,1255.6,19,1,1,0.41,2,0,0
2026-09-28T19:53:30.618926+00:00,719.59,19,1,1,9.29,0,1,0
2026-09-28T19:58:14.009899+00:00,1712.34,19,0,0,1.98,0,1,0
2026-09-28T19:58:51.239994+00:00,2096.44,19,0,0,2.4,1,1,0
2026-09-28T20:00:45.900919+00:00,7283.18,20,0,2,4.82,0,0,0
2026-09-28T20:03:27.484408+00:00,2686.7,20,1,2,3.26,1,0,0
2026-09-28T20:06:02.785098+00:00,1165.81,20,0,0,10.47,0,0,0
2026-09-28T20:06:51.235382+00:00,4403.22,20,0,1,6.42,1,0,0
2026-09-28T20:07:15.069023+00:00,2315.61,20,0,0,1.73,0,0,0
2026-09-28T20:13:44.943395+00:00,19588.77,20,0,0,2.66,2,0,1
2026-09-28T20:16:51.177662+00:00,2811.86,20,1,0,2.98,0,1,0
2026-09-28T20:17:51.786978+00:00,7815.4,20,0,1,0.93,0,0,0
2026-09-28T20:19:11.606427+00:00,5977.15,20,1,1,5.74,0,0,0
2026-09-28T20:22:30.026540+00:00,2888.31,20,0,1,7.51,0,0,0
2026-09-28T20:23:34.569133+00:00,1574.7,20,0,2,1.94,0,1,0
2026-09-28T20:44:47.500576+00:00,351.19,20,2,1,5.74,0,0,0
2026-09-28T20:48:40.287305+00:00,17862.26,20,0,2,7.89,0,0,0
2026-09-28T20:49:41.325448+00:00,4522.87,20,0,1,2.23,1,0,0
2026-09-28T20:49:52.096491+00:00,1489.49,20,0,1,5.35,1,0,0
2026-09-28T20:53:36.966698+00:00,919.08,20,0,2,8.08,0,0,0
2026-09-28T20:55:36.528164+00:00,8633.33,20,0,0,2.68,0,0,0
2026-09-28T21:05:12.149650+00:00,5575.13,21,0,1,3.24,1,1,0
2026-09-28T21:12:33.512392+00:00,3313.99,21,1,3,3.04,0,0,0
2026-09-28T21:14:59.009923+00:00,530.69,21,0,2,0.43,0,0,0
2026-09-28T21:19:35.809758+00:00,560.95,21,0,0,2.08,0,0,0
2026-09-28T21:22:34.486623+00:00,408.62,21,1,0,6.34,0,0,0
2026-09-28T21:28:21.566622+00:00,18562.29,21,0,0,3.99,0,0,0
2026-09-28T21:31:58.058602+00:00,452.97,21,0,2,11.94,0,0,0
2026-09-28T21:37:49.453164+00:00,5977.24,21,0,0,6.91,2,0,0
2026-09-28T21:39:34.112133+00:00,15921.95,21,1,0,5.46,1,1,0
2026-09-28T21:46:50.824427+00:00,1520.02,21,2,2,1.26,0,0,0
2026-09-28T21:51:20.605103+00:00,1994.5,21,0,0,10.45,0,0,0
2026-09-28T21:53:02.777223+00:00,4039.65,21,0,2,6.4,0,1,0
2026-09-28T21:53:09.191875+00:00,8914.57,21,0,1,3.29,0,1,0
2026-09-28T21:57:11.102391+00:00,7244.64,21,0,0,6.62,0,1,0
2026-09-28T22:01:04.233607+00:00,249.81,22,0,2,2.75,0,0,0
2026-09-28T22:08:03.208420+00:00,652.68,22,0,1,4.6,0,0,0
2026-09-28T22:11:01.357411+00:00,4555.53,22,1,0,9.7,0,1,0
2026-09-28T22:12:58.540433+00:00,3796.38,22,0,2,4.9,0,0,0
2026-09-28T22:13:45.200131+00:00,517.5,22,0,0,2.57,0,0,0
2026-09-28T22:14:43.575940+00:00,2291.31,22,0,2,2.2,0,0,0
2026-09-28T22:17:08.845247+00:00,4917.08,22,0,0,2.26,0,0,0
2026-09-28T22:21:28.250299+00:00,850.08,22,0,0,4.51,0,0,0
2026-09-28T22:28:00.318367+00:00,6620.56,22,1,1,3.94,0,0,0
2026-09-28T22:38:12.472256+00:00,18381.65,22,0,0,1.86,0,0,0
2026-09-28T22:38:46.428643+00:00,22685.35,22,0,0,3.83,0,1,1
2026-09-28T22:39:15.279306+00:00,23472.75,22,0,0,1.36,0,0,0
2026-09-28T22:43:47.287670+00:00,1271.61,22,1,1,2.53,0,1,0
2026-09-28T22:44:04.089633+00:00,4144.17,22,0,1,2.87,0,1,0
2026-09-28T22:44:42.281838+00:00,4939.81,22,0,1,1.12,0,0,0
2026-09-28T23:00:04.118197+00:00,8753.03,23,0,0,6.51,1,1,0
2026-09-28T23:09:06.564070+00:00,1527.23,23,1,1,4.26,0,0,0
2026-09-28T23:11:52.048452+00:00,3766.93,23,0,1,10.17,0,0,0
2026-09-28T23:22:27.179152+00:00,3013.13,23,0,2,5.6,0,1,0
2026-09-28T23:24:07.374645+00:00,2443.6,23,0,4,3.31,0,0,0
2026-09-28T23:25:46.478731+00:00,7135.42,23,0,0,5.75,0,0,0
2026-09-28T23:28:59.414942+00:00,70.15,23,0,0,4.23,0,0,0
2026-09-28T23:30:21.355470+00:00,1120.61,23,0,2,2.44,0,1,0
2026-09-28T23:30:37.581458+00:00,21662.88,23,0,0,6.28,0,1,1
2026-09-28T23:35:57.453629+00:00,688.39,23,0,2,3.84,0,1,0
2026-09-28T23:40:29.138273+00:00,7690.45,23,2,0,2.61,0,0,0
2026-09-28T23:48:20.955598+00:00,3397.52,23,0,2,5.16,0,1,0
2026-09-28T23:48:57.298470+00:00,2139.56,23,0,1,2.49,0,0,0
2026-09-28T23:50:35.261542+00:00,5454.52,23,0,2,3.73,0,0,0
2026-09-29T00:03:54.036300+00:00,19301.16,0,0,1,2.62,0,0,0
2026-09-29T00:11:02.196841+00:00,2677.36,0,0,1,1.38,0,0,0
2026-09-29T00:11:33.158199+00:00,68.82,0,0,1,5.24,3,1,1
2026-09-29T00:14:40.608704+00:00,1516.75,0,0,1,4.84,0,1,0
2026-09-29T00:15:52.128226+00:00,538.14,0,1,2,3.69,1,1,0
2026-09-29T00:20:09.155824+00:00,3804.57,0,4,0,3.9,0,0,0
2026-09-29T00:22:32.607072+00:00,22567.11,0,1,1,2.35,0,0,0
2026-09-29T00:26:52.043512+00:00,1209.4,0,0,1,3.16,0,1,0
2026-09-29T00:27:43.187827+00:00,2078.55,0,0,4,4.82,2,0,1
2026-09-29T00:27:51.629157+00:00,812.81,0,0,0,5.54,0,0,0
2026-09-29T00:33:05.839031+00:00,26094.4,0,0,0,3.13,0,1,1
2026-09-29T00:34:52.441365+00:00,20035.03,0,2,0,6.02,0,0,1
2026-09-29T00:40:08.069760+00:00,6477.84,0,0,0,1.61,1,1,0
2026-09-29T00:43:44.210988+00:00,2351.61,0,0,2,16.98,0,0,0
2026-09-29T00:44:07.713218+00:00,3147.41,0,0,0,1.57,0,0,0
2026-09-29T00:45:29.688594+00:00,1213.29,0,1,2,3.24,0,0,0
2026-09-29T00:47:05.759297+00:00,10946.8,0,1,1,3.5,0,0,0
2026-09-29T00:48:54.264436+00:00,1119.45,0,0,0,3.9,2,0,0
2026-09-29T00:50:01.932186+00:00,2904.37,0,0,4,4.98,0,0,0
2026-09-29T00:50:18.140615+00:00,16134.3,0,0,1,2.75,0,0,0
2026-09-29T00:51:10.814038+00:00,6874.16,0,0,0,1.97,0,1,0
2026-09-29T00:57:13.032352+00:00,2519.46,0,0,2,10.12,0,0,0
2026-09-29T01:00:06.078285+00:00,14918.69,1,0,1,4.45,1,1,0
2026-09-29T01:01:13.876553+00:00,3927.36,1,1,0,2.8,0,0,0
2026-09-29T01:03:06.355461+00:00,809.05,1,1,2,4.98,0,0,0
2026-09-29T01:04:37.058900+00:00,1724.63,1,0,0,5.2,0,0,0
2026-09-29T01:11:40.681291+00:00,1363.06,1,0,0,6.24,0,1,1
2026-09-29T01:12:14.878387+00:00,1409.17,1,0,0,5.89,0,0,0
2026-09-29T01:15:54.566876+00:00,24360.41,1,0,1,6.62,0,0,1
2026-09-29T01:15:55.787442+00:00,2868.65,1,0,1,9.89,0,1,1
2026-09-29T01:19:01.800798+00:00,20537.84,1,0,1,8.32,0,0,1
2026-09-29T01:19:56.786966+00:00,20318.33,1,2,1,5.09,0,1,1
2026-09-29T01:23:06.028599+00:00,1186.75,1,1,1,6.82,0,0,0
2026-09-29T01:28:07.945712+00:00,18730.14,1,1,0,0.99,2,1,1
2026-09-29T01:42:30.045051+00:00,9926.46,1,0,0,6.95,0,0,0
2026-09-29T01:43:41.251885+00:00,9091.35,1,1,0,4.64,0,0,0
2026-09-29T01:55:09.335860+00:00,5393.39,1,0,0,0.99,1,1,0
2026-09-29T02:01:01.475164+00:00,857.59,2,0,6,4.81,0,0,1
2026-09-29T02:02:15.350506+00:00,2494.05,2,0,1,6.53,0,1,0
2026-09-29T02:03:27.596893+00:00,18543.33,2,1,0,3.27,0,0,1
2026-09-29T02:08:23.293854+00:00,1022.13,2,0,0,1.88,1,0,0
2026-09-29T02:10:23.848352+00:00,3080.97,2,0,1,3.38,3,0,1
2026-09-29T02:10:31.288876+00:00,193.41,2,0,3,6.58,0,1,1
2026-09-29T02:20:34.284569+00:00,11223.75,2,0,2,4.87,0,0,0
2026-09-29T02:26:56.880212+00:00,8089.69,2,0,1,3.35,0,0,0
2026-09-29T02:31:01.839344+00:00,1593.68,2,0,0,5.29,0,0,0
2026-09-29T02:37:07.996974+00:00,2378.33,2,2,1,2.33,1,1,1
2026-09-29T02:37:34.187424+00:00,2068.27,2,1,0,6.92,0,0,0
2026-09-29T02:37:34.255586+00:00,6904.05,2,2,2,3.42,0,0,1
2026-09-29T02:41:35.393014+00:00,3793.39,2,0,2,6.01,0,0,0
2026-09-29T02:44:01.535584+00:00,1102.83,2,0,1,5.96,0,0,0
2026-09-29T02:46:35.419522+00:00,1954.75,2,0,2,1.55,0,0,0
2026-09-29T02:49:38.990962+00:00,1852.98,2,1,0,6.5,0,1,1
2026-09-29T02:53:49.487671+00:00,27054.79,2,0,4,4.92,1,1,1
2026-09-29T02:59:03.649799+00:00,676.8,2,0,1,2.34,1,1,0
2026-09-29T03:08:47.535385+00:00,360.3,3,0,3,4.58,1,0,1
2026-09-29T03:09:02.258198+00:00,6861.39,3,0,2,0.85,0,0,0
2026-09-29T03:09:36.025951+00:00,7323.94,3,0,3,5.31,0,0,1
2026-09-29T03:11:52.503391+00:00,23556.14,3,0,0,7.4,0,1,1
2026-09-29T03:12:18.950040+00:00,2349.11,3,0,2,9.2,0,1,1
2026-09-29T03:16:38.871783+00:00,20189.07,3,0,2,6.33,0,1,1
2026-09-29T03:18:57.751339+00:00,2711.69,3,0,1,9.65,0,0,0
2026-09-29T03:24:02.228593+00:00,290.33,3,0,1,2.35,0,0,0
2026-09-29T03:25:47.469055+00:00,2958.98,3,0,0,12.93,0,1,0
2026-09-29T03:29:31.291754+00:00,103.86,3,2,1,0.52,0,0,1
2026-09-29T03:30:34.445375+00:00,1317.68,3,0,0,7.4,0,1,0
2026-09-29T03:31:00.519270+00:00,8676.19,3,0,1,5.35,0,1,0
2026-09-29T03:33:56.956658+00:00,20919.64,3,0,1,4.57,0,0,1
2026-09-29T03:42:31.630545+00:00,24601.15,3,0,0,3.63,1,0,1
2026-09-29T03:45:36.151933+00:00,981.15,3,1,0,4.8,1,0,0
2026-09-29T03:47:24.306724+00:00,1268.63,3,2,0,6.56,0,1,1
2026-09-29T03:49:27.052755+00:00,19929.87,3,1,2,6.17,0,1,1
2026-09-29T03:56:41.292018+00:00,4648.54,3,0,1,1.26,0,0,0
2026-09-29T03:58:08.398810+00:00,2286.97,3,0,1,7.52,0,0,0
2026-09-29T03:59:52.946100+00:00,6901.76,3,1,0,1.41,0,0,0
2026-09-29T04:09:03.827039+00:00,191.43,4,0,2,3.0,1,0,0
2026-09-29T04:22:16.952410+00:00,8231.35,4,1,1,2.6,0,0,0
2026-09-29T04:31:06.169783+00:00,15364.78,4,3,1,3.8,1,0,1
2026-09-29T04:32:15.416060+00:00,6959.92,4,0,0,6.3,0,0,0
2026-09-29T04:41:31.186092+00:00,1699.25,4,0,0,9.83,0,0,0
2026-09-29T04:44:54.024564+00:00,5782.58,4,0,2,4.48,0,0,0
2026-09-29T04:46:45.761140+00:00,3623.91,4,0,0,7.44,1,0,0
2026-09-29T04:52:00.068066+00:00,679.24,4,0,1,8.67,0,0,0
2026-09-29T05:05:43.149072+00:00,8065.17,5,0,3,1.45,0,0,0
2026-09-29T05:10:00.635228+00:00,15975.25,5,0,0,3.35,0,1,1
2026-09-29T05:11:59.498164+00:00,955.68,5,0,3,4.38,0,0,0
2026-09-29T05:18:47.671543+00:00,5445.51,5,0,1,1.36,0,0,0
2026-09-29T05:31:25.022041+00:00,418.1,5,1,0,3.91,0,0,0
2026-09-29T05:36:41.127373+00:00,863.44,5,1,0,3.39,0,0,0
2026-09-29T05:37:34.144732+00:00,2301.69,5,0,1,1.36,0,0,0
2026-09-29T05:39:56.374353+00:00,5739.25,5,1,0,3.15,0,1,0
2026-09-29T05:48:41.045945+00:00,570.6,5,0,1,0.83,1,1,0
2026-09-29T05:49:19.888526+00:00,2598.69,5,0,0,11.03,0,1,0
2026-09-29T05:50:06.981479+00:00,4034.92,5,1,1,0.58,0,0,0
2026-09-29T05:52:52.371427+00:00,6365.2,5,0,6,3.97,0,0,0
2026-09-29T05:53:39.110528+00:00,8834.74,5,0,1,3.65,0,0,0
2026-09-29T05:55:40.270746+00:00,4973.42,5,0,2,1.63,0,0,0
2026-09-29T06:04:12.850271+00:00,3445.4,6,1,4,2.2,1,0,0
2026-09-29T06:09:29.375674+00:00,1879.17,6,0,0,11.6,0,0,0
2026-09-29T06:11:18.811363+00:00,440.5,6,1,0,1.42,0,0,0
2026-09-29T06:12:33.821237+00:00,4018.3,6,0,1,0.1,0,1,0
2026-09-29T06:15:14.664468+00:00,15820.01,6,0,1,5.66,0,0,0
2026-09-29T06:20:29.610311+00:00,4331.01,6,0,2,5.08,0,0,0
2026-09-29T06:24:31.925231+00:00,18397.29,6,0,0,0.95,0,0,0
2026-09-29T06:26:26.874721+00:00,2254.22,6,0,0,4.3,0,1,0
2026-09-29T06:27:24.580727+00:00,3111.5,6,0,1,4.14,0,0,0
2026-09-29T06:29:52.099519+00:00,17739.91,6,0,2,3.45,0,1,0
2026-09-29T06:41:02.569600+00:00,4130.36,6,0,0,12.75,0,0,0
2026-09-29T06:45:09.492056+00:00,2673.41,6,0,1,3.16,0,1,0
2026-09-29T06:50:44.897213+00:00,15371.47,6,1,0,7.76,0,1,1
2026-09-29T06:53:43.766942+00:00,9182.49,6,1,1,9.9,0,0,0
2026-09-29T06:53:57.648803+00:00,3877.35,6,1,0,6.78,1,0,0
2026-09-29T06:54:03.681150+00:00,924.92,6,1,1,3.82,0,1,0
2026-09-29T06:56:58.587724+00:00,1305.06,6,0,2,8.5,0,0,0
2026-09-29T06:57:17.020342+00:00,8220.38,6,0,0,1.25,0,1,0
2026-09-29T07:00:28.678342+00:00,7050.95,7,1,2,4.09,0,1,0
2026-09-29T07:12:53.144735+00:00,1722.21,7,0,0,2.3,1,1,0
2026-09-29T07:13:33.233315+00:00,184.99,7,0,1,0.58,0,0,0
2026-09-29T07:14:04.160699+00:00,219.08,7,0,0,2.65,0,1,0
2026-09-29T07:14:57.236198+00:00,1128.68,7,0,0,2.88,0,1,0
2026-09-29T07:15:24.129869+00:00,3234.02,7,0,2,0.56,2,0,0
2026-09-29T07:16:24.208279+00:00,2868.12,7,0,0,0.59,0,0,0
2026-09-29T07:16:29.840320+00:00,3274.88,7,1,1,2.02,0,0,0
2026-09-29T07:19:58.486401+00:00,4102.59,7,0,3,2.16,0,1,0
2026-09-29T07:25:02.109174+00:00,121.49,7,0,1,10.32,1,1,0
2026-09-29T07:31:17.315784+00:00,415.29,7,0,0,7.23,0,1,0
2026-09-29T07:37:55.703003+00:00,1485.54,7,1,1,5.06,0,1,0
2026-09-29T07:41:48.542946+00:00,598.41,7,0,1,12.81,0,0,0
2026-09-29T07:42:06.723029+00:00,310.58,7,0,1,4.46,0,0,0
2026-09-29T07:44:19.964103+00:00,3337.87,7,0,2,1.89,0,0,0
2026-09-29T07:49:45.759307+00:00,5465.5,7,0,0,1.27,2,0,0
2026-09-29T07:52:08.003581+00:00,4529.94,7,0,1,5.31,0,0,0
2026-09-29T07:53:18.042428+00:00,5495.16,7,1,0,3.87,0,1,0
2026-09-29T07:55:57.779753+00:00,3567.79,7,0,0,5.74,0,1,0
2026-09-29T08:01:22.780325+00:00,21538.13,8,0,1,2.19,0,0,0
2026-09-29T08:04:36.954259+00:00,1074.88,8,0,0,6.7,1,1,0
2026-09-29T08:07:06.489842+00:00,15941.58,8,0,1,9.24,0,1,0
2026-09-29T08:21:59.605179+00:00,707.42,8,0,3,5.21,0,1,0
2026-09-29T08:22:13.655492+00:00,832.57,8,0,0,4.91,0,0,0
2026-09-29T08:26:03.291728+00:00,14501.3,8,0,2,2.53,0,1,0
2026-09-29T08:26:49.763983+00:00,11907.25,8,1,0,4.94,0,1,0
2026-09-29T08:36:07.548682+00:00,14291.01,8,0,2,3.58,0,0,0
2026-09-29T08:40:46.833652+00:00,5129.53,8,1,1,6.06,0,0,0
2026-09-29T08:46:28.522023+00:00,3233.47,8,0,2,2.15,0,0,0
2026-09-29T08:51:22.581088+00:00,2409.12,8,0,2,5.04,0,0,0
2026-09-29T08:58:26.728572+00:00,11347.9,8,0,1,2.24,0,0,0
2026-09-29T09:05:29.486648+00:00,3866.36,9,0,2,1.21,0,1,0
2026-09-29T09:06:56.031622+00:00,9325.69,9,1,2,5.63,0,0,0
2026-09-29T09:13:35.354749+00:00,15293.35,9,0,2,0.95,0,0,0
2026-09-29T09:18:07.609843+00:00,1359.61,9,0,2,5.68,0,0,0
2026-09-29T09:18:36.768304+00:00,6233.2,9,0,3,4.44,0,1,0
2026-09-29T09:23:04.624447+00:00,579.51,9,0,0,2.29,0,0,0
2026-09-29T09:23:58.666170+00:00,9395.8,9,0,0,5.36,0,1,0
2026-09-29T09:33:20.075584+00:00,2326.27,9,0,0,2.98,0,0,0
2026-09-29T09:41:27.524669+00:00,8409.76,9,0,2,2.24,1,1,0
2026-09-29T09:52:34.705770+00:00,1374.14,9,0,1,7.57,0,1,0
2026-09-29T09:54:10.379783+00:00,4087.64,9,2,0,7.43,0,1,1
2026-09-29T09:55:13.281699+00:00,2170.31,9,2,0,5.43,0,0,0
2026-09-29T09:55:40.578481+00:00,3214.08,9,0,1,7.92,0,0,0
2026-09-29T09:55:49.995783+00:00,2306.18,9,0,0,1.58,0,0,0
2026-09-29T09:57:40.614971+00:00,10987.22,9,0,1,6.16,0,1,0
2026-09-29T10:02:57.736462+00:00,3829.59,10,0,2,9.55,0,1,0
2026-09-29T10:06:50.632101+00:00,986.22,10,0,1,7.8,0,0,0
2026-09-29T10:10:21.627524+00:00,7753.96,10,0,1,3.57,1,1,0
2026-09-29T10:11:07.406423+00:00,1174.18,10,1,2,2.49,0,1,0
2026-09-29T10:20:00.368266+00:00,1546.68,10,0,1,1.85,0,0,0
2026-09-29T10:22:15.613844+00:00,404.71,10,0,1,2.14,1,0,0
2026-09-29T10:23:02.801342+00:00,7427.2,10,0,1,2.49,0,1,0
2026-09-29T10:23:56.816638+00:00,1138.49,10,0,0,3.4,0,0,0
2026-09-29T10:24:43.509047+00:00,1018.86,10,0,1,4.62,0,0,0
2026-09-29T10:27:18.229561+00:00,8152.85,10,0,3,8.69,0,1,0
2026-09-29T10:31:05.359066+00:00,25206.7,10,0,2,3.41,2,1,1
2026-09-29T10:38:47.837879+00:00,546.65,10,0,3,15.06,0,0,0
2026-09-29T10:41:50.655574+00:00,4753.58,10,0,0,4.45,0,1,0
2026-09-29T10:46:48.684732+00:00,7875.13,10,2,1,4.37,0,0,0
2026-09-29T10:49:24.184211+00:00,321.65,10,0,0,5.68,0,0,0
2026-09-29T11:02:52.123736+00:00,5641.44,11,0,2,9.29,0,1,0
2026-09-29T11:08:54.264586+00:00,2596.93,11,1,3,11.18,0,0,0
2026-09-29T11:09:46.057941+00:00,3599.95,11,0,1,14.67,0,0,0
2026-09-29T11:16:13.925363+00:00,2232.66,11,2,1,1.51,0,0,0
2026-09-29T11:16:28.752932+00:00,3889.36,11,0,1,3.25,1,1,0
2026-09-29T11:18:02.099524+00:00,171.02,11,0,2,6.36,1,0,0
2026-09-29T11:20:10.783354+00:00,4663.07,11,1,4,3.71,0,0,0
2026-09-29T11:33:37.598111+00:00,168.52,11,0,2,6.71,2,1,0
2026-09-29T11:35:24.142972+00:00,21773.24,11,1,0,2.84,0,0,0
2026-09-29T11:39:51.530208+00:00,583.7,11,1,0,11.41,0,1,0
2026-09-29T11:50:50.587962+00:00,5611.54,11,0,0,11.51,0,0,0
2026-09-29T11:53:37.738180+00:00,17046.64,11,0,1,8.68,0,0,0
2026-09-29T11:55:50.058508+00:00,1996.98,11,0,0,1.85,0,0,0
2026-09-29T11:56:49.451659+00:00,1851.77,11,0,0,3.53,0,1,0
2026-09-29T12:03:48.088601+00:00,4797.96,12,0,1,1.8,1,0,0
2026-09-29T12:10:09.249009+00:00,2159.61,12,0,1,11.45,1,0,0
2026-09-29T12:26:39.436732+00:00,5038.24,12,0,0,6.1,0,0,0
2026-09-29T12:30:11.965679+00:00,304.32,12,1,2,4.01,0,1,0
2026-09-29T12:38:06.292479+00:00,740.61,12,1,3,1.32,0,1,0
2026-09-29T12:39:54.469710+00:00,2626.15,12,0,1,4.82,0,1,0
2026-09-29T12:42:39.349858+00:00,9465.22,12,0,2,1.79,0,0,0
2026-09-29T12:52:37.317463+00:00,308.64,12,0,0,8.69,0,1,0
2026-09-29T13:06:03.679680+00:00,200.93,13,1,0,4.6,0,0,0
2026-09-29T13:07:40.302461+00:00,16388.75,13,0,2,5.69,0,0,0
2026-09-29T13:09:46.848219+00:00,3339.55,13,3,3,13.9,0,0,0
2026-09-29T13:15:08.038780+00:00,1689.28,13,1,2,12.18,0,0,0
2026-09-29T13:17:40.754803+00:00,5647.62,13,1,3,0.53,0,0,0
2026-09-29T13:23:39.270622+00:00,298.88,13,0,1,7.54,0,0,0
2026-09-29T13:25:21.074690+00:00,759.75,13,0,0,0.91,0,0,0
2026-09-29T13:36:14.006437+00:00,1201.48,13,3,0,3.61,0,0,0
2026-09-29T13:50:42.221022+00:00,3213.45,13,0,2,1.15,0,0,0
2026-09-29T13:57:01.632694+00:00,3758.34,13,0,1,3.17,0,1,0
2026-09-29T14:06:31.254523+00:00,484.39,14,0,2,3.52,0,1,0
2026-09-29T14:07:40.024267+00:00,9272.55,14,0,1,5.92,0,0,0
2026-09-29T14:09:48.843071+00:00,1394.72,14,1,2,6.32,1,0,0
2026-09-29T14:13:38.866041+00:00,4056.36,14,0,1,2.66,0,1,0
2026-09-29T14:15:28.881896+00:00,2436.88,14,0,1,1.77,0,1,0
2026-09-29T14:32:01.396997+00:00,866.41,14,0,1,0.19,0,0,0
2026-09-29T14:33:41.033705+00:00,6051.32,14,0,1,4.2,3,1,0
2026-09-29T14:37:30.735706+00:00,5516.18,14,1,2,1.76,0,0,0
2026-09-29T14:38:28.052655+00:00,1673.76,14,2,3,2.87,0,0,0
2026-09-29T14:40:50.338245+00:00,2902.26,14,2,2,2.97,0,0,0
2026-09-29T14:41:44.470098+00:00,1014.15,14,1,2,5.42,0,1,0
2026-09-29T14:44:17.685133+00:00,3806.25,14,0,1,2.59,0,0,0
2026-09-29T14:45:53.725326+00:00,21735.02,14,0,1,6.48,1,1,1
2026-09-29T14:46:43.999142+00:00,6006.89,14,0,1,6.14,1,0,0
2026-09-29T14:47:07.586985+00:00,844.37,14,0,0,6.11,0,0,0
2026-09-29T14:47:38.707920+00:00,107.73,14,0,0,6.43,1,0,0
2026-09-29T14:56:49.125268+00:00,1060.54,14,0,1,4.31,0,0,0
2026-09-29T14:58:23.799479+00:00,738.47,14,0,0,2.16,0,1,0
2026-09-29T14:59:33.630875+00:00,2331.55,14,0,0,4.24,0,0,0
2026-09-29T15:06:13.218033+00:00,788.91,15,0,0,3.08,2,0,0
2026-09-29T15:10:09.876744+00:00,4669.59,15,0,1,6.34,0,1,0
2026-09-29T15:12:07.839654+00:00,14150.7,15,0,1,1.1,0,0,0
2026-09-29T15:13:40.805738+00:00,3987.92,15,0,1,4.03,0,1,0
2026-09-29T15:23:06.244540+00:00,20466.74,15,0,4,1.07,0,1,1
2026-09-29T15:27:20.753153+00:00,13777.46,15,1,0,12.35,1,0,0
2026-09-29T15:29:40.932408+00:00,28000.0,15,0,0,0.67,1,1,1
2026-09-29T15:40:45.302194+00:00,6577.06,15,3,2,1.66,0,0,0
2026-09-29T15:41:52.900502+00:00,4626.55,15,0,2,1.73,0,0,0
2026-09-29T15:45:04.488287+00:00,1623.21,15,0,0,5.71,0,0,0
2026-09-29T15:50:52.294523+00:00,4538.36,15,0,1,6.35,0,1,0
2026-09-29T15:55:12.891899+00:00,10104.92,15,1,3,8.52,3,0,0
2026-09-29T15:55:57.806212+00:00,135.7,15,0,0,5.34,0,1,0
2026-09-29T15:56:21.616137+00:00,2530.42,15,0,2,5.34,0,0,0
2026-09-29T16:03:24.881750+00:00,846.87,16,2,1,9.85,0,0,0
2026-09-29T16:03:52.231642+00:00,2671.73,16,1,3,0.58,0,0,0
2026-09-29T16:08:24.212753+00:00,2070.23,16,0,2,11.29,0,0,0
2026-09-29T16:19:33.510590+00:00,2803.92,16,1,0,0.25,2,0,0
2026-09-29T16:23:28.788877+00:00,2622.07,16,1,0,13.47,0,0,0
2026-09-29T16:25:49.437642+00:00,10368.98,16,0,0,0.72,0,1,0
2026-09-29T16:30:10.283379+00:00,2630.81,16,0,2,4.86,0,0,0
2026-09-29T16:31:03.631842+00:00,6051.39,16,1,2,4.11,0,1,0
2026-09-29T16:31:58.453147+00:00,1293.27,16,0,1,5.33,0,0,0
2026-09-29T16:34:33.160340+00:00,1904.58,16,0,1,1.85,0,0,0
2026-09-29T16:37:31.309982+00:00,2094.11,16,0,3,4.58,0,0,0
2026-09-29T16:46:31.922020+00:00,1105.56,16,0,2,4.91,0,1,0
2026-09-29T16:47:46.491609+00:00,1588.63,16,0,2,5.76,0,0,0
2026-09-29T16:47:48.852543+00:00,2980.26,16,1,1,2.58,1,1,0
2026-09-29T16:51:55.271727+00:00,2837.43,16,1,1,3.41,0,0,0
2026-09-29T16:52:10.324601+00:00,3297.75,16,0,0,11.72,0,0,0
2026-09-29T16:56:19.575611+00:00,1447.47,16,0,0,4.88,0,1,0
2026-09-29T16:58:24.591665+00:00,1274.56,16,0,1,7.77,0,1,0
2026-09-29T17:09:29.308769+00:00,3086.45,17,0,0,8.44,1,0,0
2026-09-29T17:12:23.556914+00:00,516.18,17,0,0,6.77,0,0,0
2026-09-29T17:14:36.192641+00:00,993.54,17,0,3,8.69,0,0,0
2026-09-29T17:14:38.216816+00:00,197.73,17,0,1,13.65,0,0,0
2026-09-29T17:15:46.130944+00:00,301.22,17,0,2,1.06,0,0,0
2026-09-29T17:17:58.578029+00:00,952.48,17,0,0,5.26,1,1,0
2026-09-29T17:28:15.702975+00:00,123.11,17,0,1,3.86,0,1,0
2026-09-29T17:30:00.833356+00:00,961.06,17,1,1,7.23,0,0,0
2026-09-29T17:39:30.132926+00:00,21244.38,17,0,0,3.92,0,0,1
2026-09-29T17:40:30.663555+00:00,19564.87,17,0,2,0.63,0,1,1
2026-09-29T17:40:42.512665+00:00,1896.83,17,2,0,3.84,0,0,0
2026-09-29T17:41:00.085110+00:00,7877.91,17,0,1,2.38,0,0,0
2026-09-29T17:43:33.283648+00:00,5073.71,17,0,0,4.15,0,1,0
2026-09-29T17:54:16.882357+00:00,21840.32,17,0,1,0.55,0,1,1
2026-09-29T17:54:44.093869+00:00,24187.19,17,0,0,1.91,0,0,0
2026-09-29T18:05:55.564982+00:00,17842.51,18,1,0,3.28,0,1,1
2026-09-29T18:20:02.472055+00:00,300.89,18,1,3,2.83,0,1,0
2026-09-29T18:22:51.608815+00:00,16461.17,18,0,0,1.76,0,1,0
2026-09-29T18:25:00.527114+00:00,6589.26,18,0,2,2.38,0,0,0
2026-09-29T18:26:55.063454+00:00,2067.15,18,0,4,7.69,0,0,0
2026-09-29T18:27:04.121941+00:00,3572.78,18,1,1,1.52,0,0,0
2026-09-29T18:28:17.464294+00:00,3619.65,18,0,3,3.95,0,1,0
2026-09-29T18:35:17.982086+00:00,19122.45,18,0,0,5.37,0,1,1
2026-09-29T18:41:13.982552+00:00,21512.43,18,1,1,4.68,0,0,0
2026-09-29T18:41:40.496664+00:00,2089.08,18,0,0,2.4,1,0,0
2026-09-29T18:44:01.423008+00:00,27948.19,18,1,2,3.14,0,0,0
2026-09-29T18:47:01.830696+00:00,92.14,18,0,2,12.89,0,0,0
2026-09-29T18:48:04.606747+00:00,4941.86,18,0,0,8.71,0,0,0
2026-09-29T19:00:26.841720+00:00,249.59,19,1,2,7.93,0,1,0
2026-09-29T19:01:10.163539+00:00,2141.64,19,0,5,4.85,0,0,0
2026-09-29T19:01:55.159851+00:00,3310.43,19,0,0,2.27,0,1,0
2026-09-29T19:05:57.829345+00:00,3774.51,19,1,1,1.79,0,0,0
2026-09-29T19:13:10.482251+00:00,252.83,19,0,0,1.11,0,0,0
2026-09-29T19:14:19.136869+00:00,1795.43,19,0,2,5.05,0,0,0
2026-09-29T19:25:28.124699+00:00,2865.37,19,0,3,0.51,0,0,0
2026-09-29T19:27:24.947555+00:00,278.65,19,0,3,5.11,0,1,0
2026-09-29T19:30:00.495747+00:00,524.43,19,0,3,2.6,0,0,0
2026-09-29T19:30:20.351434+00:00,21883.14,19,0,0,6.26,0,0,0
2026-09-29T19:32:00.228947+00:00,2419.64,19,0,0,8.28,1,0,0
2026-09-29T19:34:44.031934+00:00,20478.69,19,0,2,0.94,0,1,1
2026-09-29T19:35:52.137733+00:00,2511.94,19,0,1,2.14,0,0,0
2026-09-29T19:36:58.915861+00:00,7862.62,19,0,0,15.54,0,0,0
2026-09-29T19:38:41.689042+00:00,110.27,19,0,0,2.62,0,0,0
2026-09-29T19:38:51.119330+00:00,3352.78,19,0,4,3.18,0,0,0
2026-09-29T19:44:36.282552+00:00,304.81,19,0,2,0.37,0,0,0
2026-09-29T19:47:33.857898+00:00,80.71,19,0,0,7.06,0,1,0
2026-09-29T19:51:48.762984+00:00,582.53,19,0,1,3.68,0,0,0
2026-09-29T19:54:17.503605+00:00,15500.84,19,0,0,6.88,0,1,1
2026-09-29T19:56:43.903728+00:00,5247.93,19,0,0,5.71,1,0,0
2026-09-29T20:23:10.701120+00:00,17136.17,20,2,0,1.63,0,1,1
2026-09-29T20:24:25.623429+00:00,3204.4,20,0,2,3.17,0,0,0
2026-09-29T20:25:21.039983+00:00,1754.7,20,1,0,2.21,0,0,0
2026-09-29T20:27:05.179991+00:00,914.42,20,0,1,3.61,0,0,0
2026-09-29T20:29:31.123997+00:00,15475.32,20,1,2,2.33,3,0,1
2026-09-29T20:30:27.343181+00:00,5169.89,20,0,0,8.53,1,1,0
2026-09-29T20:31:30.246520+00:00,20197.3,20,0,1,15.29,0,0,0
2026-09-29T20:35:36.572691+00:00,6057.38,20,1,0,5.51,0,1,0
2026-09-29T20:36:45.496178+00:00,1382.66,20,0,0,11.74,1,1,0
2026-09-29T20:39:23.361044+00:00,5107.17,20,0,0,5.13,0,1,0
2026-09-29T20:39:59.847494+00:00,823.15,20,0,4,5.64,0,1,0
2026-09-29T20:43:01.619353+00:00,4351.31,20,0,0,4.87,0,0,0
2026-09-29T20:44:03.208545+00:00,9544.58,20,1,0,8.3,0,1,0
2026-09-29T20:46:34.479633+00:00,104.29,20,0,2,4.8,1,0,0
2026-09-29T20:47:39.945666+00:00,19961.44,20,0,0,5.09,0,0,0
2026-09-29T20:48:35.255369+00:00,3399.12,20,0,2,2.99,1,1,0
2026-09-29T20:50:13.018387+00:00,3931.71,20,0,1,1.84,0,0,0
2026-09-29T20:56:09.735193+00:00,679.81,20,0,1,3.96,0,0,0
2026-09-29T21:01:24.065923+00:00,11522.78,21,0,0,2.91,0,1,0
2026-09-29T21:05:49.656781+00:00,3116.64,21,0,1,3.17,0,1,0
2026-09-29T21:11:32.832314+00:00,634.51,21,0,1,7.65,2,0,0
2026-09-29T21:12:05.475433+00:00,126.36,21,0,0,9.12,0,1,0
2026-09-29T21:12:43.409516+00:00,4953.04,21,0,0,18.52,0,1,0
2026-09-29T21:19:35.132098+00:00,325.79,21,1,0,0.59,1,0,0
2026-09-29T21:21:20.813370+00:00,546.55,21,0,1,17.7,0,1,0
2026-09-29T21:27:43.894859+00:00,2796.85,21,0,1,3.16,0,1,0
2026-09-29T21:32:52.197116+00:00,3020.3,21,0,1,0.92,0,0,0
2026-09-29T21:35:52.470948+00:00,23860.31,21,1,0,4.33,0,0,0
2026-09-29T21:36:23.605035+00:00,1660.24,21,0,0,2.12,0,1,0
2026-09-29T21:44:16.123885+00:00,4817.67,21,0,1,5.82,0,0,0
2026-09-29T21:48:06.255864+00:00,11783.35,21,1,1,2.08,0,0,0
2026-09-29T21:52:49.481649+00:00,1071.88,21,0,2,1.95,0,1,0
2026-09-29T21:53:53.556472+00:00,3945.18,21,0,1,5.39,0,0,0
2026-09-29T21:59:08.680585+00:00,26562.62,21,0,2,1.51,2,1,1
2026-09-29T21:59:57.673129+00:00,3769.68,21,0,0,9.1,0,0,0
2026-09-29T22:02:12.649649+00:00,3717.3,22,0,1,2.47,0,0,0
2026-09-29T22:13:25.465081+00:00,870.59,22,0,0,2.09,0,1,0
2026-09-29T22:16:03.402363+00:00,2511.19,22,0,2,5.51,1,1,0
2026-09-29T22:16:49.770514+00:00,2705.54,22,0,2,2.79,1,1,0
2026-09-29T22:20:01.557035+00:00,3914.1,22,1,1,5.34,0,0,0
2026-09-29T22:24:43.300790+00:00,18464.26,22,0,0,5.51,2,0,1
2026-09-29T22:25:57.044921+00:00,169.51,22,0,3,10.31,0,0,0
2026-09-29T22:38:21.530557+00:00,275.86,22,4,0,9.2,0,1,1
2026-09-29T22:42:55.648811+00:00,319.7,22,0,1,6.59,0,1,0
2026-09-29T22:46:44.539960+00:00,4407.51,22,1,1,6.87,0,0,0
2026-09-29T22:48:11.578098+00:00,529.09,22,0,1,5.92,1,0,0
2026-09-29T22:49:59.626129+00:00,3176.98,22,1,2,5.23,0,1,0
2026-09-29T23:01:18.275270+00:00,1316.17,23,1,1,8.79,0,0,0
2026-09-29T23:09:09.725166+00:00,20329.06,23,0,1,7.71,2,0,1
2026-09-29T23:10:25.818098+00:00,837.33,23,0,2,8.85,0,0,0
2026-09-29T23:15:52.482640+00:00,6494.28,23,0,1,2.83,0,0,0
2026-09-29T23:18:45.965458+00:00,16713.78,23,0,1,4.67,0,0,0
2026-09-29T23:21:26.574157+00:00,9316.04,23,3,2,9.31,0,0,0
2026-09-29T23:26:12.327033+00:00,2795.09,23,0,2,4.52,0,0,0
2026-09-29T23:28:59.612092+00:00,483.31,23,1,2,21.33,0,0,0
2026-09-29T23:33:01.988052+00:00,18978.5,23,1,0,2.17,0,0,0
2026-09-29T23:33:47.417868+00:00,14513.15,23,0,0,13.16,0,1,0
2026-09-29T23:39:22.209890+00:00,4197.73,23,0,3,4.78,0,0,0
2026-09-29T23:41:43.479963+00:00,221.71,23,0,1,2.24,1,1,0
2026-09-29T23:42:50.198639+00:00,20588.07,23,0,1,4.15,0,0,0
2026-09-29T23:45:42.002397+00:00,1760.23,23,2,0,13.27,0,0,0
2026-09-29T23:47:26.050540+00:00,19446.01,23,0,2,4.97,1,0,0
2026-09-29T23:51:43.402617+00:00,595.38,23,0,1,9.89,0,0,0
2026-09-29T23:52:22.860429+00:00,5922.34,23,1,1,2.19,0,0,0
2026-09-29T23:52:27.890324+00:00,271.11,23,0,0,0.86,0,0,0
2026-09-29T23:53:09.537148+00:00,1155.23,23,0,4,8.29,0,1,0
2026-09-29T23:53:19.675909+00:00,1230.67,23,1,2,6.16,0,1,0
2026-09-29T23:53:45.304954+00:00,621.38,23,0,2,1.55,0,1,0
2026-09-29T23:56:53.997978+00:00,2330.89,23,1,4,6.75,1,0,0
2026-09-29T23:57:22.376640+00:00,97.67,23,1,2,3.34,0,0,0
2026-09-30T00:07:13.661502+00:00,1205.82,0,0,0,5.24,0,0,0
2026-09-30T00:14:10.910036+00:00,8740.01,0,0,3,7.68,0,1,0
2026-09-30T00:18:53.395556+00:00,16859.25,0,0,0,6.54,0,1,1
2026-09-30T00:24:12.447793+00:00,1490.42,0,0,3,1.0,1,0,0
2026-09-30T00:26:36.264675+00:00,2110.78,0,0,1,11.66,0,0,0
2026-09-30T00:26:54.573467+00:00,2699.48,0,0,1,12.64,0,0,0
2026-09-30T00:30:33.958850+00:00,5352.66,0,1,0,6.15,0,1,0
2026-09-30T00:31:04.850896+00:00,735.58,0,0,2,2.68,0,1,0
2026-09-30T00:32:29.254550+00:00,6631.99,0,1,1,10.29,1,0,0
2026-09-30T00:36:44.165557+00:00,22246.15,0,0,1,7.71,0,0,0
2026-09-30T00:38:25.078340+00:00,4163.92,0,0,0,2.96,2,0,0
2026-09-30T00:40:55.328831+00:00,350.58,0,2,0,3.43,0,0,1
2026-09-30T00:42:51.882599+00:00,130.01,0,1,1,3.06,0,0,0
2026-09-30T00:43:25.381639+00:00,19337.14,0,0,1,2.18,0,1,1
2026-09-30T00:44:29.007774+00:00,6424.01,0,0,3,1.83,0,0,0
2026-09-30T00:47:38.421965+00:00,2870.02,0,0,0,1.19,0,0,0
2026-09-30T00:48:23.755330+00:00,18296.54,0,0,1,5.15,0,0,0
2026-09-30T00:50:55.618553+00:00,363.62,0,1,1,1.1,1,0,0
2026-09-30T00:54:37.869509+00:00,3908.41,0,0,4,9.67,0,1,0
2026-09-30T00:55:08.266064+00:00,4153.79,0,0,3,5.49,0,1,0
2026-09-30T01:03:30.784920+00:00,666.03,1,0,1,1.66,0,1,0
2026-09-30T01:03:33.198475+00:00,151.5,1,0,0,8.52,0,1,1
2026-09-30T01:09:50.497678+00:00,15915.84,1,1,0,4.9,0,0,1
2026-09-30T01:16:18.845726+00:00,2856.78,1,0,1,8.55,1,0,0
2026-09-30T01:30:50.565631+00:00,3977.39,1,2,0,6.98,0,1,1
2026-09-30T01:31:15.764521+00:00,5373.41,1,1,1,7.62,0,0,0
2026-09-30T01:40:48.419412+00:00,3077.56,1,0,1,6.82,1,0,0
2026-09-30T01:44:41.571086+00:00,436.08,1,1,1,2.8,0,1,0
2026-09-30T01:44:53.715784+00:00,3732.11,1,0,1,0.68,0,1,1
2026-09-30T01:45:06.207533+00:00,28000.0,1,0,0,1.42,0,1,1
2026-09-30T01:45:49.277722+00:00,7612.16,1,0,0,3.92,2,0,1
2026-09-30T01:46:28.460924+00:00,6630.05,1,2,1,3.59,0,0,1
2026-09-30T01:48:25.714780+00:00,1211.3,1,0,1,6.29,0,0,0
2026-09-30T02:05:44.409176+00:00,4506.25,2,0,2,3.17,0,0,0
2026-09-30T02:05:51.113036+00:00,6154.41,2,0,3,0.4,0,0,1
2026-09-30T02:12:20.001873+00:00,19683.72,2,0,1,13.21,3,0,1
2026-09-30T02:16:59.330267+00:00,982.98,2,1,1,1.15,0,1,0
2026-09-30T02:17:49.293103+00:00,9901.64,2,1,0,4.3,0,0,0
2026-09-30T02:20:45.719796+00:00,1977.85,2,0,1,1.99,0,0,0
2026-09-30T02:24:31.396369+00:00,504.92,2,0,0,17.39,3,1,1
2026-09-30T02:29:50.616022+00:00,432.11,2,0,0,8.15,0,0,0
2026-09-30T02:36:42.356565+00:00,3396.83,2,0,3,5.38,0,0,1
2026-09-30T02:38:21.091850+00:00,20793.51,2,1,2,3.01,0,0,1
2026-09-30T02:39:52.766541+00:00,377.6,2,0,3,5.66,0,0,1
2026-09-30T02:49:31.638137+00:00,4375.13,2,1,1,5.34,0,1,0
2026-09-30T02:51:21.171464+00:00,5199.42,2,0,0,5.04,0,0,0
2026-09-30T02:58:35.200994+00:00,4195.99,2,0,2,1.46,0,1,0
2026-09-30T03:00:37.191744+00:00,783.12,3,0,1,5.68,0,0,0
2026-09-30T03:07:04.786809+00:00,3805.47,3,0,4,6.89,0,1,1
2026-09-30T03:08:32.529961+00:00,18745.77,3,0,1,9.27,0,1,1
2026-09-30T03:17:53.880779+00:00,1224.82,3,0,0,5.7,0,1,0
2026-09-30T03:18:48.239343+00:00,1688.36,3,0,2,6.0,1,0,0
2026-09-30T03:22:00.957573+00:00,5830.58,3,0,2,2.97,0,0,0
2026-09-30T03:29:14.484178+00:00,1643.82,3,0,0,8.66,0,0,0
2026-09-30T03:30:55.253404+00:00,96.27,3,0,3,8.65,3,0,1
2026-09-30T03:33:07.850430+00:00,21720.95,3,0,0,1.08,0,0,1
2026-09-30T03:34:54.559927+00:00,2271.19,3,0,1,0.95,0,0,0
2026-09-30T03:38:43.618019+00:00,9583.28,3,0,4,8.9,0,1,1
2026-09-30T03:41:15.504964+00:00,9118.56,3,0,1,1.96,1,0,0
2026-09-30T03:43:07.328991+00:00,698.46,3,0,2,5.11,0,1,1
2026-09-30T03:43:17.871829+00:00,715.19,3,0,0,2.62,0,1,0
2026-09-30T03:50:22.361012+00:00,630.84,3,0,0,6.43,0,0,0
2026-09-30T03:50:54.156270+00:00,5037.69,3,0,2,5.27,2,1,1
2026-09-30T03:53:52.041318+00:00,79.33,3,1,1,3.38,1,0,0
2026-09-30T03:55:01.300756+00:00,495.27,3,0,1,4.57,0,1,0
2026-09-30T04:01:18.932253+00:00,2530.73,4,0,1,0.97,0,0,0
2026-09-30T04:04:47.695768+00:00,970.2,4,0,1,1.94,0,0,0
2026-09-30T04:11:51.830334+00:00,370.09,4,0,2,8.8,0,0,0
2026-09-30T04:19:27.397533+00:00,1487.51,4,0,1,0.2,0,0,0
2026-09-30T04:21:24.310285+00:00,1085.57,4,1,2,8.47,0,0,0
2026-09-30T04:23:20.708955+00:00,2349.94,4,0,1,2.91,0,0,0
2026-09-30T04:35:50.645742+00:00,12458.14,4,1,1,0.72,0,0,0
2026-09-30T04:44:21.241740+00:00,484.76,4,0,0,4.25,0,1,1
2026-09-30T04:48:30.865366+00:00,1552.39,4,0,1,4.08,0,0,0
2026-09-30T04:58:23.021485+00:00,8661.69,4,1,3,0.35,0,1,1
2026-09-30T05:06:20.041361+00:00,6762.53,5,1,1,10.04,0,0,0
2026-09-30T05:11:47.968459+00:00,1664.23,5,0,0,6.78,0,0,0
2026-09-30T05:12:42.768960+00:00,3901.57,5,0,4,5.54,0,0,0
2026-09-30T05:14:43.878985+00:00,354.27,5,0,2,4.11,0,0,0
2026-09-30T05:19:38.162351+00:00,4049.36,5,0,0,4.92,0,1,0
2026-09-30T05:26:47.917116+00:00,11601.32,5,0,2,6.75,1,0,0
2026-09-30T05:27:32.109053+00:00,20583.91,5,0,0,7.23,0,0,0
2026-09-30T05:34:23.203847+00:00,2268.42,5,0,2,4.02,0,0,0
2026-09-30T05:37:10.732772+00:00,16240.11,5,0,2,2.43,2,0,1
2026-09-30T05:40:21.809774+00:00,3274.54,5,0,2,1.39,0,1,0
2026-09-30T05:45:03.654429+00:00,2916.53,5,0,0,2.95,0,0,0
2026-09-30T05:45:47.512293+00:00,3437.15,5,0,0,6.31,0,1,0
2026-09-30T05:47:21.751820+00:00,144.57,5,0,2,7.98,0,0,0
2026-09-30T05:48:32.802178+00:00,2606.16,5,0,0,17.42,0,0,0
2026-09-30T05:50:53.636942+00:00,2951.86,5,0,1,11.34,0,1,0
2026-09-30T05:56:50.518485+00:00,804.32,5,2,0,0.98,0,1,0
2026-09-30T05:57:06.886085+00:00,807.57,5,0,2,5.53,1,0,0
2026-09-30T05:58:41.476546+00:00,1094.45,5,0,2,3.75,0,1,0
2026-09-30T05:59:01.035458+00:00,4040.25,5,2,2,1.63,0,1,0
2026-09-30T06:09:19.188850+00:00,3042.66,6,1,2,2.82,0,1,0
2026-09-30T06:09:58.599070+00:00,6041.64,6,0,2,2.25,0,0,0
2026-09-30T06:11:05.173367+00:00,20447.37,6,0,1,11.95,0,0,0
2026-09-30T06:19:46.971016+00:00,7839.81,6,0,0,3.01,2,0,0
2026-09-30T06:20:38.642256+00:00,4416.58,6,0,1,3.19,1,0,0
2026-09-30T06:24:46.121635+00:00,1668.15,6,0,1,2.38,0,1,0
2026-09-30T06:27:45.437498+00:00,17356.33,6,0,1,5.71,0,0,0
2026-09-30T06:38:31.379582+00:00,1010.52,6,0,1,1.83,0,0,0
2026-09-30T06:38:42.704706+00:00,10111.77,6,1,3,4.48,0,1,0
2026-09-30T06:39:50.137462+00:00,1249.09,6,0,2,8.57,0,0,0
2026-09-30T06:56:06.592778+00:00,1341.06,6,1,1,1.57,0,1,0
2026-09-30T07:00:19.784733+00:00,732.68,7,1,1,9.17,0,0,0
2026-09-30T07:00:44.773941+00:00,5321.73,7,0,1,8.97,0,0,0
2026-09-30T07:02:42.283066+00:00,1091.91,7,0,1,2.88,0,0,0
2026-09-30T07:09:25.691312+00:00,1342.76,7,0,1,0.66,0,0,0
2026-09-30T07:09:59.989483+00:00,1772.1,7,0,0,4.04,0,1,0
2026-09-30T07:13:50.073857+00:00,1879.78,7,0,1,4.11,0,0,0
2026-09-30T07:14:37.400518+00:00,1755.71,7,0,4,4.75,0,0,0
2026-09-30T07:15:48.091234+00:00,2302.12,7,1,1,7.08,0,0,0
2026-09-30T07:18:04.939842+00:00,19999.21,7,0,1,6.55,0,0,1
2026-09-30T07:24:34.262500+00:00,5534.67,7,0,1,2.85,0,1,0
2026-09-30T07:25:04.148149+00:00,5183.32,7,1,2,9.35,0,0,0
2026-09-30T07:27:43.769978+00:00,401.16,7,0,2,13.23,0,0,0
2026-09-30T07:31:12.305881+00:00,5205.07,7,0,3,4.92,0,1,0
2026-09-30T07:32:59.084181+00:00,469.98,7,0,0,6.29,0,1,0
2026-09-30T07:38:55.126920+00:00,486.29,7,0,1,0.42,1,1,0
2026-09-30T07:40:14.355940+00:00,9512.4,7,0,2,5.13,0,0,0
2026-09-30T07:47:51.691219+00:00,5536.67,7,0,2,4.36,0,0,0
2026-09-30T07:48:41.741864+00:00,2632.41,7,0,0,5.86,0,0,0
2026-09-30T07:53:53.408204+00:00,25692.74,7,1,2,13.06,0,0,0
2026-09-30T07:53:54.645085+00:00,14599.43,7,0,1,6.65,0,0,0
2026-09-30T07:57:42.147739+00:00,3078.42,7,1,0,13.11,0,0,0
2026-09-30T07:57:53.794641+00:00,3097.02,7,0,1,1.31,0,1,0
2026-09-30T07:58:52.859947+00:00,4553.32,7,0,0,8.53,0,1,0
2026-09-30T08:01:04.624003+00:00,905.27,8,0,3,10.75,0,0,0
2026-09-30T08:08:49.769706+00:00,14705.44,8,1,4,3.96,0,0,0
2026-09-30T08:09:53.910473+00:00,4621.19,8,0,1,7.08,1,0,0
2026-09-30T08:20:38.872396+00:00,1413.52,8,0,3,4.83,0,0,0
2026-09-30T08:22:17.766593+00:00,524.34,8,0,0,5.79,1,1,0
2026-09-30T08:23:36.848865+00:00,1270.11,8,0,1,2.82,0,0,0
2026-09-30T08:25:04.595726+00:00,15906.54,8,0,0,12.48,0,0,0
2026-09-30T08:27:07.833647+00:00,28000.0,8,1,2,4.37,0,1,1
2026-09-30T08:34:24.999696+00:00,3891.02,8,0,2,0.81,0,0,0
2026-09-30T08:36:39.089821+00:00,2481.91,8,0,2,2.7,0,0,0
2026-09-30T08:43:39.424600+00:00,11162.99,8,1,1,2.47,0,0,0
2026-09-30T08:50:57.694404+00:00,7530.36,8,1,0,4.45,0,0,0
2026-09-30T09:08:31.420277+00:00,2355.81,9,0,1,5.21,0,0,0
2026-09-30T09:10:57.798535+00:00,7615.39,9,0,3,4.53,0,0,0
2026-09-30T09:13:21.004796+00:00,1717.68,9,0,2,3.79,0,0,0
2026-09-30T09:13:30.618890+00:00,898.12,9,0,2,3.5,0,1,0
2026-09-30T09:34:20.823387+00:00,907.52,9,0,1,1.36,0,1,0
2026-09-30T09:34:42.035910+00:00,22695.22,9,0,1,2.58,0,0,0
2026-09-30T09:41:06.112037+00:00,2284.93,9,0,1,8.84,0,0,0
2026-09-30T09:41:54.943128+00:00,22828.58,9,0,1,6.48,0,1,1
2026-09-30T09:41:57.305446+00:00,3767.53,9,0,1,5.33,0,1,0
2026-09-30T09:42:47.605799+00:00,132.24,9,0,2,3.22,0,0,0
2026-09-30T09:44:53.798427+00:00,237.77,9,0,1,8.46,0,1,0
2026-09-30T09:50:48.331080+00:00,17840.96,9,0,2,8.88,0,1,0
2026-09-30T09:51:53.209024+00:00,738.4,9,0,2,0.59,0,0,0
2026-09-30T10:02:39.630776+00:00,3263.6,10,0,2,10.09,0,1,0
2026-09-30T10:03:13.986097+00:00,22563.51,10,1,1,5.05,0,0,0
2026-09-30T10:05:09.826634+00:00,2880.19,10,1,1,9.0,0,1,0
2026-09-30T10:07:03.277450+00:00,1212.6,10,0,2,2.73,0,1,0
2026-09-30T10:07:27.934980+00:00,3327.89,10,0,1,1.86,0,0,0
2026-09-30T10:10:33.786682+00:00,24502.07,10,1,1,4.38,0,0,0
2026-09-30T10:11:52.574469+00:00,20062.83,10,1,0,1.32,0,0,0
2026-09-30T10:14:36.814448+00:00,5893.3,10,1,1,1.22,0,1,0
2026-09-30T10:18:45.081720+00:00,2669.0,10,0,1,2.93,0,0,0
2026-09-30T10:19:42.935097+00:00,747.89,10,0,0,4.19,0,0,0
2026-09-30T10:23:21.270222+00:00,3720.68,10,1,1,3.93,0,1,0
2026-09-30T10:25:12.167389+00:00,8940.17,10,0,0,3.25,0,1,0
2026-09-30T10:34:17.601630+00:00,20493.62,10,0,1,7.94,0,1,1
2026-09-30T10:34:49.196209+00:00,1006.27,10,0,1,2.63,0,1,0
2026-09-30T10:46:40.984386+00:00,576.33,10,0,0,10.62,0,0,0
2026-09-30T10:57:01.780172+00:00,22999.38,10,0,0,12.1,0,0,0
2026-09-30T10:57:57.746867+00:00,1729.83,10,0,1,1.89,0,0,0
2026-09-30T10:59:27.133951+00:00,267.19,10,0,0,0.46,1,1,0
2026-09-30T11:05:54.395060+00:00,24349.7,11,0,0,3.61,0,1,1
2026-09-30T11:06:20.281376+00:00,2670.25,11,0,0,4.88,0,0,0
2026-09-30T11:07:46.425398+00:00,1346.76,11,0,1,8.38,0,1,0
2026-09-30T11:10:49.116252+00:00,1409.02,11,1,1,6.31,0,0,0
2026-09-30T11:13:18.711963+00:00,1157.1,11,0,1,6.83,0,1,0
2026-09-30T11:14:36.901869+00:00,2005.12,11,0,2,2.55,2,1,1
2026-09-30T11:15:36.336511+00:00,15250.5,11,0,0,3.35,0,1,1
2026-09-30T11:17:17.319944+00:00,21288.14,11,0,2,20.56,0,0,0
2026-09-30T11:21:00.391337+00:00,4812.28,11,0,2,5.17,0,0,0
2026-09-30T11:25:27.101033+00:00,3651.28,11,0,3,4.36,0,0,0
2026-09-30T11:29:40.158708+00:00,19699.81,11,0,1,12.82,1,0,0
2026-09-30T11:30:17.173189+00:00,2467.51,11,0,1,6.17,0,0,0
2026-09-30T11:31:21.229891+00:00,5926.78,11,0,1,4.32,0,1,0
2026-09-30T11:36:22.520613+00:00,286.06,11,0,0,4.06,0,1,0
2026-09-30T11:54:46.095520+00:00,320.9,11,1,2,5.9,1,1,0
2026-09-30T12:01:14.365376+00:00,2659.4,12,0,1,3.78,2,0,0
2026-09-30T12:02:36.534916+00:00,3321.43,12,3,3,3.53,0,0,0
2026-09-30T12:05:52.398936+00:00,820.04,12,2,3,1.68,3,0,1
2026-09-30T12:07:36.782855+00:00,4435.54,12,1,4,5.21,0,1,0
2026-09-30T12:08:31.379028+00:00,3385.45,12,1,1,2.87,0,1,0
2026-09-30T12:22:35.329206+00:00,8276.68,12,0,1,2.49,0,0,0
2026-09-30T12:23:36.785028+00:00,652.23,12,0,0,5.34,0,0,0
2026-09-30T12:28:48.513744+00:00,4513.78,12,2,0,0.64,0,0,0
2026-09-30T12:54:09.256562+00:00,15839.45,12,0,0,8.45,2,0,1
2026-09-30T13:12:02.642715+00:00,2725.86,13,0,1,6.88,0,0,0
2026-09-30T13:12:41.471912+00:00,2628.73,13,0,3,8.48,0,1,0
2026-09-30T13:14:58.308109+00:00,1633.29,13,0,1,3.25,0,0,0
2026-09-30T13:16:00.954094+00:00,6017.02,13,0,0,2.32,0,1,0
2026-09-30T13:25:05.359839+00:00,74.02,13,0,0,7.5,0,0,0
2026-09-30T13:25:11.083978+00:00,21296.46,13,1,0,9.6,0,1,1
2026-09-30T13:26:14.616856+00:00,843.42,13,0,1,4.68,0,1,0
2026-09-30T13:26:29.115836+00:00,4413.99,13,0,2,8.66,0,0,0
2026-09-30T13:27:32.767487+00:00,200.87,13,0,2,6.81,0,1,0
2026-09-30T13:31:17.381216+00:00,5759.66,13,0,1,6.82,0,0,0
2026-09-30T13:34:59.994232+00:00,5886.33,13,0,1,5.82,3,0,0
2026-09-30T13:36:33.142145+00:00,5784.67,13,0,0,5.85,0,0,0
2026-09-30T13:42:06.537628+00:00,589.74,13,1,0,12.07,0,0,0
2026-09-30T13:48:42.736418+00:00,3245.13,13,0,2,17.49,0,0,0
2026-09-30T13:49:10.264920+00:00,106.31,13,0,2,7.56,0,0,0
2026-09-30T13:53:16.543305+00:00,23491.25,13,1,3,0.45,0,0,0
2026-09-30T13:55:27.865370+00:00,4167.67,13,0,3,5.48,0,0,0
2026-09-30T13:55:37.488136+00:00,2483.94,13,0,2,2.09,0,0,0
2026-09-30T14:00:12.764191+00:00,4256.88,14,1,2,2.9,0,0,0
2026-09-30T14:02:23.290215+00:00,377.04,14,0,1,6.63,0,1,0
2026-09-30T14:03:07.949037+00:00,2466.93,14,0,0,1.85,0,0,0
2026-09-30T14:04:34.588858+00:00,1161.73,14,0,0,5.56,0,0,0
2026-09-30T14:05:49.383713+00:00,11573.35,14,0,2,3.91,0,0,0
2026-09-30T14:06:51.325507+00:00,23761.6,14,0,1,4.3,0,0,0
2026-09-30T14:13:44.323344+00:00,4288.93,14,0,1,1.46,1,0,0
2026-09-30T14:28:40.710700+00:00,8745.71,14,0,0,1.32,0,0,0
2026-09-30T14:30:01.602721+00:00,1423.0,14,0,3,4.54,3,0,0
2026-09-30T14:31:30.670704+00:00,7456.55,14,0,1,5.7,0,1,0
2026-09-30T14:36:05.086676+00:00,1318.87,14,1,0,1.38,0,1,0
2026-09-30T14:37:18.063150+00:00,4283.19,14,1,1,5.79,0,0,0
2026-09-30T14:38:43.304374+00:00,20267.67,14,0,4,1.42,0,1,1
2026-09-30T14:48:20.618673+00:00,14053.55,14,0,1,3.67,0,0,0
2026-09-30T14:49:48.661431+00:00,1493.42,14,0,2,3.68,1,0,0
2026-09-30T14:51:42.806414+00:00,122.8,14,0,0,2.69,1,0,0
2026-09-30T14:54:36.599112+00:00,18748.95,14,0,0,10.43,0,0,0
2026-09-30T14:57:35.613417+00:00,477.07,14,0,0,5.44,0,0,0
2026-09-30T14:59:24.084563+00:00,2564.51,14,1,1,4.32,0,0,0
2026-09-30T15:00:32.155866+00:00,5062.56,15,0,4,7.93,0,0,0
2026-09-30T15:15:58.527303+00:00,779.12,15,0,2,7.58,0,1,0
2026-09-30T15:16:25.288630+00:00,2183.81,15,0,1,0.96,0,1,0
2026-09-30T15:17:43.057880+00:00,3052.12,15,1,1,6.29,2,0,0
2026-09-30T15:27:28.203461+00:00,618.71,15,0,2,9.01,0,0,0
2026-09-30T15:31:32.140284+00:00,4884.27,15,1,2,0.86,0,1,0
2026-09-30T15:35:58.970445+00:00,1198.33,15,0,0,3.64,1,1,0
2026-09-30T15:39:13.360780+00:00,818.46,15,1,2,1.29,0,0,0
2026-09-30T15:39:40.728366+00:00,2674.72,15,0,0,3.59,0,0,0
2026-09-30T15:49:26.147864+00:00,1750.13,15,0,1,2.66,0,0,0
2026-09-30T15:49:29.781578+00:00,8153.79,15,1,1,8.32,0,0,0
2026-09-30T15:51:05.639894+00:00,6846.52,15,0,1,10.45,1,1,0
2026-09-30T15:55:03.272226+00:00,2173.25,15,0,0,4.06,0,0,0
2026-09-30T15:55:23.724446+00:00,1484.44,15,1,0,0.36,0,0,0
2026-09-30T15:59:15.026853+00:00,1320.19,15,0,1,1.07,0,0,0
2026-09-30T16:02:48.452272+00:00,1056.41,16,0,0,6.91,0,0,0
2026-09-30T16:04:11.247332+00:00,2576.69,16,0,1,3.47,0,1,0
2026-09-30T16:10:43.961649+00:00,5290.87,16,0,0,0.62,1,1,0
2026-09-30T16:14:24.899411+00:00,1250.91,16,0,1,3.54,0,0,0
2026-09-30T16:15:20.864343+00:00,734.68,16,0,1,8.51,0,0,0
2026-09-30T16:16:43.658010+00:00,2124.89,16,0,0,9.75,0,0,0
2026-09-30T16:22:29.676160+00:00,288.91,16,0,2,9.88,0,0,0
2026-09-30T16:23:40.279534+00:00,18661.81,16,0,2,3.26,0,0,0
2026-09-30T16:24:30.389134+00:00,2397.78,16,0,3,3.62,0,0,0
2026-09-30T16:28:23.485939+00:00,2254.95,16,0,1,2.34,0,1,0
2026-09-30T16:33:48.521194+00:00,1203.4,16,0,1,4.41,0,0,0
2026-09-30T16:43:14.339192+00:00,7581.43,16,0,1,4.08,0,0,0
2026-09-30T16:44:47.829671+00:00,363.5,16,0,1,7.98,0,0,0
2026-09-30T17:03:52.045565+00:00,6584.38,17,1,0,5.61,0,0,0
2026-09-30T17:04:28.317297+00:00,1572.75,17,0,1,1.29,0,1,0
2026-09-30T17:09:38.234250+00:00,6861.51,17,0,2,6.5,0,0,0
2026-09-30T17:11:41.035976+00:00,4235.22,17,0,0,4.31,0,0,0
2026-09-30T17:12:01.617797+00:00,412.02,17,0,0,9.19,0,0,0
2026-09-30T17:16:31.444555+00:00,5759.31,17,0,2,1.54,1,1,0
2026-09-30T17:17:06.648465+00:00,3728.03,17,1,0,1.96,1,0,0
2026-09-30T17:17:41.186254+00:00,165.07,17,0,0,4.49,0,1,0
2026-09-30T17:37:04.346688+00:00,19669.94,17,0,0,6.67,0,0,1
2026-09-30T17:37:43.184864+00:00,3290.66,17,0,1,4.99,1,0,0
2026-09-30T17:42:42.686445+00:00,18708.29,17,2,0,3.88,0,0,1
2026-09-30T17:43:30.158391+00:00,17471.59,17,1,2,8.15,1,0,0
2026-09-30T17:43:50.943785+00:00,4136.3,17,0,1,4.37,0,1,0
2026-09-30T18:00:00.831186+00:00,3507.68,18,2,1,6.44,0,0,0
2026-09-30T18:01:00.403285+00:00,4711.06,18,0,0,12.95,0,1,0
2026-09-30T18:04:08.445427+00:00,2798.78,18,0,1,14.12,0,1,0
2026-09-30T18:07:01.629989+00:00,1026.96,18,0,2,5.46,0,1,0
2026-09-30T18:07:59.617037+00:00,7851.06,18,1,3,2.42,0,1,0
2026-09-30T18:20:18.674294+00:00,118.82,18,0,2,6.68,0,0,0
2026-09-30T18:23:21.406813+00:00,22497.24,18,0,2,2.4,0,0,0
2026-09-30T18:31:08.929798+00:00,4236.51,18,0,2,3.3,1,0,0
2026-09-30T18:33:27.405386+00:00,1842.85,18,0,1,7.39,0,1,0
2026-09-30T18:34:16.624620+00:00,140.47,18,0,1,6.82,0,1,0
2026-09-30T18:49:23.923314+00:00,278.43,18,0,2,9.8,0,0,0
2026-09-30T18:50:23.567702+00:00,3407.0,18,0,0,1.23,0,0,0
2026-09-30T18:51:23.468147+00:00,25460.81,18,0,1,11.12,0,0,0
2026-09-30T18:52:02.525966+00:00,20871.57,18,0,0,3.82,0,1,1
2026-09-30T18:59:02.583170+00:00,2321.62,18,0,1,7.91,2,0,0
2026-09-30T19:12:40.705790+00:00,1286.25,19,0,2,5.59,0,1,0
2026-09-30T19:20:02.460322+00:00,1009.26,19,0,1,13.64,0,0,0
2026-09-30T19:23:39.644962+00:00,127.87,19,1,0,7.71,0,0,0
2026-09-30T19:25:25.523472+00:00,1080.05,19,1,2,1.65,0,0,0
2026-09-30T19:30:24.692203+00:00,1967.91,19,0,1,2.71,0,0,0
2026-09-30T19:37:50.866337+00:00,21181.25,19,0,1,4.09,0,1,1
2026-09-30T19:42:21.727109+00:00,18150.18,19,0,1,7.13,2,1,1
2026-09-30T19:43:39.287785+00:00,4107.63,19,1,1,1.05,0,0,0
2026-09-30T19:44:19.324118+00:00,7260.59,19,0,2,5.73,1,0,0
2026-09-30T19:45:05.341055+00:00,8895.23,19,3,0,1.84,0,0,0
2026-09-30T19:48:10.577192+00:00,3139.46,19,1,3,4.59,1,0,0
2026-09-30T19:58:00.344632+00:00,233.5,19,0,3,3.47,1,1,0
2026-09-30T19:58:48.319467+00:00,4381.27,19,0,2,3.29,0,1,0
2026-09-30T20:01:04.887139+00:00,433.25,20,0,3,4.7,0,0,0
2026-09-30T20:03:28.598716+00:00,22997.52,20,0,0,5.71,0,1,1
2026-09-30T20:09:07.203094+00:00,4896.0,20,0,4,1.29,0,0,0
2026-09-30T20:14:16.729547+00:00,25012.2,20,0,2,6.16,0,0,1
2026-09-30T20:14:22.415469+00:00,9769.24,20,1,2,4.22,0,0,0
2026-09-30T20:14:42.116712+00:00,24230.81,20,0,1,3.19,0,0,0
2026-09-30T20:16:07.738851+00:00,3841.09,20,0,0,7.08,0,1,0
2026-09-30T20:28:25.578747+00:00,1031.08,20,0,2,6.36,0,0,0
2026-09-30T20:30:49.359575+00:00,25802.23,20,0,0,0.8,0,1,0
2026-09-30T20:31:53.883137+00:00,693.26,20,0,0,3.81,0,0,0
2026-09-30T20:39:04.450348+00:00,23498.55,20,0,2,2.23,0,1,1
2026-09-30T20:39:13.486952+00:00,1259.78,20,0,3,2.89,0,1,0
2026-09-30T20:41:07.261038+00:00,506.24,20,1,2,1.05,0,1,0
2026-09-30T20:46:14.243532+00:00,5668.43,20,0,3,3.85,0,1,0
2026-09-30T20:48:31.136550+00:00,68.0,20,0,0,0.54,0,0,0
2026-09-30T20:50:35.873322+00:00,5769.81,20,0,2,1.57,1,0,0
2026-09-30T20:56:09.023641+00:00,1033.55,20,0,0,1.15,0,1,0
2026-09-30T21:02:31.530113+00:00,6973.29,21,0,0,3.68,0,1,0
2026-09-30T21:06:56.739385+00:00,3823.09,21,1,3,3.82,0,0,0
2026-09-30T21:07:06.623351+00:00,3570.92,21,0,4,8.62,0,0,0
2026-09-30T21:16:09.795887+00:00,1514.83,21,0,3,7.62,1,0,0
2026-09-30T21:28:17.912602+00:00,255.97,21,0,1,4.29,0,0,0
2026-09-30T21:41:32.724122+00:00,22591.35,21,0,1,2.62,0,0,0
2026-09-30T21:43:21.612331+00:00,659.74,21,0,2,1.56,1,1,0
2026-09-30T21:52:14.213741+00:00,1550.01,21,0,1,4.11,0,1,0
2026-09-30T21:53:08.233961+00:00,22729.58,21,0,1,0.89,0,0,1
2026-09-30T21:55:46.419722+00:00,2166.46,21,1,2,3.43,0,1,0
2026-09-30T22:07:17.100214+00:00,768.71,22,0,1,5.23,0,1,0
2026-09-30T22:09:38.302122+00:00,544.93,22,0,1,4.2,0,1,0
2026-09-30T22:11:27.455553+00:00,480.89,22,0,1,3.72,1,1,0
2026-09-30T22:19:31.672633+00:00,6421.06,22,1,1,1.23,0,1,0
2026-09-30T22:19:34.929550+00:00,162.62,22,0,1,3.72,1,1,0
2026-09-30T22:20:41.902563+00:00,28000.0,22,0,1,7.9,0,0,0
2026-09-30T22:20:55.676680+00:00,768.18,22,0,1,14.96,0,0,0
2026-09-30T22:31:03.039033+00:00,434.07,22,0,1,12.58,1,0,0
2026-09-30T22:34:38.430299+00:00,2813.01,22,0,1,10.38,0,0,0
2026-09-30T22:37:01.108462+00:00,326.77,22,0,2,7.49,0,1,0
2026-09-30T22:37:01.894043+00:00,3011.82,22,1,0,9.51,0,0,0
2026-09-30T22:39:56.492364+00:00,6144.18,22,1,1,4.67,0,0,0
2026-09-30T22:41:42.580408+00:00,217.07,22,0,1,5.65,0,1,0
2026-09-30T22:44:04.383005+00:00,5208.1,22,0,1,2.06,0,0,0
2026-09-30T22:47:36.749973+00:00,1665.32,22,0,0,3.28,0,1,0
2026-09-30T22:48:14.006760+00:00,615.99,22,0,0,5.53,0,1,0
2026-09-30T23:00:41.682024+00:00,679.85,23,1,0,3.24,0,1,0
2026-09-30T23:05:48.772960+00:00,8093.29,23,0,1,1.71,0,1,0
2026-09-30T23:17:44.299201+00:00,435.09,23,1,1,2.41,1,0,0
2026-09-30T23:20:03.735772+00:00,6510.48,23,0,1,4.7,0,0,0
2026-09-30T23:25:30.920259+00:00,22341.4,23,0,3,4.28,0,1,1
2026-09-30T23:29:51.877954+00:00,187.49,23,2,0,3.79,0,0,0
2026-09-30T23:30:38.036913+00:00,2058.43,23,0,0,1.99,0,1,0
2026-09-30T23:34:55.218531+00:00,5502.33,23,0,2,18.67,0,1,0
2026-09-30T23:35:46.932207+00:00,4205.18,23,0,1,2.09,0,0,0
2026-09-30T23:38:20.807713+00:00,2207.07,23,0,2,6.5,0,0,0
2026-09-30T23:38:48.643213+00:00,24130.5,23,0,1,2.47,0,0,0
2026-09-30T23:43:32.136634+00:00,470.39,23,1,1,0.32,0,0,0
2026-09-30T23:44:45.093931+00:00,7763.33,23,2,0,5.25,0,0,0
2026-09-30T23:46:14.835294+00:00,6055.75,23,1,0,0.45,0,0,0
2026-09-30T23:46:49.389952+00:00,4002.24,23,0,1,8.62,0,0,0
2026-09-30T23:54:19.264065+00:00,5510.02,23,3,0,4.4,0,1,1
2026-09-30T23:59:59.643944+00:00,2571.55,23,0,0,2.51,0,0,0
2026-10-01T00:01:34.899765+00:00,3658.18,0,0,0,2.73,0,1,0
2026-10-01T00:02:42.251015+00:00,19507.14,0,0,4,1.29,1,0,1
2026-10-01T00:06:21.569719+00:00,1465.34,0,0,0,5.69,0,1,0
2026-10-01T00:12:41.702984+00:00,2752.24,0,0,2,4.36,0,1,0
2026-10-01T00:12:46.251404+00:00,1012.59,0,0,2,2.32,0,0,0
2026-10-01T00:21:25.256343+00:00,1917.01,0,0,1,3.53,0,0,0
2026-10-01T00:24:04.260646+00:00,1114.66,0,3,1,1.51,0,1,1
2026-10-01T00:25:41.204933+00:00,479.59,0,0,1,1.43,0,1,0
2026-10-01T00:27:00.105374+00:00,1302.89,0,0,3,4.37,0,0,0
2026-10-01T00:28:57.969464+00:00,6173.46,0,1,0,5.04,0,1,0
2026-10-01T00:32:28.224965+00:00,1595.3,0,0,0,8.74,0,0,0
2026-10-01T00:33:19.372738+00:00,4470.69,0,2,1,3.79,0,0,0
2026-10-01T00:40:21.650991+00:00,676.36,0,1,0,4.3,3,0,0
2026-10-01T00:44:26.416498+00:00,1827.6,0,0,1,5.55,0,0,0
2026-10-01T00:45:54.503884+00:00,450.42,0,0,0,3.88,0,1,0
2026-10-01T00:45:59.360091+00:00,537.51,0,0,2,0.75,0,0,0
2026-10-01T00:46:03.472942+00:00,3134.75,0,0,0,2.01,0,0,0
2026-10-01T00:55:09.951802+00:00,3052.55,0,0,0,3.23,3,0,0
2026-10-01T01:00:56.548100+00:00,16318.7,1,0,0,4.42,0,0,1
2026-10-01T01:02:57.999912+00:00,2118.43,1,0,0,0.32,0,0,0
2026-10-01T01:07:04.970453+00:00,6428.04,1,0,2,5.31,0,1,0
2026-10-01T01:14:33.192427+00:00,672.49,1,0,4,0.58,0,0,1
2026-10-01T01:14:38.788335+00:00,13148.96,1,2,1,15.97,0,1,1
2026-10-01T01:17:05.434652+00:00,3437.72,1,0,3,2.65,0,0,1
2026-10-01T01:21:00.105654+00:00,19351.83,1,1,0,7.07,1,0,1
2026-10-01T01:23:09.288093+00:00,12568.93,1,0,0,7.78,0,0,0
2026-10-01T01:27:20.010834+00:00,3070.03,1,0,0,5.91,1,1,0
2026-10-01T01:33:33.534144+00:00,2094.0,1,0,0,15.71,0,0,0
2026-10-01T01:45:03.283033+00:00,1858.74,1,1,2,6.73,0,0,0
2026-10-01T01:46:47.353759+00:00,2783.64,1,0,2,3.09,0,0,0
2026-10-01T02:00:04.940725+00:00,363.99,2,0,0,4.33,0,0,0
2026-10-01T02:05:29.428441+00:00,8570.5,2,0,1,1.5,0,0,0
2026-10-01T02:05:43.600629+00:00,3204.14,2,0,0,5.1,0,0,0
2026-10-01T02:09:31.758032+00:00,710.61,2,0,4,5.06,0,1,1
2026-10-01T02:11:28.541476+00:00,17921.95,2,0,1,2.67,0,0,1
2026-10-01T02:18:57.379223+00:00,517.64,2,1,1,4.31,0,1,0
2026-10-01T02:21:59.101389+00:00,116.67,2,0,1,3.85,1,0,0
2026-10-01T02:22:05.086660+00:00,3246.08,2,0,1,9.88,0,0,0
2026-10-01T02:22:28.330466+00:00,3405.59,2,1,1,6.83,0,0,0
2026-10-01T02:26:48.854348+00:00,2864.29,2,0,1,4.79,0,0,0
2026-10-01T02:28:04.099169+00:00,708.66,2,2,1,1.57,0,1,1
2026-10-01T02:30:26.259912+00:00,18657.11,2,0,1,2.23,1,1,1
2026-10-01T02:40:04.655300+00:00,246.15,2,0,3,3.47,1,0,1
2026-10-01T02:43:11.319790+00:00,3066.9,2,0,0,12.37,0,0,0
2026-10-01T02:43:16.456506+00:00,2643.92,2,3,0,3.28,0,1,1
2026-10-01T02:46:57.195248+00:00,23215.69,2,1,1,1.05,0,0,1
2026-10-01T02:50:06.837717+00:00,7286.67,2,1,0,8.07,0,0,0
2026-10-01T02:51:56.890285+00:00,6138.43,2,0,0,6.28,1,1,0
2026-10-01T02:54:32.085059+00:00,12684.89,2,2,4,2.9,0,0,1
2026-10-01T02:58:51.135308+00:00,12027.34,2,1,2,9.03,1,1,1
2026-10-01T03:00:13.018075+00:00,4795.4,3,0,0,6.03,2,0,1
2026-10-01T03:01:22.537393+00:00,10086.07,3,0,1,3.58,0,0,0
2026-10-01T03:03:51.933689+00:00,6522.54,3,3,2,3.87,0,0,1
2026-10-01T03:04:21.499749+00:00,4221.34,3,0,2,0.99,0,0,0
2026-10-01T03:17:16.274465+00:00,310.81,3,0,0,9.65,0,0,0
2026-10-01T03:20:32.813728+00:00,220.94,3,1,0,1.91,0,0,0
2026-10-01T03:25:12.736392+00:00,5876.61,3,0,0,3.45,0,0,0
2026-10-01T03:31:27.106596+00:00,2212.54,3,3,0,5.27,0,1,1
2026-10-01T03:31:41.310912+00:00,5452.88,3,0,0,1.39,0,0,0
2026-10-01T03:38:43.198136+00:00,1260.97,3,0,0,0.21,0,1,0
2026-10-01T03:43:36.658935+00:00,1682.13,3,0,1,4.39,0,0,0
2026-10-01T03:47:33.833267+00:00,3914.71,3,0,1,6.14,0,0,0
2026-10-01T03:50:40.176039+00:00,7960.66,3,0,1,7.71,0,1,1
2026-10-01T03:53:17.845911+00:00,353.93,3,0,1,9.27,0,1,0
2026-10-01T03:57:04.377355+00:00,6385.53,3,0,1,4.94,0,0,0
2026-10-01T03:59:16.378034+00:00,5100.31,3,0,2,7.82,1,1,1
2026-10-01T03:59:59.303492+00:00,1273.2,3,2,1,5.95,0,1,1
2026-10-01T04:02:51.967117+00:00,1464.29,4,0,0,8.88,0,0,0
2026-10-01T04:12:19.420900+00:00,212.24,4,0,0,2.31,0,0,0
2026-10-01T04:12:39.329100+00:00,110.77,4,0,1,2.07,0,1,1
2026-10-01T04:22:16.076715+00:00,2134.19,4,0,1,6.23,0,0,0
2026-10-01T04:32:15.867460+00:00,381.33,4,0,1,3.71,0,0,0
2026-10-01T04:37:28.518859+00:00,750.16,4,0,1,13.41,0,1,1
2026-10-01T04:39:17.328070+00:00,19480.56,4,1,1,4.49,0,0,1
2026-10-01T04:47:31.889165+00:00,2768.37,4,0,1,1.37,0,0,0
2026-10-01T04:49:11.414055+00:00,3273.18,4,3,3,4.38,0,0,1
2026-10-01T04:55:19.887660+00:00,724.36,4,1,0,7.62,1,0,0
2026-10-01T04:56:10.372546+00:00,26126.13,4,0,2,0.69,0,0,1
2026-10-01T04:58:07.726499+00:00,19550.26,4,0,3,10.64,0,1,1
2026-10-01T04:59:22.804594+00:00,2430.96,4,1,1,3.74,1,0,0
2026-10-01T05:03:19.546625+00:00,28000.0,5,2,4,2.31,0,0,1
2026-10-01T05:07:52.945467+00:00,22660.39,5,0,1,0.26,0,0,0
2026-10-01T05:11:34.543941+00:00,4265.6,5,0,2,2.11,0,0,0
2026-10-01T05:15:48.085101+00:00,4298.54,5,0,0,0.72,0,1,0
2026-10-01T05:16:25.069254+00:00,416.39,5,0,1,1.58,0,0,0
2026-10-01T05:19:36.318375+00:00,1070.74,5,1,2,2.54,0,0,0
2026-10-01T05:31:49.926738+00:00,281.4,5,2,2,3.22,0,0,0
2026-10-01T05:35:08.775630+00:00,87.9,5,0,0,1.19,0,0,0
2026-10-01T05:35:47.964639+00:00,611.5,5,0,2,5.66,0,0,0
2026-10-01T05:40:25.863819+00:00,20674.84,5,1,1,4.74,0,1,1
2026-10-01T05:40:40.777922+00:00,937.67,5,0,2,1.42,0,0,0
2026-10-01T05:47:32.811833+00:00,11297.45,5,0,1,2.91,2,0,0
2026-10-01T05:48:37.434095+00:00,2970.53,5,0,1,1.32,0,1,0
2026-10-01T05:50:59.042243+00:00,926.68,5,0,1,2.18,0,1,0
2026-10-01T05:51:06.811614+00:00,2259.76,5,0,1,2.35,0,0,0
2026-10-01T05:51:40.337467+00:00,851.36,5,0,0,16.23,0,1,0
2026-10-01T05:52:31.058692+00:00,13287.25,5,0,1,3.1,2,0,0
2026-10-01T05:53:27.027255+00:00,6072.96,5,1,0,1.98,1,0,0
2026-10-01T05:58:21.295689+00:00,145.09,5,2,0,7.11,0,1,1
2026-10-01T06:00:11.491390+00:00,9507.08,6,0,0,7.22,1,1,0
2026-10-01T06:06:36.723139+00:00,4145.69,6,0,0,0.91,0,1,0
2026-10-01T06:07:02.149540+00:00,335.11,6,0,1,1.64,0,1,0
2026-10-01T06:07:38.479806+00:00,3613.91,6,0,0,8.2,0,1,0
2026-10-01T06:08:29.352584+00:00,3391.45,6,0,1,3.54,0,0,0
2026-10-01T06:09:47.417563+00:00,850.11,6,0,1,4.0,0,0,0
2026-10-01T06:11:53.191360+00:00,4606.13,6,2,1,5.47,0,0,0
2026-10-01T06:12:16.319147+00:00,351.49,6,2,0,2.86,1,0,0
2026-10-01T06:13:53.318776+00:00,2211.22,6,1,1,7.28,0,0,0
2026-10-01T06:15:41.176073+00:00,91.91,6,0,0,3.39,0,0,0
2026-10-01T06:19:40.807183+00:00,11149.07,6,0,1,1.33,0,0,0
2026-10-01T06:27:17.924182+00:00,4516.22,6,0,0,8.77,0,0,0
2026-10-01T06:27:22.623250+00:00,613.56,6,0,1,7.69,0,0,0
2026-10-01T06:29:44.965951+00:00,1397.78,6,0,2,5.45,0,1,0
2026-10-01T06:29:55.638158+00:00,620.07,6,0,0,6.84,0,0,0
2026-10-01T06:32:35.716488+00:00,4716.24,6,0,1,6.84,0,0,0
2026-10-01T06:35:33.375947+00:00,254.25,6,0,4,2.86,1,0,0
2026-10-01T06:36:28.779890+00:00,5932.4,6,2,1,6.5,0,1,0
2026-10-01T06:41:17.628757+00:00,9182.25,6,0,2,5.39,0,1,0
2026-10-01T06:41:42.653765+00:00,3672.65,6,0,1,6.48,0,1,0
2026-10-01T06:44:44.517666+00:00,826.35,6,0,1,3.9,0,1,0
2026-10-01T06:47:55.804200+00:00,1488.57,6,0,3,8.58,0,1,0
2026-10-01T06:54:26.518414+00:00,20528.92,6,0,2,10.1,3,0,1
2026-10-01T06:56:52.497062+00:00,3029.34,6,0,0,6.59,0,1,0
2026-10-01T06:58:29.288340+00:00,3594.78,6,0,0,2.7,0,0,0
2026-10-01T07:01:00.264773+00:00,22812.19,7,0,0,0.71,0,1,1
2026-10-01T07:03:33.637868+00:00,1444.98,7,0,0,5.73,0,0,0
2026-10-01T07:05:53.834069+00:00,7150.08,7,0,3,18.22,0,0,0
2026-10-01T07:07:36.595308+00:00,331.67,7,0,0,4.94,0,1,0
2026-10-01T07:08:36.594929+00:00,2069.08,7,1,3,5.74,0,0,0
2026-10-01T07:11:05.465807+00:00,21345.92,7,1,1,1.42,0,1,0
2026-10-01T07:28:53.718197+00:00,18791.84,7,0,0,6.38,0,0,0
2026-10-01T07:31:29.386045+00:00,3970.13,7,0,0,8.17,0,0,0
2026-10-01T07:32:26.839797+00:00,26377.13,7,0,0,2.73,0,1,1
2026-10-01T07:33:41.213488+00:00,3520.02,7,1,2,5.02,0,1,0
2026-10-01T07:36:49.458165+00:00,101.67,7,0,1,3.65,1,0,0
2026-10-01T07:36:57.385288+00:00,695.58,7,1,2,8.33,0,1,0
2026-10-01T07:37:07.585435+00:00,1399.91,7,0,1,1.48,1,0,0
2026-10-01T07:38:04.341716+00:00,15837.35,7,0,1,1.2,0,0,0
2026-10-01T07:40:27.390582+00:00,10579.93,7,0,1,11.07,0,1,0
2026-10-01T07:51:30.024199+00:00,3434.04,7,0,1,3.29,0,0,0
2026-10-01T07:51:35.950170+00:00,1187.54,7,0,1,7.48,0,1,0
2026-10-01T07:58:00.854760+00:00,8555.83,7,0,1,1.45,0,0,0
2026-10-01T08:00:26.262937+00:00,4377.96,8,1,0,15.05,0,1,0
2026-10-01T08:00:57.056126+00:00,1131.76,8,0,1,2.27,0,0,0
2026-10-01T08:01:52.389071+00:00,1583.95,8,0,0,3.6,0,0,0
2026-10-01T08:03:47.403156+00:00,771.78,8,0,3,4.69,2,0,0
2026-10-01T08:11:25.263182+00:00,11397.65,8,0,0,6.92,0,0,0
2026-10-01T08:12:03.296471+00:00,2390.73,8,0,2,0.42,0,0,0
2026-10-01T08:12:53.989729+00:00,7304.51,8,2,1,1.56,0,0,0
2026-10-01T08:13:01.126277+00:00,1421.32,8,0,1,4.42,2,1,1
2026-10-01T08:14:49.926139+00:00,25934.45,8,1,1,3.14,0,1,1
2026-10-01T08:15:48.041641+00:00,237.26,8,1,0,11.35,0,0,0
2026-10-01T08:16:50.132555+00:00,28000.0,8,0,0,3.37,0,0,0
2026-10-01T08:20:18.123338+00:00,7838.59,8,0,2,1.51,1,0,0
2026-10-01T08:24:49.069848+00:00,1504.17,8,1,1,2.08,0,1,0
2026-10-01T08:33:33.528492+00:00,21240.05,8,0,0,8.55,0,0,0
2026-10-01T08:40:21.847881+00:00,4525.17,8,0,1,5.35,0,1,0
2026-10-01T08:44:51.170070+00:00,7468.68,8,2,0,7.16,1,0,0
2026-10-01T08:46:04.955673+00:00,1234.7,8,0,1,1.97,0,0,0
2026-10-01T08:46:41.990299+00:00,2064.68,8,0,2,10.97,0,0,0
2026-10-01T08:52:10.996805+00:00,6467.93,8,0,1,4.88,0,0,0
2026-10-01T08:57:49.904995+00:00,4884.61,8,1,1,5.63,0,0,0
2026-10-01T09:02:23.135446+00:00,1659.99,9,0,2,1.11,0,0,0
2026-10-01T09:03:56.749292+00:00,6040.86,9,0,0,4.74,0,1,0
2026-10-01T09:06:02.505474+00:00,213.89,9,0,2,7.08,0,0,0
2026-10-01T09:10:37.547678+00:00,4935.11,9,1,1,1.03,0,0,0
2026-10-01T09:15:20.828566+00:00,801.24,9,1,1,2.84,0,0,0
2026-10-01T09:18:20.234809+00:00,1138.53,9,0,0,12.68,0,0,0
2026-10-01T09:19:58.161834+00:00,2234.94,9,0,1,3.25,0,0,0
2026-10-01T09:26:21.606531+00:00,17225.66,9,0,0,2.01,0,1,1
2026-10-01T09:29:39.893186+00:00,2412.5,9,0,2,1.42,0,0,0
2026-10-01T09:35:14.475759+00:00,2578.29,9,3,1,4.36,0,0,0
2026-10-01T09:35:52.034136+00:00,1348.83,9,0,0,4.92,0,1,0
2026-10-01T09:40:40.747083+00:00,676.47,9,3,1,1.24,0,0,0
2026-10-01T09:47:43.376455+00:00,4741.9,9,0,2,0.89,0,1,0
2026-10-01T09:49:18.423695+00:00,18262.61,9,0,1,5.63,0,0,0
2026-10-01T09:52:41.016968+00:00,2315.67,9,1,0,8.52,1,0,0
2026-10-01T09:54:06.556097+00:00,16412.02,9,0,1,6.59,0,0,0
2026-10-01T09:58:16.629562+00:00,7752.58,9,0,1,2.83,0,1,0
2026-10-01T09:59:41.278942+00:00,3994.31,9,0,1,5.78,0,1,0
2026-10-01T10:00:03.027836+00:00,15636.39,10,1,1,0.94,1,0,0
2026-10-01T10:17:03.512771+00:00,22457.95,10,0,0,2.4,0,0,0
2026-10-01T10:18:13.183114+00:00,28000.0,10,1,2,2.29,3,0,1
2026-10-01T10:19:36.685799+00:00,2106.65,10,2,2,8.39,1,0,0
2026-10-01T10:24:45.679623+00:00,11237.58,10,0,0,6.82,0,0,0
2026-10-01T10:26:44.628260+00:00,2596.29,10,1,1,4.68,0,0,0
2026-10-01T10:27:12.906847+00:00,2029.52,10,0,0,6.3,0,0,0
2026-10-01T10:30:10.890629+00:00,1348.24,10,0,3,0.8,1,0,0
2026-10-01T10:41:19.467624+00:00,21588.15,10,2,1,4.37,0,0,1
2026-10-01T10:46:09.911947+00:00,18565.91,10,0,1,1.94,0,0,0
2026-10-01T10:48:01.018311+00:00,414.75,10,0,1,4.05,0,0,0
2026-10-01T10:54:51.029588+00:00,15492.62,10,0,1,0.95,0,0,0
2026-10-01T10:54:53.046625+00:00,1166.71,10,0,2,6.35,0,0,0
2026-10-01T10:59:47.218984+00:00,1672.17,10,0,0,1.53,0,1,0
2026-10-01T11:03:29.916279+00:00,2630.03,11,0,2,19.6,0,1,0
2026-10-01T11:05:10.160457+00:00,1168.39,11,0,0,3.91,0,1,0
2026-10-01T11:05:39.450049+00:00,13304.47,11,2,3,2.75,0,0,0
2026-10-01T11:08:00.256252+00:00,1163.84,11,2,2,3.79,1,1,0
2026-10-01T11:11:54.999554+00:00,1921.0,11,0,0,7.8,0,0,0
2026-10-01T11:13:49.271632+00:00,408.82,11,0,2,10.54,0,0,0
2026-10-01T11:14:58.467836+00:00,1026.25,11,0,1,2.49,0,0,0
2026-10-01T11:15:52.897800+00:00,218.53,11,1,2,1.16,0,0,0
2026-10-01T11:17:48.914537+00:00,2683.57,11,0,1,8.07,0,1,0
2026-10-01T11:20:07.018925+00:00,4509.8,11,0,1,2.24,0,0,0
2026-10-01T11:22:01.503952+00:00,756.94,11,1,2,4.76,0,1,0
2026-10-01T11:27:37.464606+00:00,1527.92,11,0,0,8.02,0,0,0
2026-10-01T11:32:49.586011+00:00,113.62,11,0,1,7.99,0,1,0
2026-10-01T11:35:00.527314+00:00,5914.72,11,0,0,5.0,0,0,0
2026-10-01T11:38:27.166939+00:00,4904.68,11,1,1,5.93,0,0,0
2026-10-01T11:40:03.336898+00:00,269.1,11,0,1,7.86,0,1,0
2026-10-01T11:40:28.718501+00:00,1512.55,11,0,0,2.91,1,0,0
2026-10-01T11:46:52.634597+00:00,10003.94,11,1,3,3.22,0,1,0
2026-10-01T11:49:19.372031+00:00,1652.4,11,1,0,7.25,0,0,0
2026-10-01T11:52:47.204448+00:00,2450.36,11,0,0,5.91,0,0,0
2026-10-01T11:53:03.571269+00:00,1464.42,11,0,1,3.53,0,0,0
2026-10-01T11:56:38.388487+00:00,23540.56,11,0,2,8.88,0,1,1
2026-10-01T11:57:28.164292+00:00,12296.38,11,0,1,6.14,0,0,0
2026-10-01T11:59:08.821879+00:00,19235.89,11,0,1,3.33,0,0,0
2026-10-01T12:02:04.960000+00:00,4829.24,12,0,0,10.05,2,0,0
2026-10-01T12:12:15.066905+00:00,1717.72,12,0,0,16.14,0,1,0
2026-10-01T12:19:12.574065+00:00,2242.63,12,0,1,4.32,0,1,0
2026-10-01T12:25:22.643354+00:00,1471.82,12,0,0,1.88,0,1,0
2026-10-01T12:26:58.366589+00:00,13624.05,12,0,1,16.12,0,0,0
2026-10-01T12:29:20.878590+00:00,3996.58,12,2,1,1.16,0,1,1
2026-10-01T12:29:32.346059+00:00,1966.87,12,0,3,5.31,0,1,0
2026-10-01T12:32:59.992805+00:00,99.01,12,0,1,6.53,0,1,0
2026-10-01T12:33:55.740901+00:00,18547.68,12,0,1,3.3,1,0,0
2026-10-01T12:45:40.236698+00:00,13278.21,12,0,2,4.05,0,0,0
2026-10-01T12:49:01.879019+00:00,2429.17,12,0,1,3.27,0,1,0
2026-10-01T12:53:11.553185+00:00,704.53,12,0,0,3.22,0,1,0
2026-10-01T12:55:47.496770+00:00,131.49,12,0,0,6.45,0,0,0
2026-10-01T13:05:15.721054+00:00,1461.75,13,0,0,5.14,0,0,0
2026-10-01T13:06:59.040582+00:00,22807.38,13,0,0,7.33,0,1,1
2026-10-01T13:09:51.830955+00:00,18205.83,13,0,3,5.43,0,0,0
2026-10-01T13:12:05.070847+00:00,9362.83,13,0,1,5.31,0,0,0
2026-10-01T13:14:14.768289+00:00,21679.1,13,0,1,3.62,0,0,0
2026-10-01T13:15:25.779405+00:00,2673.66,13,0,1,3.57,0,0,0
2026-10-01T13:17:54.387376+00:00,2918.47,13,0,3,4.57,0,0,0
2026-10-01T13:23:03.634735+00:00,21529.32,13,0,0,8.48,0,0,0
2026-10-01T13:24:39.428241+00:00,3988.8,13,0,3,6.48,0,1,0
2026-10-01T13:26:23.478385+00:00,1796.92,13,0,0,8.27,0,0,0
2026-10-01T13:49:46.259552+00:00,3600.01,13,0,2,2.7,0,0,0
2026-10-01T13:52:52.043704+00:00,474.93,13,0,1,2.17,0,1,0
2026-10-01T13:54:20.461713+00:00,14146.13,13,1,1,2.73,0,0,0
2026-10-01T14:00:26.291184+00:00,5845.3,14,0,0,2.66,0,0,0
2026-10-01T14:02:26.731092+00:00,22761.3,14,1,0,4.53,0,0,0
2026-10-01T14:03:57.945908+00:00,2538.0,14,1,2,1.9,1,0,0
2026-10-01T14:04:36.772850+00:00,162.87,14,0,1,0.68,0,0,0
2026-10-01T14:04:40.353530+00:00,8434.19,14,0,2,4.11,1,1,0
2026-10-01T14:07:09.129676+00:00,3934.81,14,0,0,1.42,0,1,0
2026-10-01T14:10:44.476830+00:00,1770.35,14,0,5,3.4,1,0,0
2026-10-01T14:18:18.474998+00:00,2979.19,14,0,2,7.15,0,1,0
2026-10-01T14:18:25.884489+00:00,1857.52,14,0,3,9.28,0,0,0
2026-10-01T14:19:49.911804+00:00,2063.59,14,0,0,3.89,0,1,0
2026-10-01T14:21:57.659495+00:00,7031.8,14,0,1,1.43,0,0,0
2026-10-01T14:26:33.027464+00:00,622.06,14,1,0,6.16,1,1,0
2026-10-01T14:28:43.497843+00:00,410.23,14,0,0,2.04,0,1,0
2026-10-01T14:30:42.596832+00:00,68.74,14,3,2,1.18,0,0,0
2026-10-01T14:35:56.220864+00:00,1266.01,14,0,1,5.31,2,1,1
2026-10-01T14:37:22.047455+00:00,570.34,14,0,0,1.12,1,0,0
2026-10-01T14:42:19.129001+00:00,855.02,14,1,0,9.28,0,0,0
2026-10-01T14:52:42.513890+00:00,96.17,14,0,2,3.21,1,0,0
2026-10-01T15:04:51.375179+00:00,884.73,15,0,1,3.34,1,0,0
2026-10-01T15:17:07.379207+00:00,1354.51,15,0,1,4.31,0,0,0
2026-10-01T15:20:22.998482+00:00,162.64,15,1,1,3.54,0,1,0
2026-10-01T15:20:54.812600+00:00,3056.0,15,1,0,4.83,3,0,0
2026-10-01T15:25:49.818431+00:00,2751.79,15,0,1,3.07,0,0,0
2026-10-01T15:26:12.758788+00:00,19986.45,15,0,1,2.36,0,0,0
2026-10-01T15:29:34.190591+00:00,2952.46,15,0,1,7.3,0,0,0
2026-10-01T15:30:34.467064+00:00,21213.78,15,2,0,0.76,0,1,1
2026-10-01T15:37:57.944652+00:00,9310.6,15,0,2,4.7,0,0,0
2026-10-01T15:54:01.099734+00:00,68.56,15,2,1,3.94,0,0,0
2026-10-01T15:56:25.743003+00:00,5137.1,15,0,0,3.12,0,1,0
2026-10-01T16:00:19.117017+00:00,1456.3,16,1,1,3.98,2,0,0
2026-10-01T16:01:47.729807+00:00,270.46,16,0,0,1.68,1,0,0
2026-10-01T16:02:23.766561+00:00,18239.22,16,0,1,8.25,0,0,0
2026-10-01T16:06:03.092061+00:00,1302.3,16,0,1,5.06,0,0,0
2026-10-01T16:10:11.720273+00:00,2430.4,16,0,1,3.51,0,0,0
2026-10-01T16:14:26.160525+00:00,3522.41,16,0,1,11.19,0,0,0
2026-10-01T16:15:44.081367+00:00,4484.08,16,1,1,4.95,0,1,0
2026-10-01T16:16:51.496728+00:00,17231.06,16,1,1,7.73,0,1,1
2026-10-01T16:20:55.295546+00:00,1302.46,16,1,0,0.41,0,0,0
2026-10-01T16:22:31.377840+00:00,1239.91,16,0,0,1.99,0,1,0
2026-10-01T16:24:11.172367+00:00,1501.83,16,0,1,3.15,0,0,0
2026-10-01T16:24:30.721881+00:00,25582.46,16,0,0,2.46,0,0,0
2026-10-01T16:28:56.492841+00:00,4875.43,16,1,0,1.59,1,0,0
2026-10-01T16:30:29.064650+00:00,28000.0,16,0,0,5.14,0,0,0
2026-10-01T16:30:44.997033+00:00,17556.34,16,0,0,1.27,0,0,0
2026-10-01T16:32:50.833539+00:00,19652.82,16,0,4,6.2,0,1,1
2026-10-01T16:34:19.374787+00:00,1640.41,16,0,1,2.21,0,0,0
2026-10-01T16:45:14.927613+00:00,2205.81,16,0,0,5.2,0,0,0
2026-10-01T16:46:50.167308+00:00,1785.9,16,0,0,12.75,0,1,0
2026-10-01T16:47:21.640950+00:00,21436.42,16,0,1,2.32,0,1,1
2026-10-01T16:50:22.978974+00:00,2061.58,16,0,1,0.52,0,1,0
2026-10-01T16:50:50.063337+00:00,1181.37,16,1,3,3.48,0,1,0
2026-10-01T16:52:56.729977+00:00,18397.9,16,0,2,1.08,0,1,1
2026-10-01T16:53:05.879141+00:00,6226.5,16,3,1,3.43,0,1,0
2026-10-01T16:53:51.879256+00:00,1805.49,16,0,0,4.66,1,0,0
2026-10-01T16:55:09.625895+00:00,18296.5,16,0,0,3.64,0,1,1
2026-10-01T17:03:40.860176+00:00,253.93,17,0,1,1.53,0,1,0
2026-10-01T17:10:06.135120+00:00,2472.43,17,4,1,3.32,0,0,0
2026-10-01T17:10:57.413653+00:00,207.28,17,3,1,1.29,0,1,1
2026-10-01T17:17:57.719739+00:00,154.8,17,0,1,4.09,0,1,0
2026-10-01T17:26:24.223882+00:00,3097.24,17,0,1,2.09,0,1,0
2026-10-01T17:26:30.027447+00:00,1216.64,17,0,0,4.53,0,0,0
2026-10-01T17:32:04.501813+00:00,4402.02,17,1,0,3.58,0,0,0
2026-10-01T17:40:27.980553+00:00,25328.77,17,0,0,6.75,0,0,0
2026-10-01T17:42:08.560036+00:00,540.37,17,1,0,2.75,0,1,0
2026-10-01T17:42:21.542077+00:00,4185.6,17,0,0,4.92,1,0,0
2026-10-01T17:44:49.736873+00:00,2372.37,17,0,0,4.21,1,1,0
2026-10-01T17:45:52.876258+00:00,440.54,17,0,1,5.39,1,1,0
2026-10-01T17:47:41.007794+00:00,3434.03,17,0,2,1.39,0,0,0
2026-10-01T17:52:08.438583+00:00,3068.78,17,1,1,4.06,0,1,0
2026-10-01T17:54:55.567289+00:00,2379.78,17,2,0,3.36,0,1,1
2026-10-01T17:56:12.349338+00:00,8412.25,17,1,0,3.47,0,0,0
2026-10-01T17:59:08.169145+00:00,2415.91,17,0,2,7.97,0,0,0
2026-10-01T18:04:43.014491+00:00,14965.78,18,0,2,14.13,0,0,0
2026-10-01T18:06:58.143831+00:00,15563.9,18,0,4,3.78,0,0,0
2026-10-01T18:15:13.591014+00:00,454.02,18,0,0,3.88,0,1,0
2026-10-01T18:23:50.317952+00:00,2094.46,18,2,0,5.59,0,0,0
2026-10-01T18:31:51.955329+00:00,704.14,18,0,1,3.49,0,0,0
2026-10-01T18:33:34.706523+00:00,2969.28,18,1,1,7.69,0,0,0
2026-10-01T18:40:51.016714+00:00,3840.28,18,0,2,4.98,0,1,0
2026-10-01T18:41:59.171597+00:00,2082.18,18,0,0,3.71,0,0,0
2026-10-01T18:42:50.803594+00:00,389.0,18,0,1,5.07,0,1,0
2026-10-01T18:45:49.483377+00:00,2083.42,18,0,2,4.0,0,1,0
2026-10-01T18:48:01.556366+00:00,331.88,18,0,0,8.46,0,1,0
2026-10-01T18:48:38.277063+00:00,3727.52,18,0,0,3.76,0,0,0
2026-10-01T18:50:59.801331+00:00,22797.68,18,1,1,3.44,0,1,1
2026-10-01T18:52:42.652018+00:00,10556.73,18,0,0,9.29,0,0,0
2026-10-01T18:57:35.984634+00:00,575.55,18,0,0,3.58,0,0,0
2026-10-01T19:03:18.149463+00:00,2492.59,19,0,1,6.84,0,0,0
2026-10-01T19:05:30.159498+00:00,23397.23,19,1,1,9.01,0,1,0
2026-10-01T19:08:53.840530+00:00,8242.96,19,0,1,3.91,0,1,0
2026-10-01T19:09:27.791521+00:00,22578.91,19,0,1,2.83,0,1,1
2026-10-01T19:09:34.215450+00:00,563.2,19,0,0,6.29,0,0,0
2026-10-01T19:12:41.300994+00:00,1894.64,19,0,2,5.4,0,1,0
2026-10-01T19:14:55.753243+00:00,3463.27,19,0,1,9.23,0,0,0
2026-10-01T19:15:14.286334+00:00,3915.75,19,0,0,2.44,0,1,0
2026-10-01T19:15:19.770230+00:00,6422.61,19,1,0,7.06,0,0,0
2026-10-01T19:20:53.989263+00:00,697.02,19,0,1,5.04,0,0,0
2026-10-01T19:24:28.839820+00:00,9746.59,19,0,0,2.89,0,0,0
2026-10-01T19:29:04.729668+00:00,255.07,19,0,0,3.75,0,1,0
2026-10-01T19:31:38.191490+00:00,13245.31,19,2,0,3.09,0,0,0
2026-10-01T19:32:03.332474+00:00,6300.93,19,1,0,2.24,1,0,0
2026-10-01T19:38:44.735011+00:00,3514.76,19,1,2,2.18,0,0,0
2026-10-01T19:40:01.166173+00:00,4309.63,19,0,2,4.5,0,0,0
2026-10-01T19:40:22.877200+00:00,301.5,19,1,0,0.78,0,0,0
2026-10-01T19:41:16.626305+00:00,195.57,19,0,2,1.48,0,0,0
2026-10-01T19:51:46.744900+00:00,403.44,19,0,2,2.18,0,1,0
2026-10-01T19:55:05.619252+00:00,16117.3,19,1,2,8.59,0,1,1
2026-10-01T20:03:47.452016+00:00,16702.32,20,0,1,8.54,0,1,0
2026-10-01T20:05:34.145172+00:00,836.44,20,0,4,8.61,0,0,0
2026-10-01T20:08:04.973564+00:00,6356.26,20,1,1,7.26,0,0,0
2026-10-01T20:10:25.539668+00:00,1948.44,20,0,2,8.26,0,0,0
2026-10-01T20:10:31.886281+00:00,3865.18,20,0,1,6.96,0,0,0
2026-10-01T20:13:16.005854+00:00,3445.81,20,0,0,7.95,0,1,0
2026-10-01T20:13:51.666211+00:00,1293.43,20,0,3,10.11,1,0,0
2026-10-01T20:15:18.779911+00:00,951.56,20,0,2,3.47,0,0,0
2026-10-01T20:15:43.510925+00:00,1401.58,20,0,0,8.28,0,0,0
2026-10-01T20:20:09.902564+00:00,5157.18,20,2,1,5.1,0,0,0
2026-10-01T20:25:41.225641+00:00,2884.19,20,2,1,0.87,0,0,0
2026-10-01T20:29:49.375292+00:00,995.72,20,0,5,7.36,0,1,0
2026-10-01T20:30:40.617590+00:00,22229.81,20,0,0,2.92,0,0,0
2026-10-01T20:31:44.729023+00:00,240.21,20,0,1,23.4,0,1,0
2026-10-01T20:34:18.227810+00:00,3904.01,20,1,2,1.67,0,0,0
2026-10-01T20:40:18.075791+00:00,1910.29,20,1,4,2.18,0,1,0
2026-10-01T20:42:19.519891+00:00,4265.2,20,0,1,10.23,0,0,0
2026-10-01T20:54:22.724002+00:00,8455.63,20,1,0,1.82,0,0,0
2026-10-01T20:57:27.751685+00:00,4496.58,20,0,1,8.83,0,0,0
2026-10-01T21:01:48.702291+00:00,1926.67,21,0,1,1.82,0,0,0
2026-10-01T21:02:40.997901+00:00,583.74,21,0,0,4.52,0,0,0
2026-10-01T21:04:40.028526+00:00,21457.07,21,0,2,2.17,0,0,0
2026-10-01T21:05:09.488418+00:00,2035.98,21,0,0,3.79,0,0,0
2026-10-01T21:09:14.773795+00:00,310.56,21,0,2,2.93,0,0,0
2026-10-01T21:13:37.266297+00:00,4122.71,21,0,1,3.54,0,1,0
2026-10-01T21:17:48.271959+00:00,1164.33,21,0,1,6.42,0,0,0
2026-10-01T21:28:51.711894+00:00,220.4,21,0,0,0.75,0,0,0
2026-10-01T21:34:05.526255+00:00,7517.54,21,0,0,7.36,0,0,0
2026-10-01T21:36:03.597545+00:00,2171.71,21,3,4,5.8,0,0,1
2026-10-01T21:43:08.416302+00:00,1115.49,21,1,0,10.63,2,0,0
2026-10-01T21:44:57.793911+00:00,4092.46,21,0,2,6.74,0,0,0
2026-10-01T21:45:49.823827+00:00,7006.24,21,1,1,4.95,0,0,0
2026-10-01T21:59:03.423811+00:00,60.98,21,0,2,3.33,0,0,0
2026-10-01T22:02:44.950338+00:00,24559.55,22,0,2,21.0,2,1,1
2026-10-01T22:10:14.731704+00:00,4721.65,22,0,0,3.64,3,0,0
2026-10-01T22:14:52.754033+00:00,814.02,22,0,0,7.91,0,0,0
2026-10-01T22:15:55.562404+00:00,2212.34,22,0,0,5.3,0,0,0
2026-10-01T22:20:01.661845+00:00,359.28,22,0,2,6.91,2,1,1
2026-10-01T22:23:13.031764+00:00,4454.81,22,1,4,7.55,2,0,1
2026-10-01T22:25:55.740603+00:00,6076.97,22,0,0,2.12,0,1,0
2026-10-01T22:27:38.139069+00:00,426.39,22,0,0,5.54,0,0,0
2026-10-01T22:32:12.370088+00:00,5485.04,22,2,2,8.69,0,1,0
2026-10-01T22:35:17.635522+00:00,4784.88,22,0,3,3.75,0,0,0
2026-10-01T22:37:11.896386+00:00,1423.35,22,0,0,2.16,0,1,0
2026-10-01T22:39:10.879963+00:00,3810.78,22,0,2,2.84,0,1,0
2026-10-01T22:42:55.014973+00:00,60.15,22,0,0,10.46,1,0,0
2026-10-01T22:43:02.650239+00:00,8652.88,22,0,0,5.23,0,0,0
2026-10-01T22:49:30.790633+00:00,2617.95,22,0,0,7.52,0,0,0
2026-10-01T22:51:15.387053+00:00,3159.12,22,0,1,3.78,0,0,0
2026-10-01T22:51:44.989068+00:00,3556.35,22,1,5,2.97,0,1,0
2026-10-01T22:54:50.734607+00:00,2697.11,22,0,1,6.88,2,0,0
2026-10-01T22:56:59.040293+00:00,6278.43,22,0,0,0.84,0,1,0
2026-10-01T22:59:53.104775+00:00,3070.7,22,0,2,2.47,0,0,0
2026-10-01T23:00:11.620428+00:00,7686.76,23,0,0,7.24,0,1,0
2026-10-01T23:03:55.736928+00:00,2853.82,23,0,1,3.4,0,0,0
2026-10-01T23:10:40.829074+00:00,660.58,23,0,0,5.68,0,0,0
2026-10-01T23:11:33.417267+00:00,7894.67,23,0,1,3.09,0,1,0
2026-10-01T23:17:12.742665+00:00,3722.51,23,0,1,3.15,0,0,0
2026-10-01T23:17:36.812497+00:00,3904.61,23,0,1,19.08,0,0,0
2026-10-01T23:21:07.225642+00:00,13603.52,23,0,2,3.62,0,0,0
2026-10-01T23:30:09.273348+00:00,310.16,23,3,0,12.11,0,0,0
2026-10-01T23:36:22.524743+00:00,1850.89,23,0,2,0.71,1,0,0
2026-10-01T23:45:11.733735+00:00,934.39,23,1,0,1.63,0,0,0
2026-10-01T23:45:44.398724+00:00,3245.3,23,0,2,7.17,0,1,0
2026-10-01T23:45:56.767352+00:00,5321.09,23,0,1,6.26,0,1,0
2026-10-01T23:46:33.577933+00:00,10909.84,23,0,0,8.5,0,0,0
2026-10-01T23:47:12.864118+00:00,1999.93,23,0,3,10.59,3,0,0
2026-10-01T23:48:25.868334+00:00,25915.9,23,0,1,8.85,0,0,0
2026-10-01T23:49:41.150041+00:00,8026.52,23,0,1,2.75,0,1,0
2026-10-02T00:02:43.417714+00:00,3739.62,0,0,2,1.11,0,0,0
2026-10-02T00:03:16.834805+00:00,949.72,0,1,1,6.47,0,0,0
2026-10-02T00:08:23.549351+00:00,19340.27,0,0,3,5.76,0,1,0
2026-10-02T00:14:33.125910+00:00,25466.15,0,0,2,12.14,1,1,1
2026-10-02T00:15:42.821066+00:00,28000.0,0,1,1,3.99,0,0,0
2026-10-02T00:17:17.414941+00:00,3350.33,0,0,1,3.09,2,0,0
2026-10-02T00:18:20.432627+00:00,7036.83,0,0,0,3.81,0,1,0
2026-10-02T00:22:51.506023+00:00,20123.8,0,0,0,5.81,1,0,0
2026-10-02T00:25:28.387698+00:00,963.89,0,1,0,10.3,0,1,0
2026-10-02T00:26:47.776796+00:00,26926.9,0,0,0,4.07,3,1,1
2026-10-02T00:29:25.785459+00:00,524.95,0,1,1,2.75,0,0,0
2026-10-02T00:30:31.462397+00:00,738.68,0,0,0,7.1,0,1,0
2026-10-02T00:34:43.685283+00:00,1806.16,0,0,1,4.9,1,1,0
2026-10-02T00:35:20.588663+00:00,2909.87,0,0,1,6.35,0,1,0
2026-10-02T00:37:09.038680+00:00,3022.81,0,0,1,3.57,0,0,0
2026-10-02T00:38:22.976346+00:00,1164.89,0,4,0,2.17,1,1,0
2026-10-02T00:44:41.036992+00:00,8166.98,0,0,2,2.83,0,0,0
2026-10-02T00:45:16.666865+00:00,7952.1,0,0,0,3.19,0,0,0
2026-10-02T00:46:04.261623+00:00,1652.62,0,0,1,3.99,0,1,0
2026-10-02T00:46:41.630596+00:00,17805.8,0,1,0,2.38,0,1,1
2026-10-02T00:57:34.526254+00:00,3939.46,0,1,1,6.08,0,0,0
2026-10-02T01:02:06.736453+00:00,3540.51,1,0,2,3.79,0,0,0
2026-10-02T01:06:46.323938+00:00,1601.59,1,2,1,1.05,0,0,1
2026-10-02T01:14:01.911674+00:00,1771.53,1,0,0,6.35,0,1,1
2026-10-02T01:14:09.987686+00:00,1428.87,1,0,1,7.09,0,0,0
2026-10-02T01:17:32.096099+00:00,918.83,1,0,1,3.45,1,0,0
2026-10-02T01:21:46.107833+00:00,2020.78,1,0,0,1.92,1,1,0
2026-10-02T01:30:18.778231+00:00,3771.19,1,1,2,2.91,0,1,1
2026-10-02T01:34:20.068588+00:00,4394.93,1,0,2,2.78,0,1,0
2026-10-02T01:40:34.766479+00:00,4888.87,1,1,2,6.7,2,0,1
2026-10-02T01:40:49.602097+00:00,1562.64,1,1,0,1.19,0,1,0
2026-10-02T01:41:41.228848+00:00,4689.19,1,0,1,11.93,0,0,0
2026-10-02T01:42:25.241582+00:00,80.92,1,0,0,1.01,0,0,0
2026-10-02T01:43:43.852313+00:00,2134.46,1,2,0,6.3,0,1,1
2026-10-02T01:59:40.857610+00:00,5114.13,1,0,2,3.8,1,0,0
2026-10-02T01:59:49.547663+00:00,3241.99,1,1,1,0.75,1,1,0
2026-10-02T02:12:46.448834+00:00,2116.24,2,0,0,4.66,0,0,0
2026-10-02T02:13:55.603999+00:00,3370.81,2,3,2,0.57,2,0,1
2026-10-02T02:21:37.098356+00:00,7658.64,2,1,0,3.01,0,0,0
2026-10-02T02:26:44.479417+00:00,2733.89,2,2,0,2.53,0,0,1
2026-10-02T02:30:07.345395+00:00,5206.78,2,0,0,2.39,0,0,0
2026-10-02T02:32:15.501912+00:00,28000.0,2,0,3,7.62,0,0,1
2026-10-02T02:34:07.236667+00:00,3972.67,2,0,3,9.07,0,0,1
2026-10-02T02:38:30.872051+00:00,2785.55,2,0,0,2.79,0,1,1
2026-10-02T02:40:54.968584+00:00,20397.31,2,0,0,0.51,0,0,1
2026-10-02T02:43:46.336743+00:00,1561.34,2,2,1,4.11,0,0,1
2026-10-02T02:46:14.089832+00:00,2726.97,2,0,3,3.75,0,0,1
2026-10-02T02:50:02.850704+00:00,5165.82,2,0,1,4.38,0,0,0
2026-10-02T02:56:47.828679+00:00,1904.61,2,2,1,5.08,0,0,1
2026-10-02T03:01:04.948679+00:00,10365.07,3,0,1,2.35,0,0,0
2026-10-02T03:05:07.141890+00:00,1074.95,3,1,1,2.55,0,0,0
2026-10-02T03:06:20.432690+00:00,4427.35,3,1,0,5.23,0,1,0
2026-10-02T03:09:04.583466+00:00,1797.79,3,0,2,0.98,0,0,0
2026-10-02T03:15:01.647425+00:00,2189.63,3,0,2,3.36,0,1,0
2026-10-02T03:16:12.932715+00:00,5250.49,3,4,1,1.38,1,1,1
2026-10-02T03:18:26.677579+00:00,1184.1,3,0,2,3.15,1,1,0
2026-10-02T03:25:45.069085+00:00,385.84,3,0,1,1.25,0,0,0
2026-10-02T03:32:05.821253+00:00,2410.41,3,1,1,7.6,0,1,0
2026-10-02T03:32:58.704716+00:00,2467.88,3,0,2,1.61,0,1,1
2026-10-02T03:35:11.689259+00:00,5165.2,3,0,0,2.21,0,0,0
2026-10-02T03:37:55.550572+00:00,11106.54,3,0,3,8.32,0,0,1
2026-10-02T03:39:29.175392+00:00,14719.19,3,0,3,2.11,0,1,1
2026-10-02T03:42:16.159753+00:00,2926.33,3,0,1,2.03,0,1,0
2026-10-02T03:44:58.944381+00:00,3719.0,3,1,0,1.74,0,0,0
2026-10-02T03:51:34.264935+00:00,28000.0,3,0,1,1.57,0,1,1
2026-10-02T03:54:14.515661+00:00,9204.13,3,1,0,6.25,0,0,0
2026-10-02T03:54:22.351259+00:00,4048.36,3,0,1,3.58,0,1,0
2026-10-02T04:10:20.627776+00:00,15566.18,4,0,0,8.12,0,1,1
2026-10-02T04:10:36.053966+00:00,623.74,4,1,1,3.04,0,0,0
2026-10-02T04:22:07.181019+00:00,1611.34,4,0,0,5.6,1,0,0
2026-10-02T04:25:19.407985+00:00,23239.84,4,0,1,5.92,0,1,1
2026-10-02T04:31:58.148050+00:00,4193.48,4,0,0,13.86,0,1,0
2026-10-02T04:32:48.721100+00:00,3288.65,4,0,1,0.93,0,1,0
2026-10-02T04:39:45.223206+00:00,4067.02,4,0,2,1.88,0,0,0
2026-10-02T04:45:20.677623+00:00,1854.03,4,0,0,9.1,1,1,1
2026-10-02T04:45:31.144027+00:00,4221.87,4,0,2,7.19,0,0,0
2026-10-02T04:46:11.295679+00:00,556.58,4,0,1,2.63,1,0,0
2026-10-02T04:50:25.432967+00:00,627.8,4,1,1,8.24,0,0,0
2026-10-02T05:00:13.045391+00:00,628.74,5,0,2,2.73,0,1,0
2026-10-02T05:05:54.526408+00:00,24150.92,5,2,0,7.63,0,1,1
2026-10-02T05:06:38.509784+00:00,313.06,5,0,2,2.24,0,0,0
2026-10-02T05:07:03.313559+00:00,5234.43,5,1,1,3.81,0,0,0
2026-10-02T05:07:36.424879+00:00,911.24,5,0,3,9.58,0,0,0
2026-10-02T05:07:47.405114+00:00,2082.14,5,0,1,3.07,0,0,0
2026-10-02T05:18:49.674497+00:00,7984.55,5,0,1,0.16,0,0,0
2026-10-02T05:19:27.956556+00:00,2881.56,5,0,1,1.31,0,0,0
2026-10-02T05:19:31.812361+00:00,814.79,5,2,1,2.59,0,0,0
2026-10-02T05:21:59.421191+00:00,1129.44,5,0,2,1.26,0,1,0
2026-10-02T05:29:40.097748+00:00,8160.25,5,0,2,2.02,0,0,0
2026-10-02T05:29:55.468051+00:00,1842.79,5,1,0,4.61,0,0,0
2026-10-02T05:32:03.371911+00:00,2889.67,5,0,2,7.33,1,0,0
2026-10-02T05:33:34.632852+00:00,2031.39,5,0,3,1.73,1,0,0
2026-10-02T05:33:37.212219+00:00,1581.66,5,0,0,8.91,0,0,0
2026-10-02T05:44:36.157768+00:00,868.56,5,0,2,3.05,0,0,0
2026-10-02T05:51:15.824992+00:00,18582.69,5,0,2,0.86,0,0,0
2026-10-02T05:55:31.863485+00:00,4113.46,5,1,3,3.16,0,0,0
2026-10-02T05:57:12.439337+00:00,1088.56,5,0,2,3.2,2,0,0
2026-10-02T05:57:14.804117+00:00,5039.04,5,0,1,4.03,0,0,0
2026-10-02T06:04:42.436186+00:00,6229.03,6,1,0,8.97,0,1,0
2026-10-02T06:08:28.625272+00:00,21192.3,6,1,2,4.81,0,0,0
2026-10-02T06:11:07.151903+00:00,622.55,6,0,2,6.45,0,0,0
2026-10-02T06:11:13.515506+00:00,1219.35,6,0,1,3.44,0,1,0
2026-10-02T06:12:33.865422+00:00,6359.65,6,0,1,6.56,0,0,0
2026-10-02T06:17:46.428131+00:00,768.23,6,1,1,4.13,0,0,0
2026-10-02T06:18:54.937897+00:00,71.12,6,1,3,4.26,0,1,0
2026-10-02T06:29:25.343035+00:00,6609.14,6,0,0,1.46,0,0,0
2026-10-02T06:32:03.215749+00:00,1324.62,6,3,1,1.56,0,0,0
2026-10-02T06:32:12.295357+00:00,1772.91,6,0,1,6.06,1,1,0
2026-10-02T06:35:53.899743+00:00,1951.82,6,1,1,7.42,0,0,0
2026-10-02T06:37:05.949254+00:00,6094.19,6,1,1,0.89,1,0,0
2026-10-02T06:40:29.427961+00:00,1379.45,6,1,2,0.71,0,0,0
2026-10-02T06:44:47.371173+00:00,7190.3,6,3,1,4.55,1,0,0
2026-10-02T06:45:41.431368+00:00,3130.6,6,0,1,6.21,1,0,0
2026-10-02T06:51:10.823388+00:00,2457.65,6,0,1,0.98,0,1,0
2026-10-02T06:55:44.123476+00:00,1320.65,6,0,4,1.89,0,0,0
2026-10-02T07:06:49.176254+00:00,953.86,7,1,0,1.26,0,0,0
2026-10-02T07:11:40.211931+00:00,3190.63,7,1,0,3.01,0,0,0
2026-10-02T07:14:33.860240+00:00,1955.06,7,0,0,8.31,3,0,0
2026-10-02T07:23:30.183392+00:00,7783.83,7,0,1,8.06,0,1,0
2026-10-02T07:25:13.047795+00:00,2225.0,7,0,1,8.45,0,0,0
2026-10-02T07:25:24.002656+00:00,2354.46,7,0,0,8.29,0,0,0
2026-10-02T07:28:28.604068+00:00,1785.1,7,0,0,4.84,0,1,0
2026-10-02T07:32:43.355235+00:00,5042.86,7,1,1,2.26,2,1,1
2026-10-02T07:33:06.983602+00:00,1829.94,7,0,2,5.82,0,1,0
2026-10-02T07:39:46.185945+00:00,1064.19,7,0,1,11.48,0,0,0
2026-10-02T07:45:23.048369+00:00,6398.32,7,0,1,6.25,0,0,0
2026-10-02T07:46:54.697068+00:00,2966.86,7,1,1,10.18,0,0,0
2026-10-02T07:54:46.913520+00:00,2924.92,7,0,2,1.15,0,1,0
2026-10-02T07:55:24.562679+00:00,3079.9,7,0,0,5.84,0,1,0
2026-10-02T07:57:19.192692+00:00,4120.26,7,0,0,6.81,1,0,0
2026-10-02T08:01:36.426069+00:00,1261.66,8,0,0,5.09,1,0,0
2026-10-02T08:06:01.771913+00:00,170.18,8,3,2,4.87,3,0,1
2026-10-02T08:06:58.547875+00:00,5384.35,8,1,0,10.46,0,0,0
2026-10-02T08:08:03.360743+00:00,501.61,8,1,0,5.54,0,1,0
2026-10-02T08:09:30.936413+00:00,4154.36,8,0,0,4.11,2,1,1
2026-10-02T08:10:42.366902+00:00,17811.26,8,0,1,8.37,0,0,0
2026-10-02T08:16:20.724811+00:00,1565.59,8,0,1,1.23,0,1,0
2026-10-02T08:19:20.986107+00:00,268.32,8,0,0,2.73,1,1,0
2026-10-02T08:26:12.255808+00:00,2423.49,8,1,0,4.76,0,0,0
2026-10-02T08:36:21.117098+00:00,3448.23,8,0,0,7.02,0,0,0
2026-10-02T08:36:22.876992+00:00,661.78,8,0,0,3.78,0,1,0
2026-10-02T08:38:55.849655+00:00,1546.79,8,0,2,2.36,0,0,0
2026-10-02T08:44:50.747272+00:00,8580.6,8,4,1,6.06,2,0,1
2026-10-02T08:49:35.491938+00:00,1929.1,8,2,0,2.18,1,0,0
2026-10-02T08:59:57.828933+00:00,20207.06,8,0,0,6.94,3,1,1
2026-10-02T09:04:02.962039+00:00,8443.46,9,0,0,1.95,0,0,0
2026-10-02T09:04:20.668232+00:00,11781.76,9,0,1,1.55,0,0,0
2026-10-02T09:08:04.353452+00:00,7375.02,9,0,1,3.34,0,1,0
2026-10-02T09:15:17.601229+00:00,1281.93,9,2,2,7.28,0,1,1
2026-10-02T09:18:50.259090+00:00,10573.15,9,0,2,5.89,0,1,0
2026-10-02T09:22:34.486496+00:00,5414.94,9,2,3,6.76,0,0,0
2026-10-02T09:24:10.729988+00:00,5868.27,9,1,3,1.66,1,1,0
2026-10-02T09:32:16.626861+00:00,108.93,9,0,3,6.64,0,0,0
2026-10-02T09:43:32.103847+00:00,9929.82,9,0,0,2.77,0,0,0
2026-10-02T09:47:07.210431+00:00,4877.55,9,1,1,9.44,0,0,0
2026-10-02T09:47:27.410220+00:00,4734.81,9,0,2,7.38,0,0,0
2026-10-02T09:54:42.624316+00:00,332.13,9,0,1,5.56,0,0,0
2026-10-02T09:54:59.596175+00:00,907.06,9,0,0,2.41,0,1,0
2026-10-02T10:03:03.526427+00:00,28000.0,10,0,1,4.91,0,0,0
2026-10-02T10:03:55.541981+00:00,2282.41,10,3,2,3.44,0,0,0
2026-10-02T10:08:27.157748+00:00,1683.24,10,0,2,5.63,0,0,0
2026-10-02T10:11:15.601715+00:00,5923.08,10,0,1,10.3,2,1,1
2026-10-02T10:12:45.651648+00:00,352.46,10,0,2,4.42,2,0,0
2026-10-02T10:16:27.601392+00:00,17035.65,10,1,0,4.6,0,0,0
2026-10-02T10:18:28.008902+00:00,1567.6,10,2,1,2.44,1,1,1
2026-10-02T10:18:29.702543+00:00,1437.77,10,0,1,2.65,0,0,0
2026-10-02T10:19:41.503047+00:00,1236.72,10,0,1,3.68,0,0,0
2026-10-02T10:22:06.277460+00:00,814.62,10,0,3,1.57,0,0,0
2026-10-02T10:31:22.317542+00:00,667.5,10,0,1,2.11,1,0,0
2026-10-02T10:34:24.798272+00:00,17037.09,10,4,4,1.06,0,0,1
2026-10-02T10:34:34.443225+00:00,8118.22,10,1,1,1.91,0,1,0
2026-10-02T10:35:16.620422+00:00,2335.23,10,2,3,3.34,1,0,0
2026-10-02T10:42:04.603024+00:00,1192.11,10,0,1,6.81,2,1,0
2026-10-02T10:52:10.043150+00:00,614.73,10,1,0,5.59,0,1,0
2026-10-02T11:00:46.842781+00:00,5732.96,11,0,4,7.7,0,0,0
2026-10-02T11:08:36.779530+00:00,11444.23,11,0,0,4.58,0,1,0
2026-10-02T11:08:52.816504+00:00,18474.76,11,1,4,6.24,0,0,1
2026-10-02T11:13:00.199102+00:00,1160.26,11,0,1,7.07,0,0,0
2026-10-02T11:22:35.281846+00:00,3004.1,11,0,0,6.03,0,0,0
2026-10-02T11:23:55.285516+00:00,4837.98,11,0,2,5.11,0,0,0
2026-10-02T11:26:00.383329+00:00,2004.67,11,0,0,10.01,0,0,0
2026-10-02T11:29:38.295226+00:00,3242.24,11,0,0,11.33,1,0,0
2026-10-02T11:32:30.786535+00:00,4094.29,11,0,0,7.28,0,1,0
2026-10-02T11:37:26.431898+00:00,10408.14,11,0,2,3.91,1,0,0
2026-10-02T11:45:05.156352+00:00,637.18,11,0,1,1.37,0,0,0
2026-10-02T11:46:46.598956+00:00,19085.71,11,0,1,8.15,1,1,1
2026-10-02T11:46:53.699766+00:00,1653.08,11,0,1,6.2,1,0,0
2026-10-02T11:53:08.911085+00:00,4170.27,11,0,0,0.59,1,0,0
2026-10-02T11:56:08.408071+00:00,2778.72,11,0,0,7.72,0,0,0
2026-10-02T12:01:27.393627+00:00,19709.75,12,0,1,1.46,0,1,1
2026-10-02T12:06:29.388986+00:00,3892.25,12,0,0,0.25,1,1,0
2026-10-02T12:08:21.513685+00:00,1672.08,12,0,0,5.39,1,0,0
2026-10-02T12:11:33.479903+00:00,491.36,12,2,1,6.73,0,1,1
2026-10-02T12:15:03.062008+00:00,2207.77,12,0,1,7.39,0,1,0
2026-10-02T12:15:21.886006+00:00,2421.5,12,1,4,6.2,0,0,0
2026-10-02T12:15:32.158657+00:00,17402.4,12,0,1,8.5,0,1,1
2026-10-02T12:18:46.730515+00:00,8837.42,12,0,0,0.25,1,0,0
2026-10-02T12:22:38.122564+00:00,885.89,12,1,0,4.4,4,1,1
2026-10-02T12:26:08.599702+00:00,1744.24,12,0,1,8.44,0,0,0
2026-10-02T12:30:39.999377+00:00,598.67,12,0,0,5.91,0,1,0
2026-10-02T12:35:10.649609+00:00,2515.78,12,0,1,5.23,0,0,0
2026-10-02T12:39:01.923432+00:00,17900.75,12,1,1,1.8,0,0,0
2026-10-02T12:42:59.374323+00:00,2210.14,12,0,0,2.45,0,1,0
2026-10-02T12:47:01.861494+00:00,874.07,12,0,1,1.3,0,0,0
2026-10-02T12:47:58.722522+00:00,236.88,12,0,2,9.25,0,0,0
2026-10-02T12:53:06.077244+00:00,4893.98,12,0,1,1.59,0,0,0
2026-10-02T13:00:43.724269+00:00,3338.95,13,1,3,3.25,0,0,0
2026-10-02T13:09:16.281583+00:00,1393.24,13,0,1,0.88,0,0,0
2026-10-02T13:09:29.306318+00:00,215.71,13,0,2,10.49,0,1,0
2026-10-02T13:12:29.853696+00:00,24198.8,13,0,0,3.16,0,0,0
2026-10-02T13:17:51.641752+00:00,655.46,13,0,0,8.62,0,0,0
2026-10-02T13:19:11.390038+00:00,25814.57,13,0,2,4.65,0,1,1
2026-10-02T13:23:39.692800+00:00,2143.93,13,1,0,5.68,0,1,0
2026-10-02T13:26:20.518509+00:00,1391.52,13,0,0,2.12,0,1,0
2026-10-02T13:27:12.758800+00:00,4392.36,13,2,0,2.27,1,1,0
2026-10-02T13:27:54.963549+00:00,6761.65,13,0,3,5.86,0,1,0
2026-10-02T13:28:04.156454+00:00,1542.14,13,4,1,1.82,0,0,0
2026-10-02T13:37:56.959046+00:00,1734.05,13,0,1,0.28,0,1,0
2026-10-02T13:38:02.077470+00:00,1876.56,13,1,2,0.65,0,0,0
2026-10-02T13:42:27.038344+00:00,8236.63,13,0,3,0.38,0,0,0
2026-10-02T13:45:58.622729+00:00,3834.36,13,0,1,1.39,0,0,0
2026-10-02T13:47:50.548353+00:00,970.56,13,1,1,8.64,1,0,0
2026-10-02T13:49:57.016166+00:00,714.61,13,1,1,0.46,1,0,0
2026-10-02T13:54:07.481176+00:00,14958.44,13,0,1,8.23,0,0,0
2026-10-02T14:00:08.517052+00:00,1038.98,14,0,0,4.37,0,1,0
2026-10-02T14:02:39.652357+00:00,15473.82,14,0,0,4.28,0,0,0
2026-10-02T14:04:04.868665+00:00,3498.16,14,2,1,2.74,0,1,0
2026-10-02T14:10:58.817502+00:00,454.31,14,0,0,1.47,0,1,0
2026-10-02T14:16:45.017742+00:00,1627.92,14,0,3,6.11,0,0,0
2026-10-02T14:29:17.981690+00:00,3199.11,14,1,1,7.89,0,0,0
2026-10-02T14:32:20.448871+00:00,15294.18,14,0,0,2.7,1,1,1
2026-10-02T14:35:14.489785+00:00,276.01,14,0,2,0.59,1,1,0
2026-10-02T14:39:17.861833+00:00,333.17,14,0,2,3.01,0,0,0
2026-10-02T14:48:34.099532+00:00,490.84,14,0,5,8.44,0,1,0
2026-10-02T14:48:53.935227+00:00,5842.18,14,0,0,1.27,0,0,0
2026-10-02T14:50:54.191885+00:00,3492.15,14,0,1,11.75,0,1,0
2026-10-02T14:55:54.559648+00:00,273.43,14,0,1,5.2,0,1,0
2026-10-02T15:03:02.352489+00:00,1647.36,15,0,1,13.48,0,0,0
2026-10-02T15:03:40.933673+00:00,1104.93,15,0,0,1.92,0,1,0
2026-10-02T15:15:12.811055+00:00,2821.1,15,0,1,3.74,0,0,0
2026-10-02T15:17:57.420357+00:00,20973.83,15,0,0,7.63,0,0,0
2026-10-02T15:19:26.139410+00:00,2159.49,15,0,0,4.9,0,0,0
2026-10-02T15:22:10.481481+00:00,18497.19,15,0,2,1.89,0,1,1
2026-10-02T15:23:11.375671+00:00,534.46,15,0,2,5.38,0,1,0
2026-10-02T15:23:22.432625+00:00,4400.02,15,0,2,9.82,0,1,0
2026-10-02T15:33:00.437561+00:00,6841.03,15,0,1,1.95,2,0,0
2026-10-02T15:39:39.006179+00:00,9292.33,15,2,0,2.34,1,0,0
2026-10-02T15:41:41.389260+00:00,253.3,15,0,2,2.72,0,0,0
2026-10-02T15:55:09.937288+00:00,20808.35,15,0,2,5.44,1,0,0
2026-10-02T15:55:51.515502+00:00,4208.69,15,0,0,3.04,0,1,0
2026-10-02T16:02:39.400928+00:00,9466.51,16,0,3,9.45,0,0,0
2026-10-02T16:09:49.677818+00:00,993.04,16,0,1,11.16,0,0,0
2026-10-02T16:10:38.852168+00:00,4397.57,16,0,1,4.36,0,0,0
2026-10-02T16:11:57.371527+00:00,239.76,16,0,0,8.7,0,0,0
2026-10-02T16:21:44.529239+00:00,3252.4,16,1,1,5.38,0,1,0
2026-10-02T16:21:59.224043+00:00,1442.68,16,1,1,5.36,2,0,0
2026-10-02T16:22:03.194436+00:00,4747.83,16,0,1,1.46,0,0,0
2026-10-02T16:23:32.174548+00:00,6427.99,16,0,1,7.12,0,0,0
2026-10-02T16:33:45.699603+00:00,1512.32,16,1,1,2.3,0,0,0
2026-10-02T16:46:01.605196+00:00,2446.16,16,0,2,1.89,0,1,0
2026-10-02T16:46:38.058848+00:00,459.64,16,0,1,8.54,0,0,0
2026-10-02T16:49:03.673838+00:00,1786.11,16,0,2,2.19,0,0,0
2026-10-02T16:52:18.846689+00:00,1492.12,16,0,1,3.66,0,0,0
2026-10-02T16:58:28.843099+00:00,707.26,16,0,1,7.75,0,0,0
2026-10-02T16:59:04.453514+00:00,7256.29,16,0,2,15.43,0,1,0
2026-10-02T17:01:03.045246+00:00,572.87,17,0,2,4.13,0,0,0
2026-10-02T17:01:15.311452+00:00,3291.63,17,1,2,4.66,0,0,0
2026-10-02T17:03:19.702183+00:00,7127.43,17,0,2,1.59,0,0,0
2026-10-02T17:05:14.341469+00:00,7836.2,17,0,3,9.18,0,0,0
2026-10-02T17:16:16.361083+00:00,5103.82,17,0,1,19.53,1,1,0
2026-10-02T17:18:29.003187+00:00,680.02,17,0,1,5.0,0,0,0
2026-10-02T17:25:24.846390+00:00,5502.01,17,0,1,3.25,1,1,0
2026-10-02T17:31:09.801450+00:00,1095.98,17,0,0,2.93,0,0,0
2026-10-02T17:32:34.576450+00:00,8239.72,17,0,0,9.64,0,0,0
2026-10-02T17:34:43.315046+00:00,4011.14,17,0,1,0.79,0,1,0
2026-10-02T17:39:06.337911+00:00,4982.76,17,1,1,11.94,0,0,0
2026-10-02T17:42:16.944208+00:00,19731.09,17,0,0,12.33,0,1,1
2026-10-02T17:46:35.768923+00:00,2857.14,17,0,0,1.11,1,1,0
2026-10-02T17:46:45.888141+00:00,5567.72,17,2,2,15.63,0,1,1
2026-10-02T17:46:58.268494+00:00,6388.12,17,0,2,1.61,0,1,0
2026-10-02T17:52:06.021464+00:00,152.96,17,3,4,6.99,0,1,1
2026-10-02T18:04:37.599266+00:00,9018.38,18,1,1,6.01,0,1,0
2026-10-02T18:05:49.800350+00:00,201.78,18,0,1,12.35,0,0,0
2026-10-02T18:06:55.861195+00:00,3110.44,18,0,0,6.71,1,0,0
2026-10-02T18:07:06.497521+00:00,3842.95,18,0,1,2.72,0,0,0
2026-10-02T18:13:59.713276+00:00,423.38,18,0,1,15.12,0,1,0
2026-10-02T18:18:49.550510+00:00,217.45,18,0,1,8.95,2,0,0
2026-10-02T18:20:13.500464+00:00,4977.47,18,0,2,4.47,0,0,0
2026-10-02T18:21:29.474426+00:00,1613.91,18,0,0,2.65,0,0,0
2026-10-02T18:23:37.093952+00:00,422.54,18,0,0,8.34,0,1,0
2026-10-02T18:33:44.127368+00:00,4662.54,18,0,0,6.63,0,1,0
2026-10-02T18:40:25.869682+00:00,6112.98,18,0,2,2.07,0,0,0
2026-10-02T18:47:15.303136+00:00,18499.14,18,1,0,2.51,0,0,0
2026-10-02T18:47:29.768758+00:00,622.65,18,1,1,6.77,0,0,0
2026-10-02T18:48:04.770972+00:00,109.09,18,0,0,2.15,0,1,0
2026-10-02T19:01:17.211992+00:00,21466.14,19,0,1,4.51,0,0,0
2026-10-02T19:04:40.139997+00:00,16211.48,19,0,2,14.11,0,0,1
2026-10-02T19:06:21.514638+00:00,3426.73,19,0,0,4.94,0,0,0
2026-10-02T19:06:58.891164+00:00,5428.43,19,0,0,0.9,1,0,0
2026-10-02T19:11:59.362505+00:00,1882.6,19,0,0,1.61,0,0,0
2026-10-02T19:13:22.195804+00:00,485.53,19,0,1,3.66,0,0,0
2026-10-02T19:14:08.270520+00:00,28000.0,19,0,1,1.08,1,1,1
2026-10-02T19:14:17.329797+00:00,2581.71,19,0,1,5.5,0,1,0
2026-10-02T19:15:58.155229+00:00,3116.88,19,2,0,4.18,2,0,1
2026-10-02T19:16:23.817114+00:00,8729.51,19,0,0,1.13,1,1,0
2026-10-02T19:25:08.929980+00:00,8642.86,19,0,1,10.09,0,1,0
2026-10-02T19:31:48.011327+00:00,21337.87,19,3,1,4.25,0,0,1
2026-10-02T19:34:13.635223+00:00,1190.46,19,2,0,3.94,0,0,0
2026-10-02T19:37:38.974441+00:00,18772.82,19,0,1,9.69,0,0,0
2026-10-02T19:46:30.444253+00:00,3714.37,19,0,1,3.02,1,0,0
2026-10-02T19:50:33.308798+00:00,1739.96,19,0,1,0.97,0,0,0
2026-10-02T19:52:49.186381+00:00,2685.95,19,0,2,8.66,0,0,0
2026-10-02T19:53:54.947196+00:00,21199.26,19,0,1,3.39,0,0,0
2026-10-02T20:02:59.627851+00:00,7074.35,20,0,0,3.49,1,1,0
2026-10-02T20:03:00.597955+00:00,2167.98,20,0,2,2.97,0,1,0
2026-10-02T20:04:46.327708+00:00,5610.7,20,0,1,3.23,0,1,0
2026-10-02T20:12:53.444045+00:00,5927.79,20,0,1,5.34,0,1,0
2026-10-02T20:22:45.540834+00:00,5625.32,20,0,3,4.7,0,1,0
2026-10-02T20:27:41.110558+00:00,24234.41,20,0,1,3.79,0,0,0
2026-10-02T20:28:26.404521+00:00,6236.57,20,0,0,4.25,3,1,1
2026-10-02T20:29:03.207472+00:00,1627.25,20,0,0,1.74,1,1,0
2026-10-02T20:37:17.020984+00:00,449.72,20,0,0,6.63,0,0,0
2026-10-02T20:39:19.836579+00:00,5973.73,20,0,2,1.95,0,0,0
2026-10-02T20:40:49.947291+00:00,2266.37,20,0,0,9.83,0,0,0
2026-10-02T20:47:39.373967+00:00,496.0,20,0,0,4.3,0,1,0
2026-10-02T20:57:10.089245+00:00,452.07,20,0,1,0.7,0,0,0
2026-10-02T21:00:34.594057+00:00,615.05,21,0,2,5.21,0,0,0
2026-10-02T21:07:03.986765+00:00,4508.62,21,0,2,10.44,0,1,0
2026-10-02T21:09:17.942286+00:00,4030.66,21,0,0,4.98,0,0,0
2026-10-02T21:22:14.687917+00:00,789.37,21,0,1,5.11,1,0,0
2026-10-02T21:23:36.931842+00:00,6065.81,21,0,4,5.54,0,1,0
2026-10-02T21:24:42.608200+00:00,1116.97,21,0,2,6.1,0,0,0
2026-10-02T21:27:39.674147+00:00,5099.89,21,0,4,3.47,0,0,0
2026-10-02T21:32:23.654005+00:00,21271.45,21,0,1,2.17,0,0,0
2026-10-02T21:36:22.727501+00:00,4268.27,21,0,1,2.24,0,1,0
2026-10-02T21:37:44.120782+00:00,1596.88,21,0,2,3.4,0,0,0
2026-10-02T21:39:42.649705+00:00,1424.46,21,0,0,5.15,2,1,0
2026-10-02T21:40:26.795107+00:00,5951.57,21,2,2,7.95,1,0,0
2026-10-02T21:40:41.077014+00:00,175.01,21,0,1,5.97,0,0,0
2026-10-02T21:42:18.969933+00:00,28000.0,21,0,0,4.1,0,1,1
2026-10-02T21:43:31.671075+00:00,3402.83,21,1,2,7.79,1,0,0
2026-10-02T21:50:10.274407+00:00,17637.99,21,0,0,2.72,0,0,0
2026-10-02T21:55:06.494378+00:00,3224.83,21,0,1,8.45,0,0,0
2026-10-02T21:56:28.410198+00:00,16225.75,21,0,0,2.73,0,0,0
2026-10-02T21:57:16.978887+00:00,2369.29,21,0,0,2.27,1,0,0
2026-10-02T21:57:54.247596+00:00,13519.5,21,0,0,4.69,0,0,0
2026-10-02T21:58:39.152965+00:00,918.34,21,0,2,3.85,0,0,0
2026-10-02T22:00:21.205401+00:00,4159.63,22,0,0,3.53,0,0,0
2026-10-02T22:04:24.082822+00:00,22441.22,22,0,0,8.52,0,0,0
2026-10-02T22:08:26.829923+00:00,3441.98,22,0,2,2.39,0,0,0
2026-10-02T22:11:33.319001+00:00,793.67,22,2,2,1.45,2,1,1
2026-10-02T22:12:40.882890+00:00,2094.42,22,0,2,4.48,1,0,0
2026-10-02T22:14:42.311053+00:00,28000.0,22,0,4,2.14,0,1,1
2026-10-02T22:14:58.616447+00:00,755.26,22,0,2,3.96,1,0,0
2026-10-02T22:15:32.364698+00:00,3297.84,22,0,0,4.9,0,1,0
2026-10-02T22:17:41.019461+00:00,2802.64,22,0,1,0.7,0,0,0
2026-10-02T22:17:48.423492+00:00,2724.09,22,0,1,8.32,0,0,0
2026-10-02T22:24:52.930765+00:00,3115.46,22,1,1,14.29,0,0,0
2026-10-02T22:25:08.078179+00:00,2292.43,22,0,1,6.46,0,0,0
2026-10-02T22:27:43.439224+00:00,114.64,22,0,1,8.35,0,0,0
2026-10-02T22:30:33.028445+00:00,7431.37,22,0,4,5.15,0,1,0
2026-10-02T22:31:21.245099+00:00,5673.89,22,0,0,8.64,0,1,0
2026-10-02T22:33:35.613498+00:00,18060.34,22,1,0,4.4,0,0,0
2026-10-02T22:39:45.625799+00:00,1766.23,22,1,0,1.65,0,0,0
2026-10-02T22:44:29.791329+00:00,4770.61,22,1,0,2.38,0,1,0
2026-10-02T22:47:27.065444+00:00,12588.46,22,0,0,1.46,0,0,0
2026-10-02T22:48:31.164625+00:00,9719.95,22,0,2,1.66,0,0,0
2026-10-02T22:53:36.087778+00:00,7407.83,22,0,1,0.67,0,0,0
2026-10-02T22:54:28.452176+00:00,611.74,22,2,0,4.5,0,1,0
2026-10-02T22:57:12.359462+00:00,7928.63,22,0,0,14.02,0,0,0
2026-10-02T22:58:01.664960+00:00,6803.64,22,0,2,3.19,0,0,0
2026-10-02T23:00:03.149736+00:00,17506.48,23,1,1,3.06,0,1,0
2026-10-02T23:02:38.191573+00:00,1665.56,23,0,0,6.71,0,0,0
2026-10-02T23:14:12.606138+00:00,2031.26,23,1,0,4.32,0,1,0
2026-10-02T23:14:57.437786+00:00,3476.4,23,0,0,3.61,0,1,0
2026-10-02T23:19:37.678678+00:00,1027.15,23,1,1,6.64,0,1,0
2026-10-02T23:31:01.125859+00:00,134.29,23,0,0,4.76,0,0,0
2026-10-02T23:35:02.191610+00:00,547.21,23,0,0,0.41,0,1,0
2026-10-02T23:40:29.024424+00:00,1916.08,23,0,1,2.62,1,1,0
2026-10-02T23:49:07.163468+00:00,1120.13,23,1,2,7.62,0,1,0
2026-10-02T23:52:30.217454+00:00,4687.57,23,0,0,2.07,2,1,0
2026-10-02T23:53:33.925352+00:00,421.03,23,0,0,8.19,0,1,0
2026-10-02T23:54:50.483979+00:00,8042.51,23,0,1,15.58,0,0,0
2026-10-02T23:57:01.596623+00:00,7282.13,23,0,2,4.1,3,0,0
2026-10-03T00:02:09.285683+00:00,27649.54,0,0,2,5.69,0,1,1
2026-10-03T00:02:53.759019+00:00,4365.84,0,0,2,5.16,0,1,0
2026-10-03T00:08:06.383198+00:00,422.14,0,0,1,2.05,1,1,0
2026-10-03T00:10:10.928104+00:00,1904.79,0,0,2,6.63,0,1,0
2026-10-03T00:11:22.570791+00:00,510.81,0,0,1,10.82,0,0,0
2026-10-03T00:19:07.223242+00:00,14133.89,0,1,1,10.07,0,1,0
2026-10-03T00:20:50.733764+00:00,1356.07,0,0,1,2.7,0,1,0
2026-10-03T00:21:58.175241+00:00,18464.16,0,0,1,4.31,0,0,0
2026-10-03T00:25:33.145358+00:00,4896.39,0,0,0,1.06,0,0,0
2026-10-03T00:26:03.682291+00:00,22396.15,0,0,0,4.86,0,0,0
2026-10-03T00:28:34.542604+00:00,4567.95,0,0,1,1.57,0,0,0
2026-10-03T00:35:56.890675+00:00,3651.69,0,1,0,1.28,0,1,0
2026-10-03T00:37:09.903988+00:00,2067.44,0,0,1,2.09,0,0,0
2026-10-03T00:38:57.303122+00:00,3035.63,0,0,1,9.71,0,1,0
2026-10-03T00:40:50.136576+00:00,18492.41,0,0,0,5.18,0,1,1
2026-10-03T00:41:55.820520+00:00,6951.19,0,0,1,1.28,0,0,0
2026-10-03T00:44:05.460346+00:00,2571.28,0,0,2,12.6,0,0,0
2026-10-03T00:49:47.456036+00:00,191.08,0,1,3,5.61,1,1,0
2026-10-03T00:51:02.085696+00:00,8138.42,0,0,2,0.53,0,1,0
2026-10-03T00:52:47.433768+00:00,2210.33,0,0,2,5.59,0,0,0
2026-10-03T00:54:04.617950+00:00,6554.16,0,1,1,4.39,0,1,0
2026-10-03T01:02:59.453843+00:00,19622.18,1,1,0,2.11,0,0,1
2026-10-03T01:04:26.542924+00:00,5472.71,1,0,4,6.87,0,0,1
2026-10-03T01:04:29.374979+00:00,262.78,1,0,0,7.95,0,0,0
2026-10-03T01:08:37.207798+00:00,17000.91,1,0,2,7.2,1,0,1
2026-10-03T01:09:45.377616+00:00,26189.58,1,1,0,4.9,1,0,1
2026-10-03T01:16:46.696251+00:00,7396.15,1,0,0,4.03,0,1,0
2026-10-03T01:18:23.139506+00:00,2020.37,1,0,2,10.79,1,0,0
2026-10-03T01:19:45.948441+00:00,1915.66,1,0,2,6.24,0,1,1
2026-10-03T01:22:59.432494+00:00,676.14,1,0,0,6.6,0,0,0
2026-10-03T01:32:56.172314+00:00,11115.81,1,0,2,2.97,0,0,0
2026-10-03T01:37:10.002254+00:00,827.05,1,0,0,18.42,0,1,1
2026-10-03T01:39:45.192224+00:00,738.01,1,0,2,15.66,0,1,0
2026-10-03T01:42:10.530982+00:00,3519.06,1,2,2,5.05,0,0,1
2026-10-03T01:43:26.944761+00:00,16311.93,1,0,1,3.32,0,0,1
2026-10-03T01:45:26.171009+00:00,8998.06,1,0,0,3.36,1,0,0
2026-10-03T01:52:38.055349+00:00,95.09,1,2,1,1.44,0,0,1
2026-10-03T01:57:32.748458+00:00,78.46,1,0,0,5.55,0,0,0
2026-10-03T01:58:56.965560+00:00,2309.44,1,0,0,7.04,0,0,0
2026-10-03T02:11:41.073686+00:00,22653.09,2,0,1,3.81,0,0,1
2026-10-03T02:17:11.936208+00:00,630.77,2,2,3,6.98,1,0,1
2026-10-03T02:17:32.715278+00:00,2243.19,2,1,0,7.49,0,1,1
2026-10-03T02:19:07.895432+00:00,1757.45,2,0,0,0.18,0,0,0
2026-10-03T02:20:26.328507+00:00,7132.88,2,0,0,9.3,1,0,0
2026-10-03T02:26:04.228507+00:00,89.75,2,1,0,8.28,0,1,1
2026-10-03T02:30:11.278080+00:00,28000.0,2,0,1,12.86,1,0,1
2026-10-03T02:30:11.775827+00:00,3193.48,2,0,1,17.41,0,1,1
2026-10-03T02:32:55.751877+00:00,20113.54,2,0,3,1.22,0,0,1
2026-10-03T02:44:42.330955+00:00,21114.39,2,1,0,8.87,0,0,1
2026-10-03T02:47:59.642205+00:00,19777.85,2,2,0,3.64,0,1,1
2026-10-03T02:57:41.959716+00:00,916.75,2,1,2,2.49,0,0,0
2026-10-03T03:03:28.370598+00:00,1206.69,3,2,1,4.47,0,1,1
2026-10-03T03:06:49.822941+00:00,959.88,3,1,3,5.85,0,0,1
2026-10-03T03:09:13.049806+00:00,3421.01,3,0,0,6.5,1,0,0
2026-10-03T03:09:51.314083+00:00,2640.42,3,0,1,17.35,0,0,0
2026-10-03T03:12:47.286902+00:00,319.78,3,1,0,2.14,0,0,0
2026-10-03T03:15:12.324728+00:00,2452.51,3,0,2,4.42,0,0,0
2026-10-03T03:16:20.351205+00:00,5072.25,3,1,1,5.74,0,0,0
2026-10-03T03:29:39.822343+00:00,330.98,3,1,1,9.75,0,1,0
2026-10-03T03:30:52.954209+00:00,7115.7,3,0,1,10.11,0,0,0
2026-10-03T03:32:15.234946+00:00,2823.13,3,0,1,1.7,0,0,0
2026-10-03T03:32:30.558243+00:00,9686.56,3,0,0,1.68,0,0,0
2026-10-03T03:35:43.922473+00:00,573.07,3,0,1,3.89,0,1,0
2026-10-03T03:46:24.244359+00:00,16207.21,3,0,0,10.75,0,0,1
2026-10-03T03:53:51.377464+00:00,3367.49,3,0,2,12.61,0,0,0
2026-10-03T04:01:24.111504+00:00,2742.11,4,2,0,7.84,0,1,1
2026-10-03T04:03:36.643529+00:00,2377.39,4,0,0,4.6,0,0,0
2026-10-03T04:05:04.064790+00:00,136.6,4,1,4,2.24,0,0,1
2026-10-03T04:08:46.535641+00:00,9043.73,4,0,1,8.35,0,0,0
2026-10-03T04:11:49.437736+00:00,3364.99,4,0,2,2.37,0,1,0
2026-10-03T04:12:40.990573+00:00,367.52,4,0,2,7.77,0,0,0
2026-10-03T04:13:55.345350+00:00,127.76,4,0,1,2.37,1,1,0
2026-10-03T04:14:26.802384+00:00,226.78,4,0,1,11.72,0,0,0
2026-10-03T04:17:53.728019+00:00,3068.19,4,2,3,5.06,0,1,1
2026-10-03T04:24:01.921512+00:00,3106.27,4,0,0,1.09,0,0,0
2026-10-03T04:26:38.577211+00:00,2275.94,4,0,1,1.01,1,0,0
2026-10-03T04:41:39.190431+00:00,18786.04,4,0,0,8.64,2,0,1
2026-10-03T04:41:47.904339+00:00,22177.29,4,1,1,6.18,0,1,1
2026-10-03T04:42:33.764695+00:00,2384.14,4,0,0,1.5,0,0,0
2026-10-03T04:43:36.587716+00:00,122.74,4,0,2,3.14,1,0,0
2026-10-03T04:50:59.572020+00:00,1122.21,4,0,1,2.38,0,1,0
2026-10-03T04:53:38.545111+00:00,234.89,4,0,2,5.74,0,1,0
2026-10-03T04:54:30.294816+00:00,7433.23,4,0,1,2.45,0,0,0
2026-10-03T04:56:58.293383+00:00,21136.19,4,0,1,5.94,0,1,1
2026-10-03T04:58:45.782999+00:00,17822.16,4,0,0,4.17,0,1,1
2026-10-03T05:00:40.075970+00:00,1211.3,5,0,0,4.99,0,0,0
2026-10-03T05:06:14.511714+00:00,6804.72,5,0,3,10.3,0,1,0
2026-10-03T05:06:17.686643+00:00,19270.42,5,0,1,2.63,1,0,0
2026-10-03T05:08:31.066406+00:00,1991.31,5,0,0,13.09,2,0,1
2026-10-03T05:12:12.838694+00:00,865.65,5,0,0,6.91,0,1,0
2026-10-03T05:14:44.346151+00:00,4350.91,5,0,0,5.58,0,0,0
2026-10-03T05:20:24.292891+00:00,7563.6,5,0,0,13.39,0,0,0
2026-10-03T05:21:26.603965+00:00,918.5,5,1,0,5.03,0,1,0
2026-10-03T05:21:39.570587+00:00,677.1,5,0,0,1.77,0,0,0
2026-10-03T05:27:14.094175+00:00,3872.67,5,0,1,3.19,0,1,0
2026-10-03T05:29:07.792984+00:00,28000.0,5,0,0,14.84,0,0,0
2026-10-03T05:33:37.072393+00:00,4495.57,5,0,1,0.42,0,0,0
2026-10-03T05:42:00.138758+00:00,1131.64,5,0,1,0.98,0,0,0
2026-10-03T05:52:24.912320+00:00,20064.16,5,0,3,9.71,0,0,0
2026-10-03T06:00:46.629968+00:00,1612.08,6,0,0,1.15,0,0,0
2026-10-03T06:01:06.062307+00:00,25182.96,6,0,2,1.68,0,1,0
2026-10-03T06:05:47.335657+00:00,23127.7,6,0,1,5.39,0,1,1
2026-10-03T06:07:47.086159+00:00,2905.13,6,0,0,2.35,0,0,0
2026-10-03T06:10:55.480916+00:00,1088.89,6,0,1,20.7,0,0,0
2026-10-03T06:16:26.723089+00:00,8957.39,6,0,2,5.39,0,0,0
2026-10-03T06:16:51.533268+00:00,3449.89,6,2,1,8.5,0,0,0
2026-10-03T06:19:35.414431+00:00,28000.0,6,0,1,9.76,0,0,0
2026-10-03T06:21:59.959572+00:00,21233.37,6,0,1,5.73,0,0,0
2026-10-03T06:23:18.413163+00:00,5568.63,6,1,1,7.81,0,0,0
2026-10-03T06:25:11.633775+00:00,5427.07,6,0,2,6.91,0,0,0
2026-10-03T06:25:28.700652+00:00,1376.72,6,3,2,3.49,0,0,0
2026-10-03T06:29:25.174380+00:00,10699.4,6,0,0,0.93,0,0,0
2026-10-03T06:38:13.352994+00:00,130.99,6,0,1,7.4,0,0,0
2026-10-03T06:38:40.220247+00:00,4745.08,6,0,2,5.21,0,0,0
2026-10-03T06:43:41.249194+00:00,10839.05,6,0,2,3.47,0,0,0
2026-10-03T06:45:54.630343+00:00,1384.36,6,0,1,1.88,0,0,0
2026-10-03T06:49:49.489077+00:00,3402.2,6,0,3,2.49,0,0,0
2026-10-03T06:50:39.829170+00:00,2703.35,6,0,0,1.25,2,0,0
2026-10-03T06:53:19.096722+00:00,4646.93,6,0,0,3.54,0,0,0
2026-10-03T06:53:28.295898+00:00,6495.98,6,0,1,0.19,1,1,0
2026-10-03T06:55:21.623324+00:00,3016.58,6,1,2,1.07,0,0,0
2026-10-03T06:55:55.973642+00:00,5475.36,6,0,2,9.88,0,1,0
2026-10-03T06:59:26.873517+00:00,1258.02,6,1,1,5.09,0,1,0
2026-10-03T07:02:43.371468+00:00,890.5,7,0,1,5.12,0,1,0
2026-10-03T07:02:47.321374+00:00,18706.09,7,0,0,5.06,0,0,0
2026-10-03T07:12:12.176764+00:00,3683.64,7,0,0,3.08,0,0,0
2026-10-03T07:12:57.370650+00:00,723.45,7,1,0,8.56,0,0,0
2026-10-03T07:15:51.990287+00:00,3709.71,7,1,2,3.4,0,1,0
2026-10-03T07:16:05.305834+00:00,1663.3,7,0,1,2.27,0,1,0
2026-10-03T07:18:32.023970+00:00,5140.18,7,0,3,3.95,0,0,0
2026-10-03T07:22:00.529247+00:00,180.1,7,0,0,10.86,1,0,0
2026-10-03T07:24:01.202391+00:00,3588.22,7,0,0,1.36,0,0,0
2026-10-03T07:27:18.754171+00:00,3417.81,7,0,1,2.51,2,1,1
2026-10-03T07:27:41.757019+00:00,9113.2,7,1,1,9.81,1,1,0
2026-10-03T07:27:57.764564+00:00,4058.57,7,0,0,1.57,0,0,0
2026-10-03T07:30:46.218308+00:00,5151.57,7,1,0,1.47,0,0,0
2026-10-03T07:37:58.357231+00:00,7578.66,7,0,3,3.96,0,0,0
2026-10-03T07:40:33.776540+00:00,3657.09,7,1,0,1.1,0,1,0
2026-10-03T07:43:34.007463+00:00,1156.66,7,0,2,3.9,1,0,0
2026-10-03T07:48:36.425337+00:00,20662.62,7,0,1,2.21,0,0,0
2026-10-03T07:51:54.269855+00:00,23748.84,7,0,1,1.96,0,0,0
2026-10-03T07:52:40.524607+00:00,1827.7,7,0,1,5.19,0,1,0
2026-10-03T07:56:09.491789+00:00,4027.04,7,0,3,1.68,0,0,0
2026-10-03T08:04:22.060840+00:00,6532.32,8,0,3,6.7,0,0,0
2026-10-03T08:07:18.969321+00:00,11949.0,8,0,3,17.05,0,0,0
2026-10-03T08:07:25.988910+00:00,9800.49,8,0,0,1.14,0,0,0
2026-10-03T08:18:52.161880+00:00,14565.52,8,0,1,1.75,0,0,0
2026-10-03T08:19:53.304779+00:00,1812.49,8,1,1,1.68,0,0,0
2026-10-03T08:21:43.427230+00:00,431.24,8,0,0,2.25,0,1,0
2026-10-03T08:24:26.973322+00:00,970.12,8,1,1,6.02,0,0,0
2026-10-03T08:28:10.959216+00:00,6910.07,8,0,0,13.03,0,0,0
2026-10-03T08:28:18.461844+00:00,1492.37,8,1,1,6.42,0,0,0
2026-10-03T08:32:23.189687+00:00,3160.93,8,0,5,2.67,0,0,0
2026-10-03T08:41:30.645169+00:00,3568.84,8,0,0,1.38,2,0,0
2026-10-03T08:44:28.350535+00:00,4931.93,8,0,0,8.62,1,0,0
2026-10-03T08:46:07.370069+00:00,705.99,8,0,1,8.45,1,0,0
2026-10-03T08:47:07.106674+00:00,1223.44,8,0,0,1.65,0,0,0
2026-10-03T08:47:26.011525+00:00,1963.41,8,0,0,7.88,1,0,0
2026-10-03T08:48:48.385732+00:00,1512.42,8,0,1,5.48,0,1,0
2026-10-03T08:53:36.165548+00:00,13080.75,8,0,1,4.78,0,1,0
2026-10-03T08:54:31.406205+00:00,5824.64,8,0,1,4.67,0,1,0
2026-10-03T08:54:41.841715+00:00,2150.64,8,0,0,6.55,0,0,0
2026-10-03T08:55:22.545153+00:00,6825.4,8,1,2,4.36,0,0,0
2026-10-03T08:55:31.146309+00:00,1426.97,8,1,1,1.73,0,1,0
2026-10-03T08:57:14.579111+00:00,4991.13,8,0,1,1.73,0,0,0
2026-10-03T08:57:54.220893+00:00,870.19,8,1,1,1.93,0,0,0
2026-10-03T08:59:24.508072+00:00,25735.43,8,0,0,2.82,0,0,0
2026-10-03T08:59:46.432595+00:00,21638.52,8,0,0,1.75,1,0,0
2026-10-03T08:59:48.818205+00:00,423.93,8,0,0,6.4,0,1,0
2026-10-03T09:00:42.106889+00:00,1081.41,9,0,0,3.72,0,0,0
2026-10-03T09:08:58.433666+00:00,1706.8,9,0,0,3.01,0,1,0
2026-10-03T09:16:09.964280+00:00,4487.1,9,0,1,3.24,0,1,0
2026-10-03T09:16:49.389031+00:00,302.51,9,0,2,22.35,0,1,0
2026-10-03T09:18:12.392028+00:00,3507.93,9,0,0,6.54,0,1,0
2026-10-03T09:23:20.136608+00:00,4088.25,9,0,1,3.58,0,1,0
2026-10-03T09:24:36.216990+00:00,3455.49,9,0,0,3.4,0,0,0
2026-10-03T09:26:32.036720+00:00,4635.71,9,0,1,4.57,0,0,0
2026-10-03T09:26:59.962707+00:00,687.9,9,0,3,10.89,0,0,0
2026-10-03T09:30:55.050812+00:00,2890.59,9,2,0,6.07,0,1,0
2026-10-03T09:35:33.077363+00:00,9124.57,9,0,2,7.86,0,0,0
2026-10-03T09:44:02.088221+00:00,3079.59,9,1,1,6.89,0,1,0
2026-10-03T09:44:02.895999+00:00,21451.42,9,0,0,5.84,0,0,0
2026-10-03T09:45:50.892534+00:00,4327.11,9,0,3,2.72,0,1,0
2026-10-03T09:45:59.767107+00:00,22089.72,9,0,1,0.89,0,1,1
2026-10-03T09:46:48.986764+00:00,3917.79,9,0,2,2.02,1,1,0
2026-10-03T09:54:02.529341+00:00,7995.12,9,2,2,1.31,0,1,1
2026-10-03T09:55:55.888578+00:00,95.06,9,0,1,7.6,3,1,1
2026-10-03T09:56:28.123727+00:00,6591.49,9,0,1,5.01,0,1,0
2026-10-03T09:57:17.902360+00:00,849.41,9,0,1,4.7,0,0,0
2026-10-03T09:58:24.857612+00:00,2007.73,9,0,0,9.82,0,1,0
2026-10-03T10:02:41.692090+00:00,24081.03,10,1,1,3.86,0,1,1
2026-10-03T10:12:36.870447+00:00,5617.67,10,0,0,8.1,0,1,0
2026-10-03T10:18:01.934450+00:00,7179.85,10,0,1,5.39,0,0,0
2026-10-03T10:27:53.911385+00:00,9085.22,10,1,2,4.42,0,0,0
2026-10-03T10:35:04.305100+00:00,1956.58,10,0,1,6.54,0,0,0
2026-10-03T10:36:00.918224+00:00,16929.61,10,0,2,6.41,0,0,0
2026-10-03T10:37:13.746131+00:00,19119.32,10,0,1,3.88,0,1,1
2026-10-03T10:48:54.467511+00:00,16659.67,10,0,2,1.4,0,0,0
2026-10-03T10:52:45.119998+00:00,1867.75,10,0,1,5.76,0,1,0
2026-10-03T10:53:41.162645+00:00,4408.72,10,0,2,8.52,0,0,0
2026-10-03T10:53:55.323329+00:00,2287.31,10,2,0,5.7,0,1,1
2026-10-03T10:58:18.438447+00:00,5443.45,10,1,1,2.02,0,1,0
2026-10-03T11:04:20.144748+00:00,4435.52,11,0,1,3.7,0,1,0
2026-10-03T11:05:57.676644+00:00,126.21,11,0,3,5.32,0,0,0
2026-10-03T11:06:16.234161+00:00,3243.67,11,0,1,7.28,0,0,0
2026-10-03T11:08:14.127283+00:00,1895.89,11,0,0,6.09,0,1,0
2026-10-03T11:08:21.490714+00:00,2011.88,11,0,3,7.93,0,1,0
2026-10-03T11:13:11.883110+00:00,5518.56,11,0,1,2.95,0,0,0
2026-10-03T11:19:49.224033+00:00,2598.26,11,0,1,3.73,0,1,0
2026-10-03T11:27:14.138623+00:00,6998.38,11,1,2,10.97,1,0,0
2026-10-03T11:28:31.604805+00:00,4052.31,11,0,0,5.94,0,0,0
2026-10-03T11:28:49.993065+00:00,2635.48,11,0,0,1.73,0,1,0
2026-10-03T11:30:00.854386+00:00,4554.76,11,1,0,3.76,0,0,0
2026-10-03T11:31:59.154412+00:00,185.13,11,0,1,3.45,0,1,0
2026-10-03T11:37:58.956588+00:00,147.86,11,1,0,4.66,0,0,0
2026-10-03T11:38:27.727144+00:00,338.49,11,0,0,3.76,0,1,0
2026-10-03T11:39:26.355061+00:00,1901.54,11,0,1,7.25,0,0,0
2026-10-03T11:43:13.908562+00:00,919.1,11,1,4,1.89,0,0,0
2026-10-03T11:43:37.713552+00:00,28000.0,11,0,3,9.61,2,0,1
2026-10-03T11:43:42.811686+00:00,2560.86,11,0,1,1.37,0,1,0
2026-10-03T11:44:27.467192+00:00,3535.01,11,0,3,3.36,0,0,0
2026-10-03T11:55:41.810028+00:00,1105.97,11,0,0,2.06,0,0,0
2026-10-03T11:56:04.975588+00:00,1302.59,11,0,1,8.75,0,0,0
2026-10-03T11:59:10.915194+00:00,1367.72,11,3,0,10.16,0,1,1
2026-10-03T11:59:17.461093+00:00,3899.26,11,0,0,5.57,0,1,0
2026-10-03T12:05:24.791218+00:00,2114.07,12,0,0,0.67,0,1,0
2026-10-03T12:07:58.217917+00:00,2393.3,12,0,1,1.53,1,1,0
2026-10-03T12:11:29.943211+00:00,2928.79,12,0,1,1.53,0,0,0
2026-10-03T12:17:25.748986+00:00,21423.15,12,1,4,11.74,0,1,1
2026-10-03T12:28:47.687517+00:00,363.09,12,0,1,6.79,0,1,0
2026-10-03T12:29:27.054569+00:00,4860.06,12,0,2,18.1,3,0,0
2026-10-03T12:33:44.277257+00:00,21907.56,12,0,2,5.95,0,1,1
2026-10-03T12:36:39.489901+00:00,20622.39,12,3,1,5.33,0,0,1
2026-10-03T12:44:35.282830+00:00,1329.86,12,0,0,5.19,0,0,0
2026-10-03T12:48:48.662156+00:00,1745.1,12,0,1,6.09,0,0,0
2026-10-03T12:54:50.005825+00:00,901.22,12,0,0,0.82,0,0,0
2026-10-03T12:57:44.875206+00:00,12468.39,12,0,2,4.47,1,0,0
2026-10-03T12:58:32.995645+00:00,19056.39,12,0,2,4.99,0,1,1
2026-10-03T13:01:47.962183+00:00,17790.81,13,0,2,6.04,1,1,1
2026-10-03T13:03:59.271663+00:00,2213.36,13,0,1,4.29,0,0,0
2026-10-03T13:06:42.155868+00:00,854.06,13,0,1,2.14,0,0,0
2026-10-03T13:09:42.654207+00:00,2326.13,13,0,1,0.89,0,0,0
2026-10-03T13:14:51.520658+00:00,189.28,13,0,0,12.23,0,0,0
2026-10-03T13:15:42.432101+00:00,7584.67,13,0,0,6.11,1,1,0
2026-10-03T13:20:50.974316+00:00,5521.68,13,0,1,4.9,0,1,0
2026-10-03T13:22:13.579371+00:00,4200.71,13,0,2,7.76,0,0,0
2026-10-03T13:25:54.795288+00:00,3071.73,13,0,1,2.12,0,0,0
2026-10-03T13:29:14.065100+00:00,2834.74,13,0,1,3.42,0,1,0
2026-10-03T13:36:20.347583+00:00,18371.74,13,0,1,1.74,2,0,1
2026-10-03T13:38:35.820724+00:00,16518.1,13,0,3,1.16,0,1,1
2026-10-03T13:39:41.617316+00:00,4900.62,13,0,1,4.48,0,1,0
2026-10-03T13:43:47.948970+00:00,20165.7,13,0,2,2.57,0,1,1
2026-10-03T13:46:31.216114+00:00,11979.16,13,0,1,3.64,1,0,0
2026-10-03T13:51:08.924872+00:00,5689.17,13,0,2,1.39,0,0,0
2026-10-03T14:01:01.649412+00:00,20921.36,14,0,0,2.35,0,1,0
2026-10-03T14:05:15.664400+00:00,2900.07,14,2,3,3.49,0,0,0
2026-10-03T14:10:32.360468+00:00,792.29,14,0,0,3.2,0,0,0
2026-10-03T14:11:35.608756+00:00,2301.76,14,0,0,20.0,0,1,0
2026-10-03T14:14:57.383242+00:00,4033.48,14,0,2,4.4,2,1,1
2026-10-03T14:20:39.897164+00:00,4824.21,14,0,1,2.74,0,1,0
2026-10-03T14:24:38.856752+00:00,61.63,14,0,1,2.4,0,1,0
2026-10-03T14:26:57.119543+00:00,2310.41,14,1,1,6.03,0,1,0
2026-10-03T14:27:16.264266+00:00,918.2,14,0,1,17.32,0,0,0
2026-10-03T14:28:58.590856+00:00,6711.96,14,0,1,9.07,0,0,0
2026-10-03T14:37:06.596998+00:00,591.02,14,2,0,4.64,0,1,1
2026-10-03T14:43:34.177687+00:00,3573.54,14,0,0,2.43,1,1,0
2026-10-03T14:45:57.418522+00:00,1049.86,14,0,1,2.7,0,1,0
2026-10-03T14:46:45.001927+00:00,1470.88,14,0,0,0.95,0,0,0
2026-10-03T14:47:06.610801+00:00,9092.88,14,0,1,1.79,0,1,0
2026-10-03T14:53:02.996351+00:00,940.09,14,0,1,4.72,0,1,0
2026-10-03T14:56:12.102150+00:00,379.43,14,0,3,6.08,0,1,0
2026-10-03T15:01:24.250756+00:00,289.77,15,0,1,5.92,0,1,0
2026-10-03T15:17:18.579536+00:00,17294.87,15,1,0,1.4,0,0,0
2026-10-03T15:18:22.920597+00:00,3344.53,15,0,0,6.68,2,0,0
2026-10-03T15:20:42.664961+00:00,1328.63,15,0,0,1.79,0,1,0
2026-10-03T15:23:30.553218+00:00,3810.47,15,0,3,1.61,1,1,0
2026-10-03T15:31:22.814153+00:00,261.52,15,1,1,5.79,0,1,0
2026-10-03T15:35:27.536462+00:00,21379.16,15,0,2,4.68,2,1,1
2026-10-03T15:38:50.557041+00:00,5486.9,15,0,1,2.42,0,1,0
2026-10-03T15:42:15.346583+00:00,13606.72,15,1,1,9.52,0,0,0
2026-10-03T15:54:20.527521+00:00,8881.74,15,0,1,5.2,0,1,0
2026-10-03T15:57:37.777673+00:00,1469.16,15,0,1,3.34,0,1,0
2026-10-03T15:58:25.981120+00:00,1690.78,15,0,1,2.18,2,1,0
2026-10-03T16:02:36.018284+00:00,4444.9,16,0,2,2.9,0,0,0
2026-10-03T16:12:04.196871+00:00,520.69,16,0,1,1.64,0,0,0
2026-10-03T16:16:28.366449+00:00,20324.15,16,1,1,4.68,0,0,0
2026-10-03T16:25:37.590274+00:00,463.77,16,0,2,3.42,0,0,0
2026-10-03T16:34:38.505623+00:00,2001.64,16,0,1,5.5,0,1,0
2026-10-03T16:36:18.843448+00:00,2629.51,16,0,1,10.83,0,1,0
2026-10-03T16:40:33.517926+00:00,819.02,16,1,1,10.84,0,0,0
2026-10-03T16:46:24.214555+00:00,146.38,16,0,1,1.6,0,0,0
2026-10-03T16:47:10.370810+00:00,4126.14,16,0,0,4.04,0,1,0
2026-10-03T16:50:25.943079+00:00,124.67,16,0,3,2.95,0,1,0
2026-10-03T16:51:04.566915+00:00,11666.21,16,1,0,4.14,0,0,0
2026-10-03T16:54:52.913623+00:00,861.68,16,0,1,5.77,0,0,0
2026-10-03T16:55:12.074901+00:00,3549.11,16,0,1,2.07,1,1,0
2026-10-03T17:02:39.817692+00:00,17625.95,17,0,2,2.97,0,0,0
2026-10-03T17:05:45.480446+00:00,256.89,17,0,2,1.52,1,1,0
2026-10-03T17:09:35.073850+00:00,2104.82,17,0,2,4.46,0,0,0
2026-10-03T17:19:14.526234+00:00,2387.18,17,1,2,7.59,0,1,0
2026-10-03T17:51:09.676052+00:00,6232.29,17,0,2,2.82,0,1,0
2026-10-03T17:55:19.075336+00:00,4277.83,17,0,1,2.68,0,1,0
2026-10-03T17:55:50.546669+00:00,324.4,17,0,0,4.91,0,0,0
2026-10-03T17:56:09.536956+00:00,810.92,17,0,2,7.72,0,0,0
2026-10-03T17:59:31.346817+00:00,1256.17,17,0,0,6.75,2,1,1
2026-10-03T17:59:58.505983+00:00,456.03,17,0,0,11.33,0,0,0
2026-10-03T18:00:34.815589+00:00,2013.47,18,0,0,4.99,0,0,0
2026-10-03T18:08:22.941570+00:00,13354.98,18,0,1,15.15,0,1,0
2026-10-03T18:08:33.250825+00:00,15784.18,18,0,1,10.11,0,1,1
2026-10-03T18:16:29.532564+00:00,4393.89,18,3,1,3.58,0,0,0
2026-10-03T18:17:35.585894+00:00,3735.7,18,0,2,2.72,0,1,0
2026-10-03T18:17:50.736998+00:00,6128.9,18,1,1,6.29,0,0,0
2026-10-03T18:18:13.478527+00:00,837.58,18,0,0,8.16,2,0,0
2026-10-03T18:23:50.896548+00:00,4545.5,18,0,1,0.86,0,1,0
2026-10-03T18:28:02.702928+00:00,6881.19,18,0,0,1.72,0,1,0
2026-10-03T18:32:04.693966+00:00,662.08,18,0,1,7.13,2,0,1
2026-10-03T18:39:03.364319+00:00,1422.8,18,0,2,7.91,1,1,0
2026-10-03T18:44:30.781382+00:00,11291.86,18,0,0,6.35,0,1,0
2026-10-03T18:53:39.748304+00:00,20666.11,18,0,0,2.67,0,1,0
2026-10-03T18:55:34.845656+00:00,1122.75,18,0,1,0.91,0,0,0
2026-10-03T18:59:38.834772+00:00,20824.51,18,0,3,1.61,0,0,0
2026-10-03T19:05:44.594334+00:00,1717.8,19,0,1,15.03,0,0,0
2026-10-03T19:07:47.304573+00:00,2214.48,19,0,2,3.47,0,0,0
2026-10-03T19:07:52.449025+00:00,1464.04,19,1,0,6.85,0,0,0
2026-10-03T19:10:38.676374+00:00,1108.24,19,0,0,3.86,0,1,0
2026-10-03T19:10:39.906613+00:00,3654.24,19,0,1,5.94,0,0,0
2026-10-03T19:23:37.698341+00:00,4884.07,19,2,1,3.77,2,0,1
2026-10-03T19:26:47.330946+00:00,26199.51,19,0,2,10.86,0,0,0
2026-10-03T19:30:16.885982+00:00,21295.68,19,0,0,8.55,0,0,0
2026-10-03T19:35:57.671248+00:00,5598.53,19,3,1,3.37,0,0,0
2026-10-03T19:44:24.687517+00:00,1001.13,19,0,1,4.49,0,0,0
2026-10-03T19:46:17.151613+00:00,1843.86,19,0,2,2.93,0,0,0
2026-10-03T19:46:59.688672+00:00,7474.81,19,0,2,5.32,0,0,0
2026-10-03T19:48:28.165346+00:00,20969.15,19,0,0,0.87,0,0,0
2026-10-03T19:50:50.375644+00:00,762.34,19,3,1,1.42,2,1,1
2026-10-03T20:01:44.935856+00:00,617.43,20,0,1,3.72,0,1,0
2026-10-03T20:05:42.848885+00:00,18540.49,20,0,0,2.6,0,1,0
2026-10-03T20:06:52.722670+00:00,4662.6,20,0,2,9.8,1,0,0
2026-10-03T20:07:14.931477+00:00,18875.92,20,0,1,2.2,1,1,1
2026-10-03T20:07:21.701171+00:00,5014.83,20,0,1,4.89,0,1,0
2026-10-03T20:14:53.196787+00:00,6766.14,20,3,0,3.33,0,1,1
2026-10-03T20:24:09.406849+00:00,4468.52,20,1,0,5.49,0,0,0
2026-10-03T20:31:25.126010+00:00,7285.43,20,0,2,5.03,0,0,0
2026-10-03T20:31:41.488673+00:00,15706.91,20,0,1,1.07,0,0,0
2026-10-03T20:33:29.340382+00:00,8566.51,20,0,0,6.07,3,0,0
2026-10-03T20:34:04.735470+00:00,1675.53,20,0,0,1.08,1,0,0
2026-10-03T20:37:51.286101+00:00,8207.56,20,0,2,6.93,0,0,0
2026-10-03T20:41:10.824157+00:00,14349.05,20,0,1,0.52,0,1,0
2026-10-03T20:41:56.649491+00:00,4079.58,20,0,0,5.65,0,1,0
2026-10-03T20:43:26.884415+00:00,4318.01,20,0,2,1.14,0,0,0
2026-10-03T20:45:09.198615+00:00,18555.59,20,0,1,0.99,1,1,1
2026-10-03T20:45:44.344402+00:00,22768.57,20,1,2,3.44,0,1,1
2026-10-03T20:49:06.867820+00:00,1603.03,20,0,0,0.66,0,1,0
2026-10-03T20:49:53.785939+00:00,2667.19,20,1,0,14.69,0,1,0
2026-10-03T20:51:01.180754+00:00,18600.11,20,0,1,4.57,0,0,0
2026-10-03T20:54:12.639457+00:00,758.17,20,3,2,0.64,0,1,1
2026-10-03T20:54:27.330701+00:00,974.2,20,0,0,4.88,0,1,0
2026-10-03T20:56:04.226046+00:00,863.34,20,0,0,0.54,1,1,0
2026-10-03T20:56:19.080469+00:00,2606.81,20,0,0,1.08,0,0,0
2026-10-03T20:57:59.580662+00:00,7631.75,20,0,1,10.18,0,1,0
2026-10-03T21:01:31.512281+00:00,7863.87,21,0,1,10.12,1,0,0
2026-10-03T21:02:36.821256+00:00,18661.84,21,0,4,5.06,1,1,1
2026-10-03T21:07:42.064302+00:00,326.47,21,0,1,1.47,0,0,0
2026-10-03T21:13:22.069181+00:00,959.82,21,0,2,2.68,1,1,0
2026-10-03T21:13:43.376536+00:00,1002.24,21,0,0,3.86,1,0,0
2026-10-03T21:20:31.501500+00:00,379.03,21,0,0,10.24,0,0,0
2026-10-03T21:20:52.280991+00:00,1633.7,21,0,0,6.24,1,0,0
2026-10-03T21:21:52.899300+00:00,2895.41,21,0,0,2.76,0,0,0
2026-10-03T21:26:59.661742+00:00,2822.03,21,0,2,1.8,0,1,0
2026-10-03T21:27:55.363702+00:00,2568.84,21,0,0,1.35,0,1,0
2026-10-03T21:34:10.470553+00:00,1383.22,21,0,2,16.88,1,0,0
2026-10-03T21:34:18.303329+00:00,3982.33,21,0,2,8.95,0,0,0
2026-10-03T21:40:20.019858+00:00,5664.75,21,2,1,4.53,0,0,0
2026-10-03T21:47:43.791815+00:00,16317.28,21,2,0,7.83,0,1,1
2026-10-03T21:47:46.879954+00:00,346.13,21,0,0,3.02,0,0,0
2026-10-03T22:03:33.340590+00:00,1184.63,22,0,3,1.8,0,0,0
2026-10-03T22:05:47.951973+00:00,16122.01,22,0,1,3.65,0,0,0
2026-10-03T22:13:20.023643+00:00,2075.7,22,1,0,4.2,0,1,0
2026-10-03T22:14:32.070659+00:00,602.48,22,0,0,7.22,0,0,0
2026-10-03T22:14:58.866357+00:00,2048.7,22,0,1,2.03,1,0,0
2026-10-03T22:16:09.697295+00:00,859.19,22,1,1,0.89,1,0,0
2026-10-03T22:24:23.427802+00:00,4355.06,22,1,2,3.44,0,0,0
2026-10-03T22:31:35.244148+00:00,149.46,22,1,0,3.33,0,0,0
2026-10-03T22:33:55.720187+00:00,17985.92,22,1,0,11.01,0,1,0
2026-10-03T22:35:26.278269+00:00,20035.5,22,1,0,7.04,0,0,0
2026-10-03T22:35:28.276710+00:00,63.18,22,1,0,2.34,0,0,0
2026-10-03T22:40:20.427736+00:00,6569.08,22,0,0,1.65,1,1,0
2026-10-03T22:45:42.428041+00:00,3622.57,22,2,0,2.81,2,1,1
2026-10-03T22:58:25.164491+00:00,393.4,22,0,2,1.76,0,0,0
2026-10-03T23:04:43.446192+00:00,3550.75,23,0,0,17.61,0,0,0
2026-10-03T23:07:40.600523+00:00,3086.69,23,0,0,1.96,0,0,0
2026-10-03T23:13:40.814879+00:00,2111.94,23,0,0,2.14,0,0,0
2026-10-03T23:14:21.221025+00:00,1799.04,23,0,0,4.58,0,1,0
2026-10-03T23:16:33.198475+00:00,7039.15,23,1,0,1.17,0,0,0
2026-10-03T23:17:36.993052+00:00,959.95,23,0,2,2.23,0,0,0
2026-10-03T23:22:32.651067+00:00,1685.64,23,1,0,6.33,0,0,0
2026-10-03T23:27:58.047303+00:00,1337.31,23,0,1,4.3,0,1,0
2026-10-03T23:33:04.927892+00:00,4779.72,23,0,1,4.42,0,1,0
2026-10-03T23:34:51.012281+00:00,8003.98,23,1,1,3.43,0,1,0
2026-10-03T23:36:33.517567+00:00,20495.97,23,0,1,2.39,0,0,0
2026-10-03T23:37:16.680964+00:00,5173.67,23,1,1,0.93,1,1,0
2026-10-03T23:40:04.889312+00:00,13905.69,23,0,2,2.03,0,0,0
2026-10-03T23:41:40.181740+00:00,3882.4,23,2,1,2.79,1,1,1
2026-10-03T23:41:47.784790+00:00,4509.66,23,0,1,4.35,0,0,0
2026-10-03T23:42:00.488560+00:00,13061.58,23,0,0,2.32,3,0,0
2026-10-03T23:42:01.350211+00:00,82.45,23,2,0,3.95,0,1,1
2026-10-03T23:45:58.099753+00:00,3276.81,23,0,0,1.75,1,1,0
2026-10-03T23:50:48.452106+00:00,4358.0,23,2,1,1.47,0,0,0
2026-10-04T00:01:00.057632+00:00,8056.57,0,1,1,5.74,2,0,0
2026-10-04T00:01:34.724733+00:00,24816.81,0,0,1,2.17,0,0,0
2026-10-04T00:10:01.056219+00:00,19374.56,0,0,1,6.98,0,1,1
2026-10-04T00:10:38.422960+00:00,26783.94,0,0,1,4.31,3,0,1
2026-10-04T00:13:00.125133+00:00,2526.71,0,0,3,12.39,0,0,0
2026-10-04T00:13:27.844932+00:00,13593.53,0,0,2,0.56,0,0,0
2026-10-04T00:17:03.738152+00:00,95.57,0,0,1,6.85,0,0,0
2026-10-04T00:22:23.114772+00:00,2577.33,0,3,2,4.67,2,0,1
2026-10-04T00:23:48.298475+00:00,1888.52,0,0,0,5.86,0,0,0
2026-10-04T00:24:36.120434+00:00,16387.34,0,0,1,3.96,0,1,1
2026-10-04T00:25:14.627964+00:00,1696.8,0,0,1,5.35,0,0,0
2026-10-04T00:25:30.689716+00:00,8052.63,0,0,0,1.38,0,1,0
2026-10-04T00:26:00.536535+00:00,1483.97,0,0,0,4.31,0,1,0
2026-10-04T00:29:51.475909+00:00,20170.66,0,0,0,2.77,0,0,0
2026-10-04T00:35:52.415709+00:00,7521.28,0,2,1,15.52,0,1,0
2026-10-04T00:38:45.100039+00:00,2274.88,0,0,0,10.75,0,0,0
2026-10-04T00:43:31.560886+00:00,1955.31,0,0,1,2.62,0,1,0
2026-10-04T00:44:55.832969+00:00,4640.41,0,0,1,1.01,0,1,0
2026-10-04T00:45:14.254982+00:00,3998.89,0,1,3,2.29,1,1,0
2026-10-04T00:49:03.341826+00:00,1334.54,0,1,1,1.23,0,0,0
2026-10-04T00:50:04.376212+00:00,406.23,0,0,3,2.87,0,0,0
2026-10-04T00:50:43.688163+00:00,1044.59,0,0,0,5.66,0,0,0
2026-10-04T00:51:59.453571+00:00,16283.23,0,0,2,1.28,0,1,0
2026-10-04T00:55:25.991287+00:00,1177.37,0,0,0,0.35,0,0,0
2026-10-04T00:56:00.319449+00:00,1031.42,0,0,0,2.07,0,0,0
2026-10-04T00:56:09.728828+00:00,19058.86,0,0,0,4.81,1,0,0
2026-10-04T01:05:20.875546+00:00,9947.86,1,0,0,4.14,0,1,1
2026-10-04T01:08:04.002026+00:00,3764.15,1,0,1,5.49,0,1,0
2026-10-04T01:14:19.710411+00:00,28000.0,1,0,1,1.01,0,1,1
2026-10-04T01:15:12.761718+00:00,4965.89,1,0,3,1.51,0,0,1
2026-10-04T01:18:37.794231+00:00,4224.81,1,0,3,2.91,0,1,1
2026-10-04T01:28:56.867376+00:00,1770.53,1,1,1,7.58,0,0,0
2026-10-04T01:36:22.409985+00:00,16122.26,1,2,0,7.58,0,0,1
2026-10-04T01:37:11.333256+00:00,6052.34,1,0,2,2.89,0,0,0
2026-10-04T01:38:10.911100+00:00,21296.78,1,0,2,7.97,2,1,1
2026-10-04T01:47:07.142657+00:00,1984.05,1,1,0,2.29,0,1,0
2026-10-04T01:48:59.186746+00:00,89.13,1,0,1,9.02,0,1,0
2026-10-04T01:52:05.146421+00:00,5092.88,1,0,1,3.31,0,0,0
2026-10-04T01:56:38.597239+00:00,18961.92,1,0,0,4.15,0,0,1
2026-10-04T02:00:13.053607+00:00,91.8,2,0,2,14.92,0,0,0
2026-10-04T02:03:07.676754+00:00,5291.03,2,1,2,0.37,0,1,0
2026-10-04T02:03:59.132290+00:00,2391.51,2,1,2,5.55,0,1,1
2026-10-04T02:04:29.201714+00:00,3758.73,2,0,7,8.25,0,1,1
2026-10-04T02:05:25.530427+00:00,7936.68,2,0,2,5.86,0,1,1
2026-10-04T02:09:18.253225+00:00,2553.07,2,0,3,3.29,2,0,1
2026-10-04T02:10:19.142969+00:00,2298.58,2,0,1,4.18,0,0,0
2026-10-04T02:21:42.082792+00:00,1158.95,2,1,3,1.42,1,0,1
2026-10-04T02:27:01.885218+00:00,1225.19,2,0,1,3.56,1,0,0
2026-10-04T02:27:43.633230+00:00,23654.95,2,0,1,6.29,0,0,1
2026-10-04T02:28:35.272976+00:00,1967.44,2,0,0,0.34,0,1,0
2026-10-04T02:28:59.717253+00:00,631.39,2,0,2,6.91,0,0,0
2026-10-04T02:31:50.535502+00:00,377.76,2,0,2,1.02,0,0,0
2026-10-04T02:32:52.070854+00:00,2109.29,2,0,0,1.72,0,0,0
2026-10-04T02:47:13.074010+00:00,2061.29,2,0,2,3.26,0,1,0
2026-10-04T02:54:27.809286+00:00,3451.21,2,0,2,6.68,0,0,0
2026-10-04T02:54:44.439941+00:00,2098.06,2,0,3,1.58,0,1,1
2026-10-04T02:56:18.544819+00:00,555.59,2,1,2,1.57,0,1,0
2026-10-04T02:58:07.454780+00:00,2328.4,2,1,2,2.25,0,0,0
2026-10-04T03:24:28.548830+00:00,7653.26,3,0,0,6.84,0,0,0
2026-10-04T03:24:32.148320+00:00,615.8,3,0,4,2.32,0,0,1
2026-10-04T03:33:17.747788+00:00,3805.25,3,0,1,3.79,0,0,0
2026-10-04T03:38:32.646552+00:00,2943.38,3,0,1,6.14,0,1,0
2026-10-04T03:40:10.925077+00:00,4478.09,3,1,0,9.87,0,1,1
2026-10-04T03:46:32.275659+00:00,582.32,3,0,0,2.73,0,0,0
2026-10-04T03:49:43.384645+00:00,9149.7,3,1,1,3.72,0,1,1
2026-10-04T03:53:00.888999+00:00,3164.42,3,0,0,3.67,1,1,0
2026-10-04T03:56:12.006293+00:00,6068.9,3,0,1,1.03,0,1,0
2026-10-04T03:57:43.672294+00:00,966.14,3,0,1,4.14,0,1,0
2026-10-04T03:57:55.288472+00:00,4363.42,3,0,0,3.17,0,0,0
2026-10-04T04:00:30.963003+00:00,4920.24,4,0,1,0.35,1,0,0
2026-10-04T04:08:19.928860+00:00,1680.99,4,0,1,4.54,0,0,0
2026-10-04T04:14:58.956791+00:00,1610.18,4,3,0,5.46,0,0,1
2026-10-04T04:27:14.584141+00:00,3491.52,4,0,0,20.07,0,0,0
2026-10-04T04:29:45.693696+00:00,15732.39,4,0,0,3.52,0,0,1
2026-10-04T04:36:08.189476+00:00,4317.23,4,0,0,2.73,0,1,0
2026-10-04T04:38:25.994254+00:00,200.27,4,0,1,6.11,0,1,1
2026-10-04T04:38:32.734356+00:00,736.64,4,0,1,4.96,0,0,0
2026-10-04T04:46:56.915817+00:00,3551.43,4,0,2,4.09,0,0,0
2026-10-04T04:47:47.752003+00:00,391.2,4,0,0,5.03,0,0,0
2026-10-04T04:49:48.020182+00:00,11483.77,4,1,2,10.67,0,1,0
2026-10-04T04:51:19.219233+00:00,6549.47,4,1,1,14.52,1,1,0
2026-10-04T04:56:50.085477+00:00,3209.79,4,3,1,6.44,0,1,1
2026-10-04T04:57:24.000290+00:00,5530.64,4,0,1,2.19,0,0,0
2026-10-04T05:01:06.678677+00:00,7053.64,5,2,3,3.15,1,0,0
2026-10-04T05:07:23.499453+00:00,1021.27,5,0,0,1.3,0,0,0
2026-10-04T05:08:20.930983+00:00,6118.26,5,0,3,2.96,0,0,0
2026-10-04T05:12:09.776921+00:00,753.3,5,0,1,4.93,2,0,0
2026-10-04T05:13:02.436239+00:00,1766.6,5,0,1,2.72,0,1,0
2026-10-04T05:13:33.634616+00:00,2674.51,5,1,0,5.78,0,0,0
2026-10-04T05:16:20.268841+00:00,4064.42,5,0,1,1.04,1,0,0
2026-10-04T05:19:41.904140+00:00,157.94,5,0,2,4.49,0,0,0
2026-10-04T05:20:44.342598+00:00,1158.27,5,0,0,4.92,0,1,0
2026-10-04T05:33:56.007689+00:00,3061.02,5,0,3,5.15,0,1,0
2026-10-04T05:40:44.644303+00:00,19297.5,5,0,0,6.45,0,1,1
2026-10-04T05:41:09.934902+00:00,4833.65,5,0,2,2.63,0,0,0
2026-10-04T05:42:54.325109+00:00,3434.57,5,2,1,1.51,0,1,1
2026-10-04T05:47:12.486737+00:00,914.71,5,0,0,10.87,0,0,0
2026-10-04T05:56:50.868430+00:00,564.77,5,0,0,10.4,0,1,0
2026-10-04T06:01:59.180162+00:00,3233.38,6,0,0,3.38,0,0,0
2026-10-04T06:02:14.773559+00:00,1975.8,6,0,2,2.37,2,0,0
2026-10-04T06:06:34.165337+00:00,652.24,6,0,0,5.01,0,1,0
2026-10-04T06:08:42.645466+00:00,1324.26,6,1,1,2.31,0,0,0
2026-10-04T06:10:44.090896+00:00,1215.32,6,0,0,5.2,0,0,0
2026-10-04T06:18:20.581467+00:00,426.2,6,0,0,11.93,0,0,0
2026-10-04T06:24:08.255820+00:00,21801.77,6,0,0,3.84,0,0,0
2026-10-04T06:30:41.067807+00:00,4675.79,6,0,2,7.16,0,1,0
2026-10-04T06:39:40.094170+00:00,2801.65,6,0,2,5.02,0,0,0
2026-10-04T06:47:41.697596+00:00,5661.2,6,1,1,4.35,0,0,0
2026-10-04T06:48:55.910183+00:00,496.71,6,0,1,2.29,0,0,0
2026-10-04T06:51:14.037514+00:00,1890.44,6,0,0,4.65,0,0,0
2026-10-04T06:54:37.960587+00:00,3068.35,6,0,1,2.85,0,0,0
2026-10-04T06:56:34.688752+00:00,3666.45,6,0,1,3.29,0,0,0
2026-10-04T07:00:13.963952+00:00,3868.08,7,0,2,4.99,0,0,0
2026-10-04T07:05:15.889408+00:00,4237.63,7,0,1,2.15,0,0,0
2026-10-04T07:08:05.839910+00:00,3432.53,7,2,1,1.19,0,0,0
2026-10-04T07:10:11.772137+00:00,16157.12,7,0,1,2.56,0,1,1
2026-10-04T07:29:52.660641+00:00,21065.86,7,0,1,5.16,0,0,0
2026-10-04T07:36:17.859867+00:00,4188.62,7,0,1,9.96,0,0,0
2026-10-04T07:36:43.768446+00:00,16165.19,7,0,2,1.02,0,0,0
2026-10-04T07:45:50.358059+00:00,3842.68,7,0,1,7.01,0,1,0
2026-10-04T07:46:49.531775+00:00,3775.23,7,0,1,4.88,0,1,0
2026-10-04T07:48:04.216574+00:00,2374.31,7,0,3,5.38,0,0,0
2026-10-04T07:49:02.656600+00:00,6537.98,7,1,3,6.92,0,1,0
2026-10-04T07:49:25.435503+00:00,18477.69,7,1,1,4.64,0,1,0
2026-10-04T07:53:10.202644+00:00,4891.35,7,0,3,4.32,0,0,0
2026-10-04T07:54:04.078282+00:00,3093.73,7,1,0,10.24,0,1,0
2026-10-04T07:58:04.253214+00:00,323.19,7,0,0,3.94,0,1,0
2026-10-04T08:05:36.953954+00:00,4211.45,8,0,2,2.92,1,0,0
2026-10-04T08:09:36.971502+00:00,4005.36,8,0,2,2.19,0,1,0
2026-10-04T08:12:18.404464+00:00,4841.39,8,0,1,1.44,0,1,0
2026-10-04T08:13:42.117489+00:00,485.67,8,0,1,7.34,0,0,0
2026-10-04T08:14:02.727177+00:00,3453.74,8,0,2,9.75,1,0,0
2026-10-04T08:19:53.013391+00:00,1181.87,8,0,0,2.25,0,0,0
2026-10-04T08:20:55.070151+00:00,4630.39,8,0,0,4.87,0,0,0
2026-10-04T08:22:18.668977+00:00,15112.84,8,0,0,1.73,0,0,0
2026-10-04T08:27:06.334249+00:00,3746.23,8,1,3,0.95,0,1,0
2026-10-04T08:27:07.225335+00:00,1178.55,8,0,3,12.38,0,1,0
2026-10-04T08:31:25.467784+00:00,88.91,8,0,1,5.91,0,0,0
2026-10-04T08:31:25.918790+00:00,3270.78,8,0,1,9.09,0,1,0
2026-10-04T08:35:01.231693+00:00,444.68,8,1,1,9.53,0,1,0
2026-10-04T08:36:31.064244+00:00,3505.53,8,0,0,5.3,3,0,0
2026-10-04T08:44:20.698324+00:00,8374.96,8,0,2,2.11,1,0,0
2026-10-04T08:53:33.521089+00:00,11201.55,8,0,1,9.33,0,1,0
2026-10-04T08:53:49.732699+00:00,921.08,8,0,2,4.36,3,1,1
2026-10-04T08:58:41.816416+00:00,5361.79,8,1,2,9.18,0,0,0
2026-10-04T09:01:08.114020+00:00,1456.05,9,0,1,6.88,0,0,0
2026-10-04T09:07:44.872214+00:00,7442.93,9,1,3,0.1,0,0,0
2026-10-04T09:09:49.642206+00:00,5016.05,9,0,1,1.99,0,0,0
2026-10-04T09:19:19.905714+00:00,13494.92,9,0,1,1.92,0,1,0
2026-10-04T09:23:47.653040+00:00,1732.93,9,3,0,7.92,0,1,1
2026-10-04T09:25:43.071251+00:00,1376.67,9,0,0,1.99,0,1,0
2026-10-04T09:32:12.496165+00:00,4981.47,9,1,0,1.11,2,0,0
2026-10-04T09:35:32.780610+00:00,1749.97,9,0,0,17.55,0,0,0
2026-10-04T09:37:47.788894+00:00,3752.41,9,1,2,3.25,0,0,0
2026-10-04T09:38:09.026101+00:00,3011.67,9,1,1,1.83,0,0,0
2026-10-04T09:43:19.422357+00:00,11947.23,9,2,3,4.21,0,0,0
2026-10-04T09:44:01.752086+00:00,8946.91,9,2,0,4.62,1,1,0
2026-10-04T09:46:08.269483+00:00,1845.89,9,0,1,2.96,0,1,0
2026-10-04T09:50:42.784669+00:00,4174.65,9,0,0,0.47,0,0,0
2026-10-04T09:52:23.595335+00:00,5720.12,9,1,2,4.73,0,0,0
2026-10-04T09:53:41.526347+00:00,7392.81,9,0,2,8.52,1,1,0
2026-10-04T09:54:00.529050+00:00,285.81,9,0,0,3.63,2,0,0
2026-10-04T10:00:14.350664+00:00,22061.82,10,0,0,0.94,0,0,0
2026-10-04T10:01:17.711095+00:00,1295.2,10,0,0,8.18,0,0,0
2026-10-04T10:01:25.476709+00:00,1883.84,10,0,0,15.73,0,1,0
2026-10-04T10:01:59.207601+00:00,653.42,10,1,0,2.62,0,0,0
2026-10-04T10:18:13.634706+00:00,2253.88,10,0,3,14.28,0,0,0
2026-10-04T10:20:51.598106+00:00,3542.59,10,0,1,8.89,2,0,0
2026-10-04T10:22:10.145387+00:00,2261.24,10,0,3,7.67,0,1,0
2026-10-04T10:24:53.824467+00:00,3567.18,10,1,2,5.12,0,0,0
2026-10-04T10:25:57.838886+00:00,280.01,10,0,0,3.67,0,0,0
2026-10-04T10:27:07.646189+00:00,6739.59,10,1,1,1.59,1,0,0
2026-10-04T10:33:17.637051+00:00,9013.65,10,0,0,4.25,0,0,0
2026-10-04T10:34:27.289671+00:00,3138.7,10,1,1,3.63,0,0,0
2026-10-04T10:35:14.126217+00:00,6882.15,10,1,1,5.95,0,1,0
2026-10-04T10:36:38.336605+00:00,510.96,10,2,3,3.76,0,0,0
2026-10-04T10:37:10.345260+00:00,5169.64,10,1,1,7.99,0,1,0
2026-10-04T10:38:51.700108+00:00,465.97,10,0,0,2.13,0,0,0
2026-10-04T10:39:33.834812+00:00,1737.65,10,1,0,11.39,0,0,0
2026-10-04T10:44:16.626178+00:00,1312.14,10,0,1,5.21,0,0,0
2026-10-04T10:44:53.329807+00:00,2878.89,10,0,0,4.42,1,1,0
2026-10-04T10:45:21.704173+00:00,1208.29,10,0,0,10.25,0,0,0
2026-10-04T10:49:24.994671+00:00,3305.49,10,0,2,5.71,1,0,0
2026-10-04T10:49:43.023133+00:00,1525.27,10,1,1,3.27,0,0,0
2026-10-04T10:50:06.348394+00:00,6369.68,10,0,0,6.87,1,0,0
2026-10-04T10:51:04.066203+00:00,3275.37,10,0,0,1.26,0,0,0
2026-10-04T10:51:26.606384+00:00,835.85,10,0,0,5.55,0,1,0
2026-10-04T10:52:48.068604+00:00,1370.94,10,0,0,2.24,0,0,0
2026-10-04T10:56:45.217089+00:00,6076.23,10,0,2,3.34,0,1,0
2026-10-04T11:01:18.229661+00:00,17021.18,11,0,0,0.88,0,0,1
2026-10-04T11:05:54.322574+00:00,2515.8,11,3,1,4.42,3,0,1
2026-10-04T11:06:27.981495+00:00,3409.77,11,1,1,8.73,0,0,0
2026-10-04T11:17:23.706407+00:00,1427.74,11,0,1,8.5,0,0,0
2026-10-04T11:18:30.002680+00:00,1173.95,11,0,1,3.46,0,1,0
2026-10-04T11:35:05.371644+00:00,2123.5,11,0,1,3.57,0,0,0
2026-10-04T11:35:22.971734+00:00,16065.36,11,0,1,4.29,0,0,0
2026-10-04T11:41:24.051241+00:00,1129.98,11,3,1,2.32,0,1,0
2026-10-04T11:42:11.611605+00:00,265.08,11,0,2,8.05,0,0,0
2026-10-04T11:43:15.812506+00:00,1219.56,11,0,4,4.17,0,0,0
2026-10-04T11:43:23.538063+00:00,1297.44,11,0,2,1.67,1,0,0
2026-10-04T11:44:31.731720+00:00,10510.52,11,0,1,2.2,0,0,0
2026-10-04T11:44:37.030691+00:00,2911.0,11,0,1,4.94,0,0,0
2026-10-04T11:44:57.668981+00:00,5014.43,11,0,1,1.68,0,0,0
2026-10-04T11:48:58.614832+00:00,208.6,11,0,0,2.56,0,0,0
2026-10-04T11:52:48.046970+00:00,420.48,11,0,0,2.08,1,1,0
2026-10-04T11:57:19.692232+00:00,5451.68,11,1,2,9.11,0,0,0
2026-10-04T12:02:14.684960+00:00,3186.3,12,0,0,5.24,1,0,0
2026-10-04T12:03:11.298178+00:00,738.19,12,1,0,4.6,0,1,0
2026-10-04T12:06:46.533308+00:00,1720.32,12,1,0,5.37,0,0,0
2026-10-04T12:06:53.340257+00:00,2535.67,12,0,3,3.32,0,0,0
2026-10-04T12:11:44.129579+00:00,5997.28,12,0,1,3.57,0,0,0
2026-10-04T12:17:02.644410+00:00,259.4,12,0,0,5.7,0,0,0
2026-10-04T12:17:54.482588+00:00,2966.02,12,0,1,1.44,0,0,0
2026-10-04T12:26:02.363918+00:00,4099.79,12,0,1,2.71,0,0,0
2026-10-04T12:27:29.084870+00:00,12257.79,12,0,1,1.73,1,0,0
2026-10-04T12:44:17.377302+00:00,5326.86,12,0,1,1.99,0,1,0
2026-10-04T12:44:19.102362+00:00,1094.49,12,0,0,9.21,0,1,0
2026-10-04T12:45:14.532847+00:00,4016.56,12,0,2,2.88,1,1,0
2026-10-04T12:46:19.174998+00:00,4670.78,12,0,1,4.71,0,0,0
2026-10-04T12:51:01.144462+00:00,4246.73,12,0,0,3.97,0,1,0
2026-10-04T12:56:16.613189+00:00,5549.92,12,3,0,6.82,0,0,0
2026-10-04T13:00:33.645485+00:00,7549.91,13,0,2,1.93,0,0,0
2026-10-04T13:09:55.027281+00:00,391.58,13,1,2,2.93,0,0,0
2026-10-04T13:20:18.834803+00:00,414.14,13,0,1,2.36,0,0,0
2026-10-04T13:27:25.205646+00:00,5153.11,13,0,1,1.56,0,0,0
2026-10-04T13:28:26.699460+00:00,990.72,13,0,2,11.86,0,0,0
2026-10-04T13:28:54.864850+00:00,253.04,13,0,0,4.82,0,0,0
2026-10-04T13:30:55.120742+00:00,1701.2,13,0,3,2.38,0,0,0
2026-10-04T13:43:29.558180+00:00,5545.17,13,0,0,6.76,1,0,0
2026-10-04T13:49:57.017089+00:00,493.03,13,1,1,3.3,0,1,0
2026-10-04T13:52:34.999143+00:00,3625.63,13,0,0,2.69,0,1,0
2026-10-04T13:53:42.595268+00:00,71.59,13,2,1,3.72,0,1,0
2026-10-04T13:53:43.309911+00:00,431.96,13,0,0,2.61,0,0,0
2026-10-04T14:14:37.859229+00:00,1442.69,14,0,0,0.91,0,0,0
2026-10-04T14:16:25.780016+00:00,339.38,14,0,1,4.55,0,1,0
2026-10-04T14:19:31.116461+00:00,6044.53,14,1,1,2.34,0,0,0
2026-10-04T14:25:25.489319+00:00,6445.98,14,0,3,3.41,0,0,0
2026-10-04T14:26:58.208719+00:00,4568.25,14,0,0,4.24,0,1,0
2026-10-04T14:28:21.202727+00:00,948.66,14,0,1,7.97,0,1,0
2026-10-04T14:34:05.612686+00:00,2430.42,14,0,2,4.63,0,1,0
2026-10-04T14:37:47.543016+00:00,21497.39,14,0,0,4.12,0,0,0
2026-10-04T14:38:06.205039+00:00,1116.9,14,0,1,2.21,0,0,0
2026-10-04T14:38:15.928193+00:00,21208.05,14,0,1,6.95,0,0,0
2026-10-04T14:39:03.852075+00:00,4309.85,14,0,0,3.38,0,1,0
2026-10-04T14:40:00.253739+00:00,378.2,14,1,1,5.33,2,1,1
2026-10-04T14:41:58.842013+00:00,1186.29,14,1,3,4.85,0,1,0
2026-10-04T14:44:59.338466+00:00,8418.79,14,0,0,16.09,1,0,0
2026-10-04T14:47:32.771309+00:00,1853.86,14,0,2,5.59,0,0,0
2026-10-04T14:48:48.809935+00:00,9003.19,14,0,2,9.56,0,0,0
2026-10-04T14:49:10.546662+00:00,15279.38,14,0,2,1.32,1,1,1
2026-10-04T14:50:55.175113+00:00,2453.41,14,0,1,5.79,0,0,0
2026-10-04T14:52:32.418612+00:00,1147.17,14,0,1,4.58,0,0,0
2026-10-04T14:57:26.878087+00:00,5065.93,14,1,2,1.1,0,0,0
2026-10-04T15:02:54.146826+00:00,615.31,15,2,3,1.45,0,0,0
2026-10-04T15:05:21.336415+00:00,989.33,15,0,2,2.18,0,0,0
2026-10-04T15:05:31.428742+00:00,4976.99,15,0,1,4.84,0,1,0
2026-10-04T15:06:01.019972+00:00,1879.31,15,0,0,3.57,0,0,0
2026-10-04T15:20:06.143134+00:00,780.22,15,0,0,3.25,0,1,0
2026-10-04T15:25:39.618873+00:00,3429.74,15,2,2,3.54,0,0,0
2026-10-04T15:46:17.404051+00:00,4282.77,15,0,4,7.59,0,0,0
2026-10-04T15:49:15.232315+00:00,487.56,15,0,2,18.56,0,0,0
2026-10-04T15:55:33.883924+00:00,18780.2,15,0,1,0.1,0,0,0
2026-10-04T15:55:54.274807+00:00,860.32,15,1,1,2.96,0,0,0
2026-10-04T16:00:46.912708+00:00,1588.96,16,1,2,1.91,0,1,0
2026-10-04T16:10:24.270080+00:00,4673.04,16,0,2,4.62,1,0,0
2026-10-04T16:12:15.629818+00:00,22656.97,16,1,1,8.11,0,1,1
2026-10-04T16:15:34.678029+00:00,3536.03,16,1,1,1.93,0,1,0
2026-10-04T16:22:54.181193+00:00,80.18,16,0,0,3.43,0,0,0
2026-10-04T16:24:52.140222+00:00,550.62,16,0,1,5.21,0,0,0
2026-10-04T16:26:23.705329+00:00,868.63,16,0,1,6.73,0,0,0
2026-10-04T16:29:43.163093+00:00,19755.07,16,0,1,4.5,1,1,1
2026-10-04T16:32:18.658022+00:00,566.64,16,0,4,4.89,0,0,0
2026-10-04T16:33:59.445605+00:00,1750.14,16,1,0,3.78,0,0,0
2026-10-04T16:39:17.096952+00:00,310.1,16,1,0,7.52,0,0,0
2026-10-04T16:45:59.536847+00:00,23603.11,16,0,0,1.56,0,0,0
2026-10-04T16:57:49.775924+00:00,5019.53,16,1,1,5.39,0,1,0
2026-10-04T17:02:52.019357+00:00,2792.61,17,1,2,4.6,0,0,0
2026-10-04T17:04:51.065287+00:00,360.76,17,0,0,9.78,0,1,0
2026-10-04T17:06:50.164329+00:00,7125.7,17,0,3,5.18,0,1,0
2026-10-04T17:11:41.781699+00:00,10846.37,17,0,0,6.07,0,1,0
2026-10-04T17:12:56.664745+00:00,783.53,17,0,3,2.44,0,1,0
2026-10-04T17:17:03.159533+00:00,3962.59,17,0,2,12.12,0,0,0
2026-10-04T17:34:32.927818+00:00,5963.27,17,0,1,2.92,0,0,0
2026-10-04T17:39:22.566682+00:00,16081.32,17,0,0,6.89,1,1,0
2026-10-04T17:46:42.569115+00:00,1309.8,17,0,2,1.4,0,1,0
2026-10-04T17:54:39.347196+00:00,2143.71,17,0,2,11.48,1,0,0
2026-10-04T18:00:38.742766+00:00,18660.22,18,3,1,0.18,0,1,1
2026-10-04T18:00:39.768532+00:00,17059.08,18,1,1,3.65,0,0,0
2026-10-04T18:03:47.415764+00:00,8562.44,18,0,1,14.18,0,0,0
2026-10-04T18:11:57.698676+00:00,4418.79,18,0,0,8.01,0,1,0
2026-10-04T18:14:41.110366+00:00,943.68,18,0,1,0.69,0,0,0
2026-10-04T18:15:20.813890+00:00,2878.62,18,0,0,17.21,0,1,0
2026-10-04T18:22:34.273995+00:00,3794.28,18,0,0,3.59,0,1,0
2026-10-04T18:22:39.168823+00:00,543.22,18,0,0,3.08,0,1,0
2026-10-04T18:25:50.356756+00:00,1480.26,18,0,3,9.85,0,0,0
2026-10-04T18:29:25.940529+00:00,7610.93,18,3,0,4.18,0,1,0
2026-10-04T18:44:04.366810+00:00,16304.29,18,0,1,2.72,0,0,0
2026-10-04T18:50:47.463442+00:00,842.78,18,0,1,0.62,1,0,0
2026-10-04T18:52:52.526312+00:00,479.21,18,0,0,5.71,0,0,0
2026-10-04T18:53:36.073758+00:00,2396.9,18,0,1,16.43,0,1,0
2026-10-04T18:54:02.401761+00:00,2598.81,18,0,1,6.51,0,0,0
2026-10-04T18:54:13.394881+00:00,1362.68,18,1,1,1.9,2,0,0
2026-10-04T18:57:17.512368+00:00,3245.21,18,0,0,1.94,0,1,0
2026-10-04T18:57:32.974162+00:00,16588.5,18,0,1,1.79,0,0,0
2026-10-04T18:58:36.614802+00:00,561.82,18,0,0,1.24,0,0,0
2026-10-04T19:03:53.151306+00:00,2588.84,19,1,0,5.61,0,0,0
2026-10-04T19:07:07.461113+00:00,264.19,19,3,1,2.99,0,1,0
2026-10-04T19:17:24.424280+00:00,6869.17,19,0,0,0.65,0,0,0
2026-10-04T19:23:53.804897+00:00,550.63,19,0,1,3.91,0,0,0
2026-10-04T19:35:30.879843+00:00,3645.96,19,0,3,6.44,0,1,0
2026-10-04T19:35:32.826641+00:00,1648.07,19,1,0,2.59,0,0,0
2026-10-04T19:41:53.369804+00:00,1693.51,19,0,1,12.32,0,1,0
2026-10-04T19:45:24.345928+00:00,4692.64,19,1,5,2.03,0,0,0
2026-10-04T19:51:19.510683+00:00,2274.63,19,3,0,3.08,0,0,0
2026-10-04T19:52:59.748396+00:00,22128.17,19,0,1,4.83,0,1,0
2026-10-04T19:56:58.193281+00:00,16739.45,19,0,2,5.88,0,0,0
2026-10-04T19:57:17.767246+00:00,2935.87,19,0,1,0.46,0,1,0
2026-10-04T20:00:37.106677+00:00,4636.31,20,0,1,2.59,0,0,0
2026-10-04T20:06:05.015861+00:00,3051.14,20,1,0,14.41,0,0,0
2026-10-04T20:08:52.491840+00:00,3119.55,20,0,2,9.81,0,0,0
2026-10-04T20:08:53.748636+00:00,5042.2,20,0,1,3.46,0,0,0
2026-10-04T20:12:03.026140+00:00,9588.43,20,0,0,9.9,0,0,0
2026-10-04T20:13:24.291012+00:00,1572.81,20,0,2,2.67,1,0,0
2026-10-04T20:15:11.554476+00:00,18254.33,20,0,1,3.62,0,1,1
2026-10-04T20:20:01.990435+00:00,348.72,20,0,3,4.46,1,0,0
2026-10-04T20:40:11.304810+00:00,1482.14,20,0,0,2.23,0,0,0
2026-10-04T20:42:52.719092+00:00,1759.56,20,0,1,11.21,0,0,0
2026-10-04T20:43:27.678060+00:00,5830.4,20,0,0,1.58,3,0,0
2026-10-04T21:02:07.130737+00:00,2364.95,21,2,1,0.5,0,0,0
2026-10-04T21:17:05.023947+00:00,4262.53,21,1,1,6.67,0,0,0
2026-10-04T21:20:06.836786+00:00,18234.78,21,0,1,5.93,0,0,0
2026-10-04T21:23:09.535736+00:00,2058.53,21,1,0,2.05,0,0,0
2026-10-04T21:27:23.344803+00:00,7470.72,21,0,2,4.11,0,1,0
2026-10-04T21:29:01.817958+00:00,872.82,21,0,3,2.09,0,1,0
2026-10-04T21:30:50.291040+00:00,162.5,21,0,0,3.5,0,1,0
2026-10-04T21:40:11.036431+00:00,1877.97,21,0,2,4.59,0,0,0
2026-10-04T21:40:37.696472+00:00,3960.34,21,0,0,1.54,0,1,0
2026-10-04T21:41:26.875229+00:00,1999.15,21,0,1,1.12,0,0,0
2026-10-04T21:41:51.017834+00:00,2031.67,21,0,0,1.64,0,0,0
2026-10-04T21:42:10.468661+00:00,3605.83,21,0,2,4.03,0,1,0
2026-10-04T21:43:41.211202+00:00,18633.96,21,1,1,1.76,0,0,0
2026-10-04T21:46:00.810064+00:00,4520.42,21,0,2,3.07,0,0,0
2026-10-04T22:07:38.991365+00:00,591.8,22,0,0,5.11,0,1,0
2026-10-04T22:08:21.303799+00:00,1672.06,22,1,1,3.95,0,1,0
2026-10-04T22:19:47.354333+00:00,3474.84,22,0,0,11.05,0,1,0
2026-10-04T22:20:26.245259+00:00,5699.71,22,2,1,2.54,0,0,0
2026-10-04T22:21:28.938078+00:00,5077.49,22,1,0,6.23,0,0,0
2026-10-04T22:29:23.741023+00:00,4152.81,22,0,2,12.21,0,0,0
2026-10-04T22:30:59.272914+00:00,21433.89,22,0,2,1.59,0,0,0
2026-10-04T22:42:41.731673+00:00,477.46,22,3,2,7.19,0,1,0
2026-10-04T22:48:27.573411+00:00,20171.96,22,0,4,1.98,0,0,0
2026-10-04T22:48:30.377999+00:00,6464.0,22,0,2,1.01,0,1,0
2026-10-04T22:56:39.069268+00:00,6291.14,22,1,1,1.28,0,0,0
2026-10-04T23:00:09.516926+00:00,9747.83,23,0,4,3.15,0,1,0
2026-10-04T23:04:11.395072+00:00,21037.79,23,0,1,4.74,0,1,0
2026-10-04T23:05:24.665926+00:00,2522.77,23,1,6,2.45,0,1,0
2026-10-04T23:05:30.477043+00:00,3407.41,23,0,0,2.48,0,1,0
2026-10-04T23:10:41.203871+00:00,4028.46,23,0,4,8.66,1,0,0
2026-10-04T23:19:19.753706+00:00,21141.36,23,0,3,4.12,0,1,1
2026-10-04T23:23:21.861484+00:00,4763.12,23,0,1,3.88,0,0,0
2026-10-04T23:24:48.892736+00:00,1485.48,23,0,2,4.9,0,1,0
2026-10-04T23:28:06.102625+00:00,692.83,23,0,0,11.48,0,0,0
2026-10-04T23:28:40.195217+00:00,792.45,23,0,0,2.11,0,0,0
2026-10-04T23:30:52.532036+00:00,98.56,23,0,2,4.36,0,1,0
2026-10-04T23:31:00.260715+00:00,1440.09,23,0,0,0.71,0,0,0
2026-10-04T23:39:09.085948+00:00,367.93,23,0,1,2.65,0,0,0
2026-10-04T23:41:35.344787+00:00,1301.13,23,2,0,6.46,0,0,0
2026-10-04T23:55:32.292755+00:00,3226.16,23,0,0,4.33,1,0,0
2026-10-04T23:55:49.270666+00:00,25844.02,23,0,1,5.38,0,0,0
2026-10-04T23:57:30.867165+00:00,5916.38,23,0,0,15.32,0,1,0
2026-10-04T23:58:19.032415+00:00,992.01,23,4,1,3.54,0,0,0
2026-10-05T00:02:13.785226+00:00,520.69,0,0,1,7.89,0,0,0
2026-10-05T00:03:40.802230+00:00,746.47,0,0,1,1.71,0,0,0
2026-10-05T00:06:54.011304+00:00,11388.0,0,0,1,4.28,0,0,0
2026-10-05T00:10:08.148349+00:00,2611.49,0,0,3,2.61,0,0,0
2026-10-05T00:14:23.350935+00:00,704.82,0,0,2,10.73,0,1,0
2026-10-05T00:15:53.286943+00:00,5939.22,0,0,0,0.88,0,1,0
2026-10-05T00:20:17.066851+00:00,21553.15,0,0,2,4.35,0,1,1
2026-10-05T00:22:37.007358+00:00,7403.48,0,0,2,5.98,0,0,0
2026-10-05T00:28:27.445662+00:00,20746.41,0,0,1,1.5,0,0,0
2026-10-05T00:29:04.571134+00:00,1658.69,0,0,1,4.44,0,1,0
2026-10-05T00:30:31.293886+00:00,21059.67,0,0,0,6.16,0,0,0
2026-10-05T00:33:45.769627+00:00,7200.28,0,0,3,4.01,0,1,0
2026-10-05T00:39:30.140389+00:00,6558.27,0,0,3,2.12,2,1,0
2026-10-05T00:41:25.586727+00:00,2793.28,0,0,4,6.43,0,0,0
2026-10-05T00:43:39.305824+00:00,862.37,0,0,1,6.09,0,0,0
2026-10-05T00:47:25.291228+00:00,1712.6,0,0,0,1.21,1,0,0
2026-10-05T00:50:37.488402+00:00,11946.49,0,0,2,6.84,0,0,0
2026-10-05T00:53:01.278410+00:00,3054.93,0,0,2,7.29,1,0,0
2026-10-05T00:54:44.938800+00:00,4921.22,0,0,0,11.07,0,0,0
2026-10-05T00:55:44.988504+00:00,1972.29,0,0,1,5.14,0,1,0
2026-10-05T00:55:58.459637+00:00,2489.77,0,0,1,8.2,0,0,0
2026-10-05T00:59:34.467638+00:00,1852.91,0,0,3,3.74,0,1,0
2026-10-05T01:00:59.800337+00:00,3944.02,1,0,1,4.62,0,1,0
2026-10-05T01:01:50.801794+00:00,6162.32,1,0,0,5.43,0,1,0
2026-10-05T01:05:57.916443+00:00,2325.55,1,0,1,11.29,0,0,0
2026-10-05T01:07:09.182761+00:00,2157.91,1,0,2,4.29,1,1,1
2026-10-05T01:12:34.894514+00:00,1391.04,1,0,0,4.75,0,0,0
2026-10-05T01:19:51.667496+00:00,683.73,1,0,2,2.17,0,0,0
2026-10-05T01:27:19.642730+00:00,9023.04,1,0,0,1.18,0,0,0
2026-10-05T01:29:32.562698+00:00,1275.72,1,0,0,5.5,1,0,0
2026-10-05T01:33:09.291858+00:00,5221.28,1,0,0,4.02,1,0,0
2026-10-05T01:40:03.558444+00:00,4080.75,1,0,4,5.61,0,0,1
2026-10-05T01:48:05.603753+00:00,5068.09,1,1,2,1.68,0,1,0
2026-10-05T01:50:08.057703+00:00,8895.03,1,0,0,8.52,0,0,0
2026-10-05T01:51:13.046943+00:00,3184.78,1,0,1,6.71,0,0,0
2026-10-05T01:52:18.125237+00:00,7363.35,1,0,0,1.14,0,1,1
2026-10-05T01:58:38.148981+00:00,647.39,1,0,1,2.28,1,1,0
2026-10-05T02:01:57.839042+00:00,3213.3,2,1,0,0.82,0,0,0
2026-10-05T02:05:38.340588+00:00,21796.83,2,0,0,1.53,2,0,1
2026-10-05T02:07:48.839342+00:00,1074.28,2,0,0,3.55,0,1,1
2026-10-05T02:08:54.136568+00:00,4379.93,2,0,0,1.69,0,0,0
2026-10-05T02:13:54.371378+00:00,4883.13,2,0,4,8.96,0,0,1
2026-10-05T02:27:38.450848+00:00,5752.7,2,3,4,6.46,0,0,1
2026-10-05T02:37:18.435518+00:00,1260.8,2,0,0,2.24,0,0,0
2026-10-05T02:39:14.200034+00:00,3722.3,2,0,0,8.94,0,1,1
2026-10-05T02:39:38.455844+00:00,1220.86,2,0,1,1.59,0,1,1
2026-10-05T02:40:05.690514+00:00,4358.85,2,0,1,2.19,0,0,0
2026-10-05T02:47:43.205586+00:00,2049.47,2,0,0,1.52,0,1,1
2026-10-05T02:48:06.478020+00:00,2972.55,2,1,1,0.75,0,0,0
2026-10-05T02:48:40.993394+00:00,1780.26,2,0,0,6.47,0,1,0
2026-10-05T02:55:33.155517+00:00,625.49,2,0,0,0.25,0,0,0
2026-10-05T02:56:54.562608+00:00,687.36,2,0,3,10.64,2,0,1
2026-10-05T03:00:32.202106+00:00,318.38,3,0,2,3.49,0,1,1
2026-10-05T03:04:25.940822+00:00,3140.08,3,0,0,5.25,0,1,0
2026-10-05T03:05:06.461336+00:00,6101.87,3,0,3,3.16,0,0,1
2026-10-05T03:06:18.528826+00:00,127.38,3,0,0,7.34,0,0,0
2026-10-05T03:10:51.115747+00:00,279.31,3,3,1,7.25,0,1,1
2026-10-05T03:18:30.144578+00:00,2016.82,3,0,0,5.58,0,0,1
2026-10-05T03:21:05.599052+00:00,4342.71,3,1,0,1.1,0,1,0
2026-10-05T03:23:17.597487+00:00,609.21,3,0,1,5.32,0,0,0
2026-10-05T03:23:48.261590+00:00,1074.32,3,0,1,0.49,0,0,0
2026-10-05T03:27:13.051972+00:00,16090.37,3,0,2,7.09,0,0,1
2026-10-05T03:27:19.229230+00:00,1689.59,3,0,3,3.71,0,0,1
2026-10-05T03:28:46.843542+00:00,875.65,3,0,1,0.12,0,1,0
2026-10-05T03:30:00.989704+00:00,1451.32,3,0,0,2.4,0,0,0
2026-10-05T03:30:47.581478+00:00,4232.64,3,0,4,10.3,0,1,1
2026-10-05T03:31:50.970668+00:00,3081.44,3,0,0,5.07,0,0,0
2026-10-05T03:32:58.843815+00:00,330.93,3,0,2,2.55,0,1,0
2026-10-05T03:35:52.758390+00:00,3309.31,3,0,0,1.36,0,0,0
2026-10-05T03:36:48.405432+00:00,2134.63,3,0,0,1.77,0,0,0
2026-10-05T03:39:16.596405+00:00,8785.46,3,0,1,5.02,1,1,1
2026-10-05T03:40:54.278510+00:00,1152.84,3,0,0,1.88,0,0,0
2026-10-05T03:47:24.821893+00:00,24222.48,3,1,0,1.79,0,0,1
2026-10-05T03:47:25.107467+00:00,23473.33,3,1,1,1.63,0,1,1
2026-10-05T03:50:51.393615+00:00,861.24,3,0,0,11.04,0,1,0
2026-10-05T03:51:22.940096+00:00,7533.13,3,0,0,1.83,1,0,0
2026-10-05T03:54:27.813511+00:00,2222.14,3,0,2,0.65,1,0,0
2026-10-05T04:00:22.177869+00:00,3695.04,4,0,0,7.47,0,0,0
2026-10-05T04:00:22.679229+00:00,20267.75,4,0,1,4.05,0,0,1
2026-10-05T04:02:10.985432+00:00,1014.05,4,0,0,3.22,0,0,0
2026-10-05T04:08:08.781098+00:00,17009.19,4,0,3,8.08,0,0,1
2026-10-05T04:09:06.411973+00:00,1289.55,4,1,1,2.43,1,0,0
2026-10-05T04:11:51.077321+00:00,2276.11,4,0,0,1.49,0,0,0
2026-10-05T04:14:53.857044+00:00,1558.92,4,0,0,4.29,0,0,0
2026-10-05T04:19:37.351301+00:00,3334.21,4,0,1,1.81,0,0,0
2026-10-05T04:20:19.398056+00:00,2196.84,4,0,0,5.77,0,0,0
2026-10-05T04:25:10.741409+00:00,74.79,4,2,1,2.73,0,0,1
2026-10-05T04:27:08.865635+00:00,3416.51,4,0,2,4.66,0,0,0
2026-10-05T04:38:51.616546+00:00,1814.85,4,0,4,4.97,2,0,1
2026-10-05T04:41:34.654905+00:00,1397.89,4,0,1,2.7,0,0,0
2026-10-05T04:43:28.132153+00:00,376.41,4,0,1,2.4,0,0,0
2026-10-05T04:44:25.789073+00:00,856.59,4,0,1,4.79,0,0,0
2026-10-05T04:44:33.534104+00:00,870.59,4,0,2,2.95,0,1,0
2026-10-05T04:49:13.091439+00:00,8825.02,4,0,1,9.84,0,1,1
2026-10-05T04:49:49.876656+00:00,1872.92,4,0,1,5.12,0,0,0
2026-10-05T04:57:15.293570+00:00,197.52,4,0,1,5.41,0,0,0
2026-10-05T05:00:05.333965+00:00,538.23,5,0,2,7.98,0,0,0
2026-10-05T05:01:14.081454+00:00,323.46,5,0,3,13.44,0,0,0
2026-10-05T05:18:19.916587+00:00,2904.3,5,0,2,5.18,0,1,0
2026-10-05T05:25:57.869843+00:00,720.99,5,0,2,3.94,0,0,0
2026-10-05T05:29:51.211687+00:00,2268.85,5,0,1,1.15,0,1,0
2026-10-05T05:31:31.027615+00:00,1538.83,5,1,1,1.55,0,1,0
2026-10-05T05:49:24.700084+00:00,20791.34,5,0,2,6.39,1,0,0
2026-10-05T05:50:11.111089+00:00,1296.42,5,0,1,1.58,0,0,0
2026-10-05T05:51:52.264597+00:00,2021.53,5,3,1,11.47,0,0,0
2026-10-05T05:57:32.834056+00:00,4148.22,5,0,0,3.15,3,1,1
2026-10-05T05:58:26.654064+00:00,18276.73,5,1,2,11.51,0,1,1
2026-10-05T05:58:48.527249+00:00,5103.45,5,0,2,3.77,0,0,0
2026-10-05T05:59:09.956324+00:00,3528.08,5,0,0,1.86,0,1,0
2026-10-05T05:59:45.006944+00:00,1751.3,5,0,4,2.21,0,0,0
2026-10-05T06:01:17.494888+00:00,2303.66,6,2,3,3.98,0,0,0
2026-10-05T06:04:14.723471+00:00,10995.78,6,1,1,1.71,0,0,0
2026-10-05T06:06:55.769432+00:00,3527.39,6,0,2,10.44,0,1,0
2026-10-05T06:07:21.182506+00:00,7592.25,6,0,0,1.97,0,0,0
2026-10-05T06:13:26.067380+00:00,690.2,6,0,1,4.59,0,0,0
2026-10-05T06:16:33.418042+00:00,2172.54,6,0,1,2.58,0,0,0
2026-10-05T06:16:45.357864+00:00,7718.19,6,0,1,6.29,0,1,0
2026-10-05T06:18:17.307053+00:00,1306.44,6,1,3,14.82,0,0,0
2026-10-05T06:21:50.458545+00:00,11041.06,6,0,1,6.05,0,0,0
2026-10-05T06:23:39.483430+00:00,20093.6,6,0,3,9.18,0,1,1
2026-10-05T06:25:33.429788+00:00,27658.01,6,0,1,1.53,0,0,0
2026-10-05T06:27:39.174214+00:00,1945.34,6,0,0,4.72,0,1,0
2026-10-05T06:27:58.036954+00:00,15584.28,6,0,1,2.62,0,0,0
2026-10-05T06:28:59.443420+00:00,6832.11,6,0,1,3.44,0,1,0
2026-10-05T06:33:07.818755+00:00,988.87,6,0,0,0.54,0,1,0
2026-10-05T06:33:30.029921+00:00,132.0,6,1,1,13.68,0,1,0
2026-10-05T06:40:10.936868+00:00,527.07,6,0,2,4.23,3,0,0
2026-10-05T06:41:35.106609+00:00,3503.87,6,0,1,3.33,0,1,0
2026-10-05T06:45:11.591541+00:00,12246.18,6,0,2,5.79,0,1,0
2026-10-05T06:52:05.220985+00:00,438.17,6,0,1,5.82,0,0,0
2026-10-05T06:56:06.551482+00:00,2043.36,6,0,2,1.78,0,0,0
2026-10-05T06:58:02.710305+00:00,697.53,6,0,0,25.69,0,0,0
2026-10-05T06:59:05.827184+00:00,4433.23,6,1,1,8.18,1,0,0
2026-10-05T07:05:45.715687+00:00,18953.45,7,0,1,1.68,0,0,0
2026-10-05T07:08:21.090377+00:00,937.53,7,0,0,4.62,0,1,0
2026-10-05T07:11:03.473148+00:00,759.72,7,0,0,3.7,0,1,0
2026-10-05T07:13:38.394662+00:00,2633.19,7,1,0,7.27,0,1,0
2026-10-05T07:17:01.232501+00:00,6668.06,7,0,1,0.66,0,0,0
2026-10-05T07:17:59.899895+00:00,2349.85,7,2,5,4.84,0,0,1
2026-10-05T07:21:17.602385+00:00,252.03,7,0,1,3.33,0,0,0
2026-10-05T07:26:20.951808+00:00,2711.88,7,0,1,1.13,0,0,0
2026-10-05T07:31:41.442042+00:00,5170.78,7,0,0,5.32,0,0,0
2026-10-05T07:32:09.721288+00:00,14136.09,7,0,1,2.08,0,1,0
2026-10-05T07:33:13.816704+00:00,16578.15,7,0,2,6.38,0,0,0
2026-10-05T07:37:51.636568+00:00,725.66,7,0,0,6.13,1,1,0
2026-10-05T07:38:28.994323+00:00,4446.43,7,0,0,4.93,0,0,0
2026-10-05T07:38:44.959076+00:00,2926.26,7,1,1,2.76,0,1,0
2026-10-05T07:39:21.106715+00:00,19442.38,7,0,1,5.5,3,1,1
2026-10-05T07:41:24.551386+00:00,20103.43,7,0,0,7.77,0,0,0
2026-10-05T07:43:30.149631+00:00,1352.23,7,0,0,4.67,0,0,0
2026-10-05T07:43:49.216882+00:00,10869.66,7,0,2,2.44,1,0,0
2026-10-05T07:43:57.673020+00:00,940.83,7,1,0,5.46,0,0,0
2026-10-05T07:49:35.783351+00:00,7481.36,7,1,2,1.45,0,0,0
2026-10-05T07:50:55.063045+00:00,2840.05,7,0,1,3.15,0,0,0
2026-10-05T08:04:38.827169+00:00,481.08,8,1,4,2.02,0,0,0
2026-10-05T08:04:40.851359+00:00,22211.2,8,0,4,15.92,0,0,1
2026-10-05T08:06:25.098644+00:00,25253.05,8,0,0,4.04,0,1,1
2026-10-05T08:23:16.609158+00:00,1795.22,8,0,0,0.37,0,0,0
2026-10-05T08:26:17.135377+00:00,23651.83,8,0,0,3.03,0,1,1
2026-10-05T08:37:40.217030+00:00,1008.13,8,1,1,0.69,0,0,0
2026-10-05T08:41:39.327144+00:00,2767.57,8,0,0,2.95,1,0,0
2026-10-05T08:52:31.708700+00:00,24181.83,8,0,1,7.1,0,1,0
2026-10-05T08:52:41.484242+00:00,8169.99,8,1,3,1.83,0,0,0
2026-10-05T08:54:52.138397+00:00,2188.6,8,0,1,4.17,0,0,0
2026-10-05T08:58:34.821820+00:00,3326.51,8,0,1,3.56,0,1,0
2026-10-05T09:02:04.464611+00:00,69.55,9,0,0,7.2,0,1,0
2026-10-05T09:02:15.709528+00:00,994.37,9,1,1,3.04,0,1,0
2026-10-05T09:04:44.003267+00:00,1105.49,9,3,0,11.57,0,0,0
2026-10-05T09:06:41.598487+00:00,16003.6,9,0,1,4.61,0,1,1
2026-10-05T09:08:08.037083+00:00,1109.86,9,1,0,2.62,1,0,0
2026-10-05T09:12:34.230514+00:00,1299.4,9,1,2,0.62,0,0,0
2026-10-05T09:14:15.955963+00:00,11152.0,9,0,1,8.59,0,0,0
2026-10-05T09:14:44.319203+00:00,3594.2,9,0,1,2.75,0,1,0
2026-10-05T09:17:21.579760+00:00,1836.43,9,0,2,7.08,0,0,0
2026-10-05T09:18:48.829768+00:00,14227.67,9,0,0,6.45,0,0,0
2026-10-05T09:22:13.668767+00:00,592.25,9,1,0,11.04,0,0,0
2026-10-05T09:22:56.752121+00:00,23012.66,9,1,2,0.87,1,0,0
2026-10-05T09:26:38.674713+00:00,3392.68,9,0,2,6.84,0,1,0
2026-10-05T09:27:47.452737+00:00,242.99,9,1,0,1.29,0,1,0
2026-10-05T09:33:20.498711+00:00,24105.57,9,0,0,3.31,0,1,1
2026-10-05T09:34:11.101322+00:00,396.68,9,0,2,3.74,0,1,0
2026-10-05T09:40:10.336350+00:00,543.68,9,0,3,4.47,0,1,0
2026-10-05T09:42:34.098728+00:00,616.75,9,1,1,5.53,0,0,0
2026-10-05T09:48:12.136973+00:00,8519.28,9,1,3,6.26,0,0,0
2026-10-05T09:48:36.576240+00:00,3738.71,9,0,2,1.95,0,0,0
2026-10-05T09:58:00.982042+00:00,18840.67,9,2,2,2.06,0,1,1
2026-10-05T09:59:28.397140+00:00,19718.1,9,0,0,9.35,0,0,0
2026-10-05T10:07:13.042221+00:00,16015.37,10,0,1,5.8,0,1,1
2026-10-05T10:07:14.634803+00:00,3163.77,10,0,1,0.88,0,1,0
2026-10-05T10:10:13.080740+00:00,1749.24,10,1,3,11.58,0,0,0
2026-10-05T10:10:57.182947+00:00,562.85,10,0,0,18.42,0,1,0
2026-10-05T10:13:50.257538+00:00,3803.63,10,0,0,4.81,0,0,0
2026-10-05T10:19:20.050661+00:00,504.1,10,0,2,0.61,0,1,0
2026-10-05T10:24:19.383664+00:00,17852.98,10,1,2,6.66,0,1,0
2026-10-05T10:25:46.363496+00:00,5506.71,10,2,0,11.27,2,0,1
2026-10-05T10:26:09.724508+00:00,3513.29,10,0,1,0.42,0,0,0
2026-10-05T10:37:39.721355+00:00,3250.19,10,1,2,2.82,0,0,0
2026-10-05T10:42:36.787716+00:00,1793.23,10,0,0,2.95,0,0,0
2026-10-05T10:42:56.111182+00:00,20141.52,10,0,0,7.2,2,1,1
2026-10-05T10:44:40.379489+00:00,17494.67,10,1,0,1.45,0,1,0
2026-10-05T10:50:37.305165+00:00,24331.64,10,0,3,4.37,0,0,0
2026-10-05T10:50:45.100551+00:00,2344.11,10,0,1,9.27,0,0,0
2026-10-05T10:53:46.728936+00:00,11203.97,10,0,2,3.72,0,0,0
2026-10-05T10:55:25.032026+00:00,10033.63,10,0,1,5.99,0,0,0
2026-10-05T10:56:37.869797+00:00,1761.63,10,0,1,2.95,0,1,0
2026-10-05T10:57:47.924058+00:00,5558.44,10,0,2,9.42,0,0,0
2026-10-05T11:02:58.995029+00:00,2567.71,11,0,5,9.94,1,0,0
2026-10-05T11:07:24.798285+00:00,2354.21,11,0,0,15.34,0,0,0
2026-10-05T11:07:55.162602+00:00,17990.87,11,0,0,4.82,0,0,0
2026-10-05T11:09:57.470880+00:00,2790.42,11,0,4,20.75,0,1,0
2026-10-05T11:13:01.006656+00:00,28000.0,11,3,0,9.69,0,1,1
2026-10-05T11:18:56.395495+00:00,18111.89,11,0,1,10.76,0,0,0
2026-10-05T11:21:07.817698+00:00,4998.44,11,0,0,3.3,0,0,0
2026-10-05T11:21:53.826945+00:00,617.66,11,1,1,0.55,1,1,0
2026-10-05T11:24:49.881214+00:00,1480.38,11,0,2,2.49,0,1,0
2026-10-05T11:27:37.815318+00:00,909.71,11,0,1,8.4,0,0,0
2026-10-05T11:27:57.872558+00:00,20926.94,11,0,0,3.13,0,0,0
2026-10-05T11:28:36.153451+00:00,22168.2,11,0,0,4.76,0,0,1
2026-10-05T11:39:30.345928+00:00,1512.13,11,0,0,1.42,0,0,0
2026-10-05T11:39:32.459819+00:00,2692.22,11,0,2,9.95,0,0,0
2026-10-05T11:40:17.161092+00:00,1906.87,11,0,2,6.13,0,0,0
2026-10-05T11:41:49.037756+00:00,1140.75,11,0,2,5.04,0,0,0
2026-10-05T11:49:14.092406+00:00,380.85,11,0,1,0.98,0,0,0
2026-10-05T11:57:06.078968+00:00,21240.03,11,1,1,6.79,0,0,0
2026-10-05T12:04:15.409501+00:00,96.6,12,0,2,4.0,0,0,0
2026-10-05T12:08:16.885919+00:00,65.29,12,0,4,8.81,0,1,0
2026-10-05T12:09:20.754403+00:00,5670.54,12,0,1,3.49,0,0,0
2026-10-05T12:09:31.735390+00:00,28000.0,12,0,1,0.89,0,0,0
2026-10-05T12:10:07.560529+00:00,4215.71,12,1,1,8.71,0,0,0
2026-10-05T12:10:48.124479+00:00,109.25,12,0,0,2.21,0,0,0
2026-10-05T12:13:48.846854+00:00,882.64,12,0,1,8.19,0,0,0
2026-10-05T12:18:39.067393+00:00,11481.56,12,0,1,2.93,0,1,0
2026-10-05T12:20:15.916785+00:00,5350.92,12,1,0,9.92,0,0,0
2026-10-05T12:21:39.660916+00:00,22815.35,12,0,1,1.78,0,1,0
2026-10-05T12:21:57.728017+00:00,925.01,12,0,2,2.5,0,0,0
2026-10-05T12:23:06.387023+00:00,17253.95,12,0,0,2.98,1,0,0
2026-10-05T12:25:59.931656+00:00,127.46,12,0,1,19.93,0,1,0
2026-10-05T12:26:12.739771+00:00,3089.44,12,0,0,3.46,0,0,0
2026-10-05T12:29:04.151361+00:00,130.64,12,0,2,1.64,0,0,0
2026-10-05T12:29:07.213465+00:00,16239.77,12,0,1,1.45,0,0,0
2026-10-05T12:48:07.477349+00:00,708.28,12,0,0,9.33,0,1,0
2026-10-05T12:50:01.160660+00:00,4029.01,12,0,1,4.8,0,0,0
2026-10-05T12:51:04.949649+00:00,599.17,12,0,1,3.28,0,1,0
2026-10-05T12:51:48.913703+00:00,2545.54,12,0,2,3.49,0,1,0
2026-10-05T12:53:18.580794+00:00,328.95,12,0,1,6.43,0,1,0
2026-10-05T12:54:23.419110+00:00,4718.45,12,0,2,3.74,0,1,0
2026-10-05T12:54:28.033487+00:00,2873.72,12,0,1,1.97,0,0,0
2026-10-05T13:00:52.029955+00:00,348.34,13,0,0,2.86,0,1,0
2026-10-05T13:02:51.899104+00:00,6100.76,13,0,2,8.15,0,0,0
2026-10-05T13:07:23.354658+00:00,2594.09,13,0,3,4.89,1,0,0
2026-10-05T13:09:06.630474+00:00,8206.67,13,0,0,2.91,2,0,1
2026-10-05T13:12:11.781849+00:00,24220.29,13,1,1,2.37,0,0,0
2026-10-05T13:15:32.918488+00:00,8162.71,13,1,1,4.26,0,0,0
2026-10-05T13:17:28.019372+00:00,319.13,13,0,3,1.64,0,1,0
2026-10-05T13:20:28.822129+00:00,20716.52,13,0,0,2.16,0,0,0
2026-10-05T13:23:50.634710+00:00,14135.61,13,0,2,10.96,0,0,0
2026-10-05T13:28:28.833625+00:00,2199.68,13,0,1,8.68,0,1,0
2026-10-05T13:34:42.268392+00:00,930.69,13,1,0,9.29,0,0,0
2026-10-05T13:35:49.177993+00:00,4758.3,13,0,0,3.02,1,0,0
2026-10-05T13:36:47.538866+00:00,1042.12,13,0,0,11.18,1,0,0
2026-10-05T13:38:18.071178+00:00,4217.04,13,0,1,6.67,0,0,0
2026-10-05T13:43:07.668026+00:00,19617.19,13,0,0,4.66,1,1,1
2026-10-05T13:51:06.274385+00:00,4967.83,13,0,2,3.07,1,0,0
2026-10-05T13:51:14.361769+00:00,1084.87,13,0,2,1.27,0,0,0
2026-10-05T13:53:55.762752+00:00,1703.29,13,0,1,3.25,0,0,0
2026-10-05T13:54:17.864461+00:00,1766.11,13,0,1,3.64,0,1,0
2026-10-05T13:54:41.591482+00:00,2222.7,13,1,0,4.25,0,0,0
2026-10-05T13:58:03.665203+00:00,646.14,13,0,0,2.64,0,1,0
2026-10-05T13:59:33.768898+00:00,18772.46,13,1,1,1.4,0,0,0
2026-10-05T13:59:36.318073+00:00,2347.84,13,0,1,2.56,0,1,0
2026-10-05T14:00:34.835446+00:00,20706.72,14,0,1,21.54,0,1,1
2026-10-05T14:05:48.723595+00:00,5545.59,14,0,1,1.72,0,1,0
2026-10-05T14:07:56.344177+00:00,2390.98,14,0,1,5.57,0,0,0
2026-10-05T14:11:44.160056+00:00,899.63,14,0,1,8.88,0,1,0
2026-10-05T14:13:21.036791+00:00,3541.77,14,1,1,6.18,0,0,0
2026-10-05T14:14:15.875510+00:00,5167.51,14,1,1,1.91,0,0,0
2026-10-05T14:16:57.923575+00:00,1291.16,14,0,0,6.36,0,0,0
2026-10-05T14:17:02.715924+00:00,3376.8,14,0,1,9.56,0,0,0
2026-10-05T14:18:58.780608+00:00,568.55,14,1,1,4.1,1,0,0
2026-10-05T14:21:00.329760+00:00,1399.0,14,0,0,2.67,0,0,0
2026-10-05T14:24:19.574945+00:00,7737.95,14,1,2,1.09,0,1,0
2026-10-05T14:32:49.459187+00:00,7812.28,14,0,2,1.94,0,0,0
2026-10-05T14:46:29.233453+00:00,2800.58,14,1,3,9.19,0,0,0
2026-10-05T14:48:53.355788+00:00,3937.89,14,0,0,4.84,0,0,0
2026-10-05T14:50:06.324270+00:00,24085.95,14,0,2,6.06,0,1,1
2026-10-05T14:58:46.730325+00:00,10246.7,14,0,0,1.1,0,1,0
2026-10-05T14:58:52.113399+00:00,2213.99,14,0,1,3.93,0,0,0
2026-10-05T15:00:58.500700+00:00,2698.62,15,0,1,2.89,2,0,0
2026-10-05T15:04:40.322641+00:00,1779.17,15,0,1,4.81,2,0,0
2026-10-05T15:08:46.665185+00:00,299.05,15,0,2,13.15,0,0,0
2026-10-05T15:10:06.190169+00:00,1818.63,15,0,1,6.02,0,1,0
2026-10-05T15:12:53.241610+00:00,5063.65,15,0,2,5.82,0,1,0
2026-10-05T15:16:43.220953+00:00,5289.34,15,0,2,7.48,0,1,0
2026-10-05T15:17:09.684074+00:00,7193.19,15,0,4,0.71,1,0,0
2026-10-05T15:18:34.840878+00:00,229.08,15,0,0,1.14,0,1,0
2026-10-05T15:25:31.244013+00:00,2456.76,15,0,1,5.28,2,1,1
2026-10-05T15:25:52.149816+00:00,15537.87,15,0,2,1.66,0,0,0
2026-10-05T15:35:07.511692+00:00,777.03,15,0,0,2.19,0,1,0
2026-10-05T15:36:12.809145+00:00,7435.21,15,0,0,4.69,0,0,0
2026-10-05T15:36:56.389623+00:00,2257.6,15,0,2,7.09,0,0,0
2026-10-05T15:48:16.727877+00:00,4607.43,15,0,1,1.71,0,0,0
2026-10-05T15:54:58.736813+00:00,272.96,15,2,0,9.61,0,0,0
2026-10-05T15:55:14.741423+00:00,1785.67,15,0,3,10.91,1,0,0
2026-10-05T15:59:35.971220+00:00,3649.1,15,1,0,5.5,0,0,0
2026-10-05T16:06:02.798227+00:00,18024.7,16,0,2,3.33,2,0,1
2026-10-05T16:07:10.573728+00:00,1321.62,16,0,2,4.71,0,0,0
2026-10-05T16:08:59.100225+00:00,273.52,16,0,2,9.14,0,0,0
2026-10-05T16:09:11.610666+00:00,3431.71,16,0,0,4.3,0,1,0
2026-10-05T16:13:19.668466+00:00,11377.49,16,0,2,4.96,1,0,0
2026-10-05T16:14:41.919350+00:00,5675.13,16,1,0,10.62,0,0,0
2026-10-05T16:16:45.522755+00:00,11816.53,16,1,1,1.17,0,0,0
2026-10-05T16:18:40.584263+00:00,6038.37,16,2,1,1.78,0,0,0
2026-10-05T16:19:51.840927+00:00,6243.59,16,1,0,0.97,0,1,0
2026-10-05T16:19:56.424538+00:00,2814.57,16,0,1,3.81,0,0,0
2026-10-05T16:22:29.850517+00:00,2397.07,16,0,0,4.24,0,1,0
2026-10-05T16:22:34.912317+00:00,1728.17,16,1,1,8.45,0,0,0
2026-10-05T16:23:07.067759+00:00,5513.66,16,0,2,6.96,0,0,0
2026-10-05T16:23:09.077486+00:00,703.12,16,0,0,5.01,0,0,0
2026-10-05T16:23:21.072758+00:00,245.18,16,0,3,7.97,0,1,0
2026-10-05T16:27:46.834839+00:00,9514.31,16,0,2,5.87,0,1,0
2026-10-05T16:29:05.649271+00:00,72.11,16,0,1,11.37,0,0,0
2026-10-05T16:30:18.211064+00:00,12107.58,16,1,0,3.77,0,1,0
2026-10-05T16:34:13.705977+00:00,4236.31,16,0,0,9.88,0,0,0
2026-10-05T16:37:02.269575+00:00,1334.37,16,2,1,0.34,0,0,0
2026-10-05T16:37:35.336660+00:00,3889.54,16,1,0,2.57,0,1,0
2026-10-05T16:57:32.815624+00:00,5509.8,16,0,1,1.1,0,0,0
2026-10-05T16:58:24.341056+00:00,960.86,16,0,1,4.95,0,0,0
2026-10-05T16:58:41.421082+00:00,4775.45,16,0,2,8.28,0,0,0
2026-10-05T16:59:20.340743+00:00,5280.89,16,1,1,3.17,1,0,0
2026-10-05T17:01:19.273402+00:00,977.83,17,0,2,4.96,0,0,0
2026-10-05T17:05:11.514692+00:00,197.06,17,0,4,6.38,0,1,0
2026-10-05T17:06:11.786623+00:00,790.59,17,0,0,2.63,0,0,0
2026-10-05T17:10:27.989988+00:00,776.65,17,0,0,4.18,0,1,0
2026-10-05T17:15:11.500441+00:00,275.89,17,0,0,6.39,0,0,0
2026-10-05T17:26:01.214312+00:00,4202.89,17,0,1,6.59,0,0,0
2026-10-05T17:32:54.221152+00:00,1589.59,17,0,1,1.5,0,0,0
2026-10-05T17:34:33.475739+00:00,6964.0,17,0,4,5.34,0,0,0
2026-10-05T17:34:43.678295+00:00,989.86,17,0,1,3.57,0,1,0
2026-10-05T17:40:01.814841+00:00,1991.94,17,1,1,5.78,1,1,0
2026-10-05T17:42:49.026699+00:00,3320.56,17,0,1,7.0,0,1,0
2026-10-05T17:44:32.803350+00:00,25446.44,17,0,2,0.8,0,1,1
2026-10-05T17:58:02.927286+00:00,2439.66,17,2,2,3.55,3,1,1
2026-10-05T17:58:31.876694+00:00,1556.47,17,0,1,5.48,1,0,0
2026-10-05T18:07:13.280921+00:00,6516.06,18,0,1,6.04,0,1,0
2026-10-05T18:09:39.968893+00:00,1248.55,18,1,1,11.34,0,1,0
2026-10-05T18:11:19.285675+00:00,324.82,18,0,0,2.5,1,1,0
2026-10-05T18:11:42.689134+00:00,1944.36,18,0,2,5.17,1,1,0
2026-10-05T18:11:54.348245+00:00,22659.25,18,0,3,9.66,0,0,0
2026-10-05T18:14:11.531802+00:00,160.05,18,0,2,5.27,0,0,0
2026-10-05T18:19:47.530998+00:00,2881.14,18,0,1,5.7,0,0,0
2026-10-05T18:23:55.615982+00:00,2948.15,18,0,2,6.62,0,0,0
2026-10-05T18:25:21.010396+00:00,8503.65,18,0,1,5.37,2,1,0
2026-10-05T18:33:51.072119+00:00,1140.08,18,0,0,2.34,0,0,0
2026-10-05T18:36:55.152491+00:00,1106.05,18,0,0,2.43,0,1,0
2026-10-05T18:46:18.076195+00:00,20393.88,18,0,2,12.27,0,1,1
2026-10-05T18:46:38.224215+00:00,1472.73,18,0,1,3.05,0,0,0
2026-10-05T18:50:24.316901+00:00,4325.97,18,0,0,2.47,0,0,0
2026-10-05T18:51:55.615279+00:00,18393.53,18,0,0,9.36,0,1,1
2026-10-05T18:55:24.567576+00:00,4612.42,18,0,1,4.97,0,0,0
2026-10-05T19:00:53.233032+00:00,5548.1,19,0,2,5.19,0,1,0
2026-10-05T19:04:40.059232+00:00,27926.65,19,2,2,6.45,0,0,1
2026-10-05T19:09:03.777683+00:00,1864.04,19,0,1,4.8,0,1,0
2026-10-05T19:14:10.240226+00:00,13435.14,19,0,1,11.53,0,0,0
2026-10-05T19:17:15.787253+00:00,837.32,19,0,2,5.43,0,1,0
2026-10-05T19:17:16.146625+00:00,4069.73,19,0,0,7.17,0,1,0
2026-10-05T19:18:30.549655+00:00,2503.49,19,0,0,1.57,0,0,0
2026-10-05T19:27:06.160103+00:00,22090.24,19,0,0,3.22,0,1,1
2026-10-05T19:35:32.198393+00:00,2132.75,19,0,2,4.78,1,0,0
2026-10-05T19:37:10.810205+00:00,4963.02,19,0,0,10.57,0,0,0
2026-10-05T19:37:53.969924+00:00,28000.0,19,1,0,0.98,0,0,0
2026-10-05T19:40:29.368583+00:00,4277.17,19,1,2,5.0,0,0,0
2026-10-05T19:47:22.860042+00:00,4848.9,19,0,0,1.27,2,0,0
2026-10-05T19:52:17.064831+00:00,282.52,19,0,0,1.21,1,1,0
2026-10-05T19:55:32.772539+00:00,793.95,19,0,1,4.35,0,1,0
2026-10-05T19:59:45.969017+00:00,11776.51,19,0,2,5.62,1,1,0
2026-10-05T20:00:58.771779+00:00,17027.14,20,0,0,1.96,0,0,0
2026-10-05T20:01:04.036036+00:00,18740.22,20,0,0,8.19,0,1,1
2026-10-05T20:12:36.882126+00:00,15966.99,20,0,2,1.28,0,1,1
2026-10-05T20:12:36.957276+00:00,17650.17,20,0,0,10.05,0,1,0
2026-10-05T20:15:15.665101+00:00,1534.13,20,1,0,1.77,1,0,0
2026-10-05T20:16:58.442205+00:00,2271.12,20,0,1,2.8,0,1,0
2026-10-05T20:18:09.548866+00:00,820.23,20,0,2,3.46,2,1,1
2026-10-05T20:25:40.634708+00:00,668.37,20,0,0,1.53,1,1,0
2026-10-05T20:28:43.909507+00:00,2332.4,20,2,2,3.01,0,1,1
2026-10-05T20:37:46.977016+00:00,2881.31,20,0,2,5.09,0,1,0
2026-10-05T20:42:40.450472+00:00,937.85,20,0,1,8.21,0,1,0
2026-10-05T20:47:14.717265+00:00,2892.8,20,1,1,2.13,0,1,0
2026-10-05T20:50:40.474359+00:00,7439.17,20,0,0,6.09,0,0,0
2026-10-05T20:51:18.978796+00:00,2110.83,20,0,0,4.12,0,0,0
2026-10-05T20:52:13.402896+00:00,6292.46,20,0,1,3.09,0,0,0
2026-10-05T20:58:58.017536+00:00,8447.27,20,1,3,3.51,0,0,0
2026-10-05T21:03:56.945456+00:00,15315.86,21,1,0,11.34,0,0,0
2026-10-05T21:05:08.838567+00:00,382.3,21,0,2,0.84,1,1,0
2026-10-05T21:18:40.617971+00:00,2128.31,21,0,3,5.84,0,0,0
2026-10-05T21:24:25.343721+00:00,2898.34,21,1,1,1.8,0,0,0
2026-10-05T21:26:20.090062+00:00,1835.75,21,0,2,1.37,0,1,0
2026-10-05T21:26:36.579763+00:00,1324.62,21,1,1,3.92,0,0,0
2026-10-05T21:27:59.079329+00:00,3338.13,21,0,1,7.08,0,1,0
2026-10-05T21:32:26.530617+00:00,66.67,21,1,2,3.6,0,0,0
2026-10-05T21:33:26.516785+00:00,11081.8,21,0,2,3.43,0,1,0
2026-10-05T21:35:24.461755+00:00,905.02,21,0,3,4.68,0,0,0
2026-10-05T21:39:40.594403+00:00,26928.16,21,0,0,2.8,0,0,1
2026-10-05T21:40:11.021553+00:00,429.37,21,0,2,1.37,0,1,0
2026-10-05T21:41:16.356947+00:00,930.15,21,1,2,4.14,0,1,0
2026-10-05T21:41:37.836245+00:00,916.69,21,0,0,2.81,0,1,0
2026-10-05T21:45:41.813093+00:00,17853.4,21,0,1,1.46,0,1,1
2026-10-05T21:47:37.231743+00:00,20129.68,21,0,0,4.54,0,0,0
2026-10-05T21:48:29.359157+00:00,3326.07,21,0,3,2.88,0,0,0
2026-10-05T21:53:22.391051+00:00,6581.0,21,0,0,4.73,0,0,0
2026-10-05T21:56:40.715984+00:00,3629.84,21,0,2,1.24,2,0,0
2026-10-05T22:20:11.247934+00:00,1501.82,22,1,0,5.11,0,1,0
2026-10-05T22:26:46.016746+00:00,10227.93,22,0,3,8.56,1,1,0
2026-10-05T22:27:37.392515+00:00,7227.38,22,1,0,6.66,0,0,0
2026-10-05T22:35:53.600983+00:00,1881.06,22,0,0,3.49,0,0,0
2026-10-05T22:44:42.784785+00:00,2785.57,22,0,2,4.91,0,1,0
2026-10-05T22:50:38.014704+00:00,11026.74,22,1,2,2.76,0,0,0
2026-10-05T22:51:18.199227+00:00,13016.83,22,0,1,3.44,0,1,0
2026-10-05T22:57:56.262653+00:00,1972.05,22,0,0,2.64,1,1,0
2026-10-05T22:59:53.677513+00:00,6074.74,22,0,1,9.36,0,0,0
2026-10-05T23:02:59.737257+00:00,1210.43,23,0,1,3.76,0,0,0
2026-10-05T23:05:19.412176+00:00,1547.73,23,0,0,15.6,0,0,0
2026-10-05T23:09:26.147707+00:00,636.35,23,0,1,9.88,0,0,0
2026-10-05T23:09:28.160223+00:00,811.01,23,2,1,3.77,0,1,0
2026-10-05T23:14:46.839243+00:00,3482.9,23,0,0,7.73,3,1,1
2026-10-05T23:19:49.379546+00:00,2347.83,23,0,1,6.73,1,1,0
2026-10-05T23:20:25.753835+00:00,15588.15,23,0,0,4.25,1,0,0
2026-10-05T23:24:46.032445+00:00,1710.2,23,1,1,1.22,0,1,0
2026-10-05T23:36:00.473154+00:00,1554.72,23,0,3,2.3,0,1,0
2026-10-05T23:41:09.769407+00:00,14046.9,23,0,0,4.01,0,0,0
2026-10-05T23:48:40.373464+00:00,20493.19,23,0,1,1.24,0,0,0
2026-10-05T23:55:09.615505+00:00,1631.1,23,0,0,4.98,0,0,0
2026-10-05T23:57:58.530800+00:00,7907.8,23,0,1,4.96,0,0,0
2026-10-06T00:00:21.294056+00:00,21405.31,0,0,1,4.7,0,0,0
2026-10-06T00:10:07.230736+00:00,3587.44,0,0,1,2.22,0,1,0
2026-10-06T00:10:09.714402+00:00,10942.23,0,0,1,1.72,2,1,0
2026-10-06T00:13:23.457920+00:00,1643.21,0,0,0,5.42,0,0,0
2026-10-06T00:13:42.521207+00:00,3705.04,0,0,2,11.2,2,0,1
2026-10-06T00:15:36.682332+00:00,1182.78,0,0,0,0.25,0,0,0
2026-10-06T00:15:54.850325+00:00,1050.95,0,0,2,5.62,0,1,0
2026-10-06T00:18:32.210948+00:00,18681.96,0,0,2,3.47,0,0,0
2026-10-06T00:19:47.508705+00:00,28000.0,0,1,1,6.16,0,0,1
2026-10-06T00:25:03.696495+00:00,1991.36,0,1,0,9.08,0,0,0
2026-10-06T00:37:50.981880+00:00,23707.06,0,0,0,5.25,1,0,0
2026-10-06T00:42:46.598270+00:00,7924.46,0,0,1,5.63,0,0,0
2026-10-06T00:43:21.230027+00:00,996.68,0,1,1,13.75,0,0,0
2026-10-06T00:47:55.028639+00:00,1704.36,0,0,3,4.75,0,0,0
2026-10-06T00:49:55.597615+00:00,3358.77,0,0,1,4.9,0,0,0
2026-10-06T00:51:06.252874+00:00,2395.7,0,0,1,3.84,0,0,0
2026-10-06T00:54:38.741114+00:00,382.82,0,0,1,12.06,1,0,0
2026-10-06T01:03:20.043469+00:00,16274.06,1,0,1,1.43,0,1,1
2026-10-06T01:06:58.209992+00:00,4530.29,1,0,2,3.94,2,1,1
2026-10-06T01:08:30.916480+00:00,1902.27,1,0,3,6.51,0,0,1
2026-10-06T01:09:13.574910+00:00,3140.88,1,3,5,1.96,0,0,1
2026-10-06T01:10:19.798160+00:00,353.27,1,0,1,2.24,0,1,0
2026-10-06T01:12:55.673077+00:00,2248.14,1,0,2,4.76,1,1,1
2026-10-06T01:15:21.813240+00:00,8607.91,1,0,3,14.57,0,0,1
2026-10-06T01:18:10.626627+00:00,7321.31,1,0,2,6.35,0,1,0
2026-10-06T01:23:29.721863+00:00,1376.98,1,0,3,7.4,0,0,1
2026-10-06T01:28:08.174854+00:00,18887.92,1,0,0,7.36,0,0,1
2026-10-06T01:34:05.303220+00:00,3884.92,1,0,1,0.53,0,0,0
2026-10-06T01:35:33.726106+00:00,1389.69,1,0,2,3.56,0,1,0
2026-10-06T01:39:15.376477+00:00,274.65,1,1,0,3.54,0,0,0
2026-10-06T01:40:05.385005+00:00,2313.09,1,0,2,7.11,0,0,0
2026-10-06T01:45:18.333239+00:00,3005.24,1,0,2,3.61,0,0,0
2026-10-06T01:48:07.361701+00:00,78.75,1,0,1,9.37,2,0,1
2026-10-06T01:53:50.730424+00:00,381.46,1,0,2,4.11,2,0,1
2026-10-06T01:58:05.655918+00:00,803.36,1,0,2,1.07,3,0,1
2026-10-06T02:02:28.471873+00:00,1428.93,2,1,0,4.23,0,1,1
2026-10-06T02:02:58.124477+00:00,17402.61,2,0,1,0.48,0,0,1
2026-10-06T02:05:06.608166+00:00,1173.34,2,1,0,7.41,1,0,0
2026-10-06T02:16:58.935245+00:00,1094.3,2,0,0,5.85,0,0,0
2026-10-06T02:22:18.839535+00:00,6572.73,2,0,0,10.02,0,0,0
2026-10-06T02:31:33.073747+00:00,561.48,2,0,0,8.2,0,1,1
2026-10-06T02:45:35.190250+00:00,2249.15,2,0,2,3.41,0,1,0
2026-10-06T02:46:05.105072+00:00,9832.43,2,0,4,6.69,0,0,1
2026-10-06T02:46:17.319207+00:00,3198.77,2,0,1,7.48,0,1,1
2026-10-06T02:50:03.013786+00:00,4101.71,2,0,3,5.57,0,0,1
2026-10-06T02:58:00.012274+00:00,1865.73,2,0,1,6.87,1,1,0
2026-10-06T03:04:18.213509+00:00,124.43,3,0,0,1.44,0,0,0
2026-10-06T03:05:54.175589+00:00,3384.25,3,0,2,3.98,0,1,1
2026-10-06T03:07:17.796689+00:00,3258.29,3,1,0,5.84,1,0,0
2026-10-06T03:11:16.035563+00:00,18761.87,3,0,3,5.39,0,0,1
2026-10-06T03:12:13.582353+00:00,2044.62,3,0,0,9.26,0,0,0
2026-10-06T03:12:31.576516+00:00,7960.74,3,0,0,4.05,2,0,1
2026-10-06T03:13:08.381619+00:00,794.46,3,0,2,2.96,0,0,0
2026-10-06T03:17:12.120477+00:00,2038.31,3,3,0,9.14,0,1,1
2026-10-06T03:18:12.343172+00:00,2038.34,3,0,0,9.13,0,1,0
2026-10-06T03:19:06.998661+00:00,22378.2,3,0,1,4.71,0,0,1
2026-10-06T03:20:26.394333+00:00,5629.76,3,0,2,4.69,0,0,0
2026-10-06T03:20:52.725334+00:00,4617.05,3,1,0,3.04,0,0,0
2026-10-06T03:21:03.998173+00:00,1515.51,3,0,0,4.99,1,1,1
2026-10-06T03:29:02.974690+00:00,19603.73,3,0,0,1.71,0,0,1
2026-10-06T03:30:10.485918+00:00,1435.96,3,2,0,8.49,0,0,1
2026-10-06T03:35:48.792995+00:00,3704.1,3,1,0,1.7,0,1,0
2026-10-06T03:39:58.332387+00:00,19443.97,3,0,1,4.38,3,0,1
2026-10-06T03:45:48.248176+00:00,10787.72,3,0,0,5.69,2,1,1
2026-10-06T03:46:09.216790+00:00,1994.33,3,0,3,6.18,1,0,0
2026-10-06T03:52:14.827498+00:00,3262.74,3,1,0,4.41,0,0,0
2026-10-06T03:53:38.629043+00:00,2539.27,3,0,2,3.97,0,0,0
2026-10-06T03:55:00.149187+00:00,582.39,3,0,2,0.7,0,0,0
2026-10-06T03:56:24.643585+00:00,2038.93,3,0,2,7.83,1,0,0
2026-10-06T03:58:37.667552+00:00,2578.71,3,0,3,1.37,0,0,1
2026-10-06T03:59:50.470395+00:00,9694.68,3,0,0,3.58,0,0,0
2026-10-06T04:04:38.888104+00:00,1520.98,4,0,2,1.32,0,1,0
2026-10-06T04:05:30.858984+00:00,12594.37,4,0,1,1.55,0,1,1
2026-10-06T04:09:57.742515+00:00,19605.69,4,2,1,1.99,0,0,1
2026-10-06T04:10:40.519353+00:00,948.61,4,0,0,4.65,0,0,0
2026-10-06T04:12:50.786088+00:00,740.89,4,0,1,4.76,0,0,0
2026-10-06T04:16:47.539376+00:00,548.95,4,0,1,2.33,0,0,0
2026-10-06T04:20:31.984671+00:00,1990.19,4,0,3,5.31,1,1,1
2026-10-06T04:23:02.278064+00:00,130.95,4,1,1,7.91,0,1,0
2026-10-06T04:25:29.817252+00:00,1944.38,4,0,0,6.21,1,0,0
2026-10-06T04:44:13.070603+00:00,14322.9,4,0,1,8.38,0,0,0
2026-10-06T04:46:24.411706+00:00,3608.76,4,1,0,2.72,0,1,0
2026-10-06T04:48:28.275843+00:00,4623.92,4,0,1,1.31,0,0,0
2026-10-06T04:48:28.562942+00:00,465.45,4,3,0,10.25,0,0,1
2026-10-06T04:48:40.307570+00:00,17186.57,4,0,1,3.09,0,0,1
2026-10-06T04:55:28.822567+00:00,1138.99,4,0,3,8.42,0,1,1
2026-10-06T04:57:21.937460+00:00,7244.76,4,0,0,5.87,1,0,0
2026-10-06T04:57:39.280166+00:00,700.09,4,0,2,9.38,0,1,0
2026-10-06T04:57:49.333344+00:00,2024.3,4,0,0,5.71,1,0,0
2026-10-06T05:02:52.717779+00:00,2897.91,5,0,0,5.21,0,1,0
2026-10-06T05:08:38.833201+00:00,2369.22,5,0,0,7.8,0,0,0
2026-10-06T05:12:37.738881+00:00,5734.85,5,0,1,0.26,0,1,0
2026-10-06T05:15:38.264149+00:00,902.41,5,0,0,5.88,0,0,0
2026-10-06T05:17:44.116390+00:00,1576.28,5,0,0,0.54,1,0,0
2026-10-06T05:29:43.030602+00:00,25561.78,5,0,1,2.96,0,0,0
2026-10-06T05:32:26.753525+00:00,2462.97,5,0,1,5.42,0,0,0
2026-10-06T05:35:19.230100+00:00,1705.95,5,0,3,6.73,0,0,0
2026-10-06T05:42:09.369949+00:00,155.63,5,0,0,5.42,1,1,0
2026-10-06T05:50:47.524949+00:00,4539.77,5,0,0,7.8,0,1,0
2026-10-06T05:51:37.490065+00:00,11522.64,5,0,1,1.35,0,0,0
2026-10-06T05:55:32.092117+00:00,20334.17,5,0,0,3.88,0,0,0
2026-10-06T05:56:42.214376+00:00,6273.46,5,0,0,7.58,0,0,0
2026-10-06T05:58:02.715674+00:00,2387.94,5,0,0,5.55,2,0,0
2026-10-06T06:00:28.101080+00:00,903.36,6,0,0,0.54,0,0,0
2026-10-06T06:02:58.707790+00:00,106.55,6,0,0,3.67,1,1,0
2026-10-06T06:08:59.008836+00:00,3450.65,6,0,0,3.66,0,1,0
2026-10-06T06:13:05.849755+00:00,2234.27,6,0,1,5.13,0,1,0
2026-10-06T06:13:10.827969+00:00,4935.87,6,1,2,5.21,0,0,0
2026-10-06T06:13:11.501468+00:00,3856.49,6,0,2,5.61,0,1,0
2026-10-06T06:15:41.271450+00:00,14200.44,6,2,1,1.28,0,1,0
2026-10-06T06:17:01.689428+00:00,2344.76,6,2,1,3.38,0,1,1
2026-10-06T06:17:07.376134+00:00,1842.96,6,4,1,2.13,2,0,1
2026-10-06T06:17:13.471759+00:00,1141.31,6,0,1,0.34,0,0,0
2026-10-06T06:17:44.906319+00:00,2133.31,6,0,2,3.03,0,0,0
2026-10-06T06:24:08.344304+00:00,21047.88,6,0,0,5.88,0,0,0
2026-10-06T06:25:58.322221+00:00,198.77,6,0,1,8.87,0,1,0
2026-10-06T06:32:01.781034+00:00,12258.98,6,0,2,2.16,0,0,0
2026-10-06T06:45:41.430794+00:00,16081.51,6,0,0,6.52,0,0,0
2026-10-06T06:49:46.880666+00:00,2974.75,6,0,2,1.29,0,0,0
2026-10-06T06:50:08.958326+00:00,1348.91,6,2,0,1.91,0,1,0
2026-10-06T06:57:49.433497+00:00,867.61,6,0,2,12.69,0,0,0
2026-10-06T07:00:00.364702+00:00,1095.65,7,0,2,3.57,2,1,0
2026-10-06T07:01:32.479599+00:00,224.49,7,2,1,0.84,0,1,0
2026-10-06T07:06:38.324093+00:00,17304.74,7,0,1,2.21,0,1,1
2026-10-06T07:10:38.504523+00:00,248.91,7,1,2,6.66,0,0,0
2026-10-06T07:13:37.364231+00:00,4116.1,7,1,0,3.54,0,0,0
2026-10-06T07:16:58.369739+00:00,1548.33,7,0,2,5.43,0,0,0
2026-10-06T07:21:11.436380+00:00,771.52,7,0,0,0.7,0,0,0
2026-10-06T07:21:28.944218+00:00,2578.84,7,0,0,8.2,0,0,0
2026-10-06T07:27:08.087440+00:00,11709.42,7,0,1,3.36,0,0,0
2026-10-06T07:37:54.511037+00:00,3861.19,7,0,3,2.3,2,0,0
2026-10-06T07:40:38.373660+00:00,15888.9,7,0,0,3.68,0,0,0
2026-10-06T07:47:33.167029+00:00,4860.64,7,0,0,3.52,0,0,0
2026-10-06T07:49:37.958848+00:00,4339.73,7,0,0,1.18,1,0,0
2026-10-06T07:51:28.167030+00:00,7174.17,7,0,1,9.26,0,0,0
2026-10-06T07:57:14.758913+00:00,792.79,7,0,1,7.73,0,0,0
2026-10-06T08:07:15.275576+00:00,19548.54,8,1,1,4.49,0,0,0
2026-10-06T08:09:32.890382+00:00,1206.05,8,0,1,2.29,0,1,0
2026-10-06T08:11:52.219428+00:00,9116.64,8,0,1,4.13,0,0,0
2026-10-06T08:24:19.672033+00:00,1115.95,8,0,1,9.08,1,1,0
2026-10-06T08:25:57.609917+00:00,25636.09,8,0,1,4.83,0,0,0
2026-10-06T08:29:32.722673+00:00,10679.01,8,0,3,3.74,0,0,0
2026-10-06T08:30:58.710542+00:00,563.13,8,0,2,5.02,0,0,0
2026-10-06T08:32:28.898565+00:00,11801.03,8,0,2,0.85,0,0,0
2026-10-06T08:33:50.412813+00:00,346.79,8,0,2,5.82,2,0,0
2026-10-06T08:33:53.951048+00:00,849.21,8,0,1,1.59,1,1,0
2026-10-06T08:36:46.444643+00:00,17636.31,8,0,0,3.14,0,1,1
2026-10-06T08:47:03.101499+00:00,28000.0,8,0,2,5.09,0,0,1
2026-10-06T08:51:38.760732+00:00,2205.7,8,0,2,8.88,0,0,0
2026-10-06T08:53:16.174986+00:00,2618.14,8,1,2,1.89,0,1,0
2026-10-06T09:00:25.366156+00:00,18224.44,9,0,0,3.68,0,0,0
2026-10-06T09:02:36.125268+00:00,11103.95,9,0,2,3.04,1,0,0
2026-10-06T09:05:06.024046+00:00,4954.33,9,1,0,11.96,0,1,0
2026-10-06T09:15:04.287752+00:00,872.16,9,0,2,3.58,0,0,0
2026-10-06T09:22:07.350996+00:00,1215.06,9,0,1,4.45,0,1,0
2026-10-06T09:30:46.694095+00:00,388.73,9,0,0,2.25,0,0,0
2026-10-06T09:32:42.045799+00:00,3369.11,9,0,0,4.93,0,0,0
2026-10-06T09:43:33.377582+00:00,697.93,9,0,0,9.01,0,0,0
2026-10-06T09:46:33.483447+00:00,1012.33,9,1,3,6.07,0,0,0
2026-10-06T09:47:59.228908+00:00,7068.87,9,0,1,8.22,2,1,1
2026-10-06T09:51:24.959278+00:00,1326.07,9,0,1,1.61,0,0,0
2026-10-06T09:52:47.227748+00:00,2735.85,9,1,1,8.66,0,1,0
2026-10-06T10:00:41.296506+00:00,1681.69,10,0,3,2.9,0,0,0
2026-10-06T10:07:29.188080+00:00,306.13,10,0,5,3.19,0,0,0
2026-10-06T10:11:44.754602+00:00,20853.77,10,0,1,7.04,0,0,0
2026-10-06T10:14:39.025663+00:00,1737.96,10,0,1,6.42,0,1,0
2026-10-06T10:19:42.189446+00:00,7293.58,10,0,0,0.19,1,0,0
2026-10-06T10:22:55.527078+00:00,1315.13,10,0,1,4.31,0,1,0
2026-10-06T10:23:03.431207+00:00,1585.8,10,0,0,2.52,0,1,0
2026-10-06T10:23:16.993253+00:00,4947.62,10,0,0,5.08,0,1,0
2026-10-06T10:30:34.050303+00:00,4612.89,10,0,1,3.5,0,1,0
2026-10-06T10:33:43.942591+00:00,5182.88,10,2,2,7.96,0,1,1
2026-10-06T10:34:18.095707+00:00,9897.26,10,1,0,12.82,0,0,0
2026-10-06T10:34:32.628959+00:00,5139.9,10,0,0,8.02,0,1,0
2026-10-06T10:34:40.125351+00:00,17263.25,10,0,1,7.3,0,0,0
2026-10-06T10:39:23.598089+00:00,5574.29,10,0,2,2.46,0,0,0
2026-10-06T10:40:43.182564+00:00,2334.08,10,0,2,2.64,0,1,0
2026-10-06T10:40:43.447776+00:00,1101.07,10,0,1,0.9,0,0,0
2026-10-06T10:40:59.600927+00:00,1214.72,10,0,1,9.82,0,1,0
2026-10-06T10:43:10.311619+00:00,870.88,10,1,0,3.77,0,1,0
2026-10-06T10:43:30.390393+00:00,15349.56,10,0,1,13.73,1,0,0
2026-10-06T10:43:33.899310+00:00,712.61,10,0,1,4.08,0,1,0
2026-10-06T10:57:58.425043+00:00,268.84,10,0,1,3.5,0,0,0
2026-10-06T10:59:50.676921+00:00,7078.53,10,0,1,1.51,0,0,0
2026-10-06T11:00:58.708537+00:00,8616.04,11,0,1,2.98,0,0,0
2026-10-06T11:01:16.554319+00:00,2888.01,11,0,0,0.29,1,0,0
2026-10-06T11:04:21.525077+00:00,5934.07,11,1,1,3.96,0,0,0
2026-10-06T11:06:48.268545+00:00,709.01,11,0,0,12.75,0,0,0
2026-10-06T11:14:41.804124+00:00,7482.29,11,0,0,3.32,0,1,0
2026-10-06T11:22:04.326215+00:00,2319.05,11,4,0,4.49,1,0,0
2026-10-06T11:23:37.378530+00:00,282.49,11,0,2,0.46,0,0,0
2026-10-06T11:30:50.838126+00:00,547.52,11,0,0,1.09,0,0,0
2026-10-06T11:35:24.937836+00:00,1242.66,11,0,0,2.7,0,1,0
2026-10-06T11:35:35.022299+00:00,202.51,11,0,3,6.64,0,1,0
2026-10-06T11:36:37.450138+00:00,1244.13,11,2,2,8.01,1,0,0
2026-10-06T11:42:15.126081+00:00,257.76,11,0,2,3.78,0,0,0
2026-10-06T11:43:02.764397+00:00,921.52,11,3,3,5.39,4,0,1
2026-10-06T11:50:38.368963+00:00,1048.15,11,0,2,1.6,1,0,0
2026-10-06T11:54:06.963468+00:00,16634.28,11,0,1,7.49,0,0,0
2026-10-06T12:00:12.126181+00:00,919.5,12,0,0,8.54,4,0,0
2026-10-06T12:06:14.306954+00:00,21691.87,12,0,3,4.65,0,0,0
2026-10-06T12:16:03.325445+00:00,3774.81,12,1,1,1.66,1,0,0
2026-10-06T12:17:59.434092+00:00,6336.91,12,2,1,3.57,0,1,1
2026-10-06T12:18:09.860333+00:00,1626.34,12,0,1,1.76,1,0,0
2026-10-06T12:21:50.960675+00:00,26150.69,12,0,0,1.4,0,0,0
2026-10-06T12:27:53.005053+00:00,1390.34,12,0,3,2.47,0,0,0
2026-10-06T12:28:22.818914+00:00,762.15,12,0,1,6.17,0,0,0
2026-10-06T12:29:13.366689+00:00,1339.8,12,0,1,3.63,0,0,0
2026-10-06T12:43:30.143966+00:00,3067.87,12,0,0,2.82,0,0,0
2026-10-06T12:47:26.898999+00:00,19569.0,12,0,1,0.57,0,0,0
2026-10-06T12:48:54.403157+00:00,3635.91,12,0,1,1.77,0,0,0
2026-10-06T12:51:05.883956+00:00,925.32,12,0,1,1.55,0,0,0
2026-10-06T12:54:15.351959+00:00,3923.32,12,0,1,0.82,2,0,0
2026-10-06T12:56:16.183445+00:00,20002.89,12,0,0,4.13,0,1,1
2026-10-06T13:01:02.108282+00:00,2007.41,13,1,0,4.97,0,0,0
2026-10-06T13:07:51.663797+00:00,23601.83,13,0,1,4.37,0,1,1
2026-10-06T13:07:53.324076+00:00,3769.05,13,0,1,3.38,0,1,0
2026-10-06T13:21:26.748358+00:00,932.79,13,0,0,2.08,0,0,0
2026-10-06T13:29:13.562396+00:00,5844.18,13,0,1,3.42,0,1,0
2026-10-06T13:30:59.872177+00:00,21900.28,13,0,0,8.02,1,1,1
2026-10-06T13:31:38.446322+00:00,913.44,13,2,1,1.81,0,1,1
2026-10-06T13:33:09.513230+00:00,25676.36,13,0,0,0.62,0,0,0
2026-10-06T13:34:19.787764+00:00,3557.66,13,0,2,0.83,1,1,0
2026-10-06T13:35:09.988819+00:00,1987.23,13,0,1,10.83,1,0,0
2026-10-06T13:48:51.129146+00:00,608.52,13,0,1,5.26,0,0,0
2026-10-06T13:53:15.660478+00:00,16017.01,13,0,2,2.92,0,1,0
2026-10-06T13:57:28.197165+00:00,636.18,13,1,0,3.34,0,0,0
2026-10-06T14:00:55.537734+00:00,1855.93,14,0,1,6.15,0,1,0
2026-10-06T14:04:51.731192+00:00,1741.45,14,0,0,0.46,0,0,0
2026-10-06T14:05:48.316640+00:00,4132.8,14,1,0,1.11,0,1,0
2026-10-06T14:15:34.636822+00:00,19076.59,14,0,1,11.43,0,0,0
2026-10-06T14:17:23.788410+00:00,5580.8,14,0,2,8.15,1,0,0
2026-10-06T14:21:12.969818+00:00,1323.11,14,0,0,2.1,0,0,0
2026-10-06T14:22:19.905428+00:00,1938.29,14,1,2,0.83,0,0,0
2026-10-06T14:23:48.305512+00:00,4795.7,14,0,3,10.21,0,0,0
2026-10-06T14:24:09.926071+00:00,3202.0,14,0,1,4.53,0,0,0
2026-10-06T14:24:26.388217+00:00,1238.26,14,0,0,3.6,0,0,0
2026-10-06T14:27:14.993222+00:00,1621.89,14,1,3,3.45,0,1,0
2026-10-06T14:28:57.411193+00:00,19488.73,14,0,3,6.02,0,1,0
2026-10-06T14:32:24.807037+00:00,2950.56,14,1,0,4.22,1,0,0
2026-10-06T14:32:40.954977+00:00,1354.09,14,0,0,1.95,3,0,0
2026-10-06T14:34:04.903617+00:00,23184.67,14,0,1,1.73,0,1,1
2026-10-06T14:34:19.686022+00:00,16704.61,14,0,1,6.98,0,0,0
2026-10-06T15:01:03.259660+00:00,563.94,15,0,2,1.48,1,0,0
2026-10-06T15:01:15.014886+00:00,1248.65,15,0,0,1.73,0,1,0
2026-10-06T15:02:39.918048+00:00,861.02,15,0,2,2.85,0,0,0
2026-10-06T15:15:40.727651+00:00,1643.39,15,0,0,7.13,0,1,0
2026-10-06T15:20:10.201542+00:00,22941.26,15,2,0,3.98,0,1,1
2026-10-06T15:21:50.490312+00:00,2321.65,15,0,3,4.46,0,1,0
2026-10-06T15:27:30.403215+00:00,4554.58,15,0,1,0.84,0,1,0
2026-10-06T15:29:03.269645+00:00,731.04,15,2,1,5.26,1,0,0
2026-10-06T15:31:16.242664+00:00,9428.21,15,1,0,8.45,0,0,0
2026-10-06T15:40:08.589464+00:00,1403.47,15,0,1,7.72,1,1,0
2026-10-06T15:40:13.664430+00:00,1202.5,15,0,1,8.53,0,1,0
2026-10-06T15:57:14.624354+00:00,3758.4,15,0,0,3.21,0,0,0
2026-10-06T16:05:03.009902+00:00,5299.71,16,0,2,2.67,0,1,0
2026-10-06T16:07:01.551907+00:00,1581.84,16,1,0,4.12,0,1,0
2026-10-06T16:08:19.553547+00:00,4456.04,16,0,1,4.08,1,0,0
2026-10-06T16:11:51.126907+00:00,6946.05,16,0,0,2.83,1,1,0
2026-10-06T16:13:15.776302+00:00,4718.8,16,0,0,5.88,0,1,0
2026-10-06T16:24:45.416136+00:00,17580.61,16,2,1,2.23,0,0,1
2026-10-06T16:26:17.471666+00:00,5681.11,16,0,0,6.71,0,0,0
2026-10-06T16:29:19.704789+00:00,4825.92,16,0,0,15.81,0,0,0
2026-10-06T16:29:35.243225+00:00,3600.85,16,0,1,4.81,0,0,0
2026-10-06T16:30:29.299567+00:00,4627.07,16,1,0,0.23,0,1,0
2026-10-06T16:32:50.927604+00:00,28000.0,16,1,2,8.63,0,0,0
2026-10-06T16:39:37.921710+00:00,1865.03,16,0,2,9.78,0,1,0
2026-10-06T16:43:05.805008+00:00,282.69,16,0,0,2.76,0,0,0
2026-10-06T16:50:36.076031+00:00,2037.07,16,0,1,10.25,0,1,0
2026-10-06T16:53:59.758539+00:00,13490.97,16,1,0,7.54,3,0,0
2026-10-06T16:54:39.317472+00:00,1175.18,16,0,0,10.94,1,0,0
2026-10-06T17:02:03.740334+00:00,2888.85,17,1,1,0.28,0,0,0
2026-10-06T17:02:48.332584+00:00,1245.66,17,0,0,5.8,0,0,0
2026-10-06T17:03:22.451990+00:00,24448.4,17,1,2,3.72,0,0,0
2026-10-06T17:05:51.601704+00:00,5582.86,17,0,1,1.33,1,0,0
2026-10-06T17:06:14.308996+00:00,1805.55,17,0,3,2.22,0,1,0
2026-10-06T17:08:28.541341+00:00,7432.69,17,0,2,2.45,2,0,0
2026-10-06T17:17:52.741386+00:00,17827.0,17,0,1,0.9,0,1,0
2026-10-06T17:31:33.906022+00:00,5926.52,17,0,1,4.06,0,1,0
2026-10-06T17:34:52.455030+00:00,23210.42,17,0,1,12.59,3,0,1
2026-10-06T17:37:01.329679+00:00,1303.52,17,0,1,4.65,0,1,0
2026-10-06T17:46:00.430169+00:00,1195.49,17,0,1,6.92,0,0,0
2026-10-06T17:49:16.717700+00:00,1224.74,17,0,2,4.05,0,1,0
2026-10-06T17:50:24.455707+00:00,5397.9,17,0,0,2.31,0,0,0
2026-10-06T17:51:00.784065+00:00,5761.54,17,1,0,2.49,0,0,0
2026-10-06T17:51:45.507690+00:00,1340.2,17,0,0,3.71,0,0,0
2026-10-06T17:52:10.110053+00:00,2933.4,17,0,3,6.8,0,0,0
2026-10-06T17:53:19.742509+00:00,538.67,17,1,3,3.86,0,1,0
2026-10-06T17:59:45.611183+00:00,2084.25,17,0,0,1.85,0,0,0
2026-10-06T17:59:54.720314+00:00,21562.38,17,0,3,9.37,0,0,0
2026-10-06T18:01:13.602315+00:00,613.51,18,0,1,7.53,0,0,0
2026-10-06T18:05:48.607793+00:00,9494.04,18,0,1,2.6,0,0,0
2026-10-06T18:07:14.352895+00:00,5623.9,18,0,1,6.78,0,0,0
2026-10-06T18:08:37.941486+00:00,11526.39,18,1,1,8.45,1,0,0
2026-10-06T18:10:00.488532+00:00,693.4,18,0,1,10.64,0,0,0
2026-10-06T18:14:22.877495+00:00,828.6,18,2,2,3.7,0,0,0
2026-10-06T18:16:43.472724+00:00,114.44,18,1,0,9.98,0,0,0
2026-10-06T18:19:20.631333+00:00,24736.12,18,0,1,2.3,0,0,0
2026-10-06T18:19:45.140099+00:00,3365.89,18,0,0,2.89,0,0,0
2026-10-06T18:20:44.794372+00:00,687.5,18,0,1,4.99,0,0,0
2026-10-06T18:26:32.124738+00:00,5071.57,18,0,2,4.3,1,1,0
2026-10-06T18:30:26.292293+00:00,1197.68,18,0,0,4.27,0,0,0
2026-10-06T18:30:49.643070+00:00,524.07,18,1,1,8.29,0,0,0
2026-10-06T18:31:35.699878+00:00,1817.3,18,0,2,4.73,0,0,0
2026-10-06T18:39:38.775339+00:00,365.21,18,0,2,5.16,0,0,0
2026-10-06T18:47:15.079808+00:00,1037.59,18,0,1,7.91,0,0,0
2026-10-06T18:49:50.675662+00:00,1545.29,18,1,0,13.23,0,1,0
2026-10-06T18:51:14.432857+00:00,6170.8,18,0,2,4.57,1,0,0
2026-10-06T19:03:23.021828+00:00,5093.15,19,0,2,5.07,4,1,1
2026-10-06T19:04:10.829351+00:00,1931.2,19,2,1,6.37,0,1,1
2026-10-06T19:06:31.786820+00:00,4186.21,19,0,2,13.36,0,1,0
2026-10-06T19:09:15.421021+00:00,2750.67,19,0,1,4.52,0,1,0
2026-10-06T19:19:07.542298+00:00,1393.73,19,0,2,8.15,0,0,0
2026-10-06T19:20:04.576899+00:00,4201.34,19,0,2,6.46,0,0,0
2026-10-06T19:23:52.957498+00:00,3741.37,19,0,1,2.59,0,0,0
2026-10-06T19:27:18.805772+00:00,3148.65,19,0,0,5.0,0,0,0
2026-10-06T19:29:50.755075+00:00,3139.1,19,0,1,3.34,0,0,0
2026-10-06T19:34:31.861566+00:00,3736.15,19,1,0,4.54,3,0,0
2026-10-06T19:36:42.568977+00:00,1613.26,19,0,5,5.24,0,0,0
2026-10-06T19:54:50.035683+00:00,6566.04,19,1,2,2.28,0,1,0
2026-10-06T19:56:21.198485+00:00,626.73,19,0,1,5.55,0,0,0
2026-10-06T20:07:08.179754+00:00,6950.17,20,0,2,15.02,0,0,0
2026-10-06T20:09:40.706661+00:00,1400.73,20,0,1,9.4,0,1,0
2026-10-06T20:11:04.996050+00:00,487.42,20,0,0,2.41,0,1,0
2026-10-06T20:13:48.970340+00:00,2992.35,20,0,1,6.16,1,0,0
2026-10-06T20:16:07.232083+00:00,22003.87,20,0,0,0.72,0,1,0
2026-10-06T20:16:49.293021+00:00,5468.33,20,2,0,5.31,0,0,0
2026-10-06T20:21:12.684085+00:00,1863.19,20,1,1,1.46,0,0,0
2026-10-06T20:23:33.176756+00:00,3593.81,20,0,4,6.55,0,0,0
2026-10-06T20:40:15.837150+00:00,16001.72,20,2,1,7.55,0,0,1
2026-10-06T20:43:12.274979+00:00,812.09,20,0,1,2.09,0,0,0
2026-10-06T20:47:14.932094+00:00,22080.32,20,0,2,2.38,0,0,0
2026-10-06T20:49:37.481681+00:00,3047.06,20,0,0,1.12,0,0,0
2026-10-06T20:53:12.470364+00:00,3483.58,20,0,0,5.4,0,0,0
2026-10-06T20:54:32.162346+00:00,2822.37,20,0,2,5.17,0,0,0
2026-10-06T20:57:14.514780+00:00,14228.01,20,0,0,2.16,0,1,0
2026-10-06T20:59:16.684057+00:00,3819.06,20,0,1,4.99,0,1,0
2026-10-06T21:06:44.680690+00:00,8639.87,21,0,1,9.19,0,0,0
2026-10-06T21:12:41.327374+00:00,461.56,21,0,0,3.08,0,0,0
2026-10-06T21:14:15.727738+00:00,19155.65,21,1,0,3.91,0,0,1
2026-10-06T21:19:32.467236+00:00,1252.02,21,0,0,4.06,1,0,0
2026-10-06T21:35:24.431571+00:00,13681.17,21,0,1,2.48,3,1,1
2026-10-06T21:39:10.888300+00:00,17366.81,21,0,2,6.37,0,1,1
2026-10-06T21:42:17.273478+00:00,2401.92,21,0,1,4.65,0,1,0
2026-10-06T21:51:08.307569+00:00,2798.49,21,0,2,4.22,0,1,0
2026-10-06T21:53:47.611466+00:00,4435.63,21,2,1,6.77,0,0,1
2026-10-06T21:55:05.649580+00:00,11426.06,21,1,1,1.56,0,0,0
2026-10-06T21:57:11.905564+00:00,6798.74,21,0,0,3.98,0,1,0
2026-10-06T21:57:45.828522+00:00,463.13,21,1,1,5.52,0,0,0
2026-10-06T22:03:06.746522+00:00,1382.45,22,1,0,1.46,0,1,0
2026-10-06T22:09:42.793467+00:00,1005.52,22,0,1,1.56,0,1,0
2026-10-06T22:11:11.599990+00:00,682.65,22,0,1,2.83,0,0,0
2026-10-06T22:12:00.745301+00:00,18881.77,22,0,1,19.46,0,1,1
2026-10-06T22:15:18.301403+00:00,2638.52,22,0,1,4.79,0,0,0
2026-10-06T22:17:10.930152+00:00,884.94,22,0,0,4.28,0,0,0
2026-10-06T22:18:08.927046+00:00,21704.78,22,1,1,5.79,0,1,1
2026-10-06T22:32:12.590219+00:00,4284.59,22,0,1,4.61,0,0,0
2026-10-06T22:33:33.248084+00:00,127.85,22,0,0,3.16,0,0,0
2026-10-06T22:36:27.366528+00:00,1672.1,22,0,0,0.87,0,0,0
2026-10-06T22:36:48.311045+00:00,25738.01,22,0,3,4.63,0,1,1
2026-10-06T22:46:03.264082+00:00,2410.83,22,0,2,2.62,1,1,0
2026-10-06T22:46:36.599310+00:00,1426.85,22,0,0,3.33,0,1,0
2026-10-06T22:47:16.237944+00:00,15677.99,22,0,2,11.33,0,0,0
2026-10-06T22:53:00.104165+00:00,952.35,22,0,0,11.95,2,1,0
2026-10-06T23:01:35.763940+00:00,396.33,23,0,0,1.11,0,1,0
2026-10-06T23:01:54.039263+00:00,5498.42,23,0,2,2.84,1,0,0
2026-10-06T23:05:32.352600+00:00,20043.67,23,0,2,1.41,0,1,1
2026-10-06T23:10:37.619535+00:00,20932.05,23,2,0,1.44,0,1,1
2026-10-06T23:16:11.397170+00:00,209.61,23,0,0,5.0,0,0,0
2026-10-06T23:27:55.234998+00:00,4925.44,23,0,0,2.31,4,1,1
2026-10-06T23:31:10.376652+00:00,188.24,23,0,1,5.93,0,0,0
2026-10-06T23:43:44.576909+00:00,1239.53,23,0,1,2.93,0,0,0
2026-10-06T23:50:09.811717+00:00,2785.34,23,0,1,8.4,0,0,0
2026-10-06T23:51:59.497185+00:00,1746.05,23,0,0,4.64,0,0,0
2026-10-07T00:02:05.905950+00:00,1121.32,0,0,0,6.75,0,1,0
2026-10-07T00:12:50.724579+00:00,1089.9,0,0,1,4.3,0,1,0
2026-10-07T00:13:06.962584+00:00,5175.04,0,0,0,5.63,1,0,0
2026-10-07T00:15:08.846728+00:00,28000.0,0,0,3,5.8,1,1,1
2026-10-07T00:16:56.428924+00:00,1428.88,0,0,0,5.78,0,1,0
2026-10-07T00:27:48.543863+00:00,187.78,0,0,3,9.57,0,0,0
2026-10-07T00:39:07.914127+00:00,179.2,0,0,0,11.85,1,0,0
2026-10-07T00:39:49.394592+00:00,4616.3,0,2,3,8.09,0,0,0
2026-10-07T00:41:48.871645+00:00,2632.12,0,0,0,1.05,0,1,0
2026-10-07T00:43:13.987370+00:00,25326.65,0,0,3,4.22,0,1,1
2026-10-07T00:45:29.942696+00:00,3886.13,0,0,0,2.63,0,0,0
2026-10-07T00:47:01.443699+00:00,7677.97,0,0,0,2.36,0,0,0
2026-10-07T00:48:11.188445+00:00,26507.91,0,0,2,1.71,0,1,1
2026-10-07T00:48:47.650564+00:00,5028.69,0,1,1,0.38,0,0,0
2026-10-07T00:52:39.052341+00:00,2123.1,0,1,1,6.73,0,0,0
2026-10-07T00:55:35.089910+00:00,1238.73,0,0,0,1.68,0,0,0
2026-10-07T01:04:40.487151+00:00,2323.36,1,1,2,7.02,1,1,1
2026-10-07T01:10:23.820210+00:00,17064.35,1,0,1,3.76,0,1,1
2026-10-07T01:10:56.042333+00:00,22464.82,1,0,1,7.5,1,1,1
2026-10-07T01:13:49.238596+00:00,718.93,1,0,0,4.39,0,0,0
2026-10-07T01:18:32.863043+00:00,3471.23,1,1,3,2.27,0,0,1
2026-10-07T01:18:33.955754+00:00,2011.72,1,0,2,3.31,0,1,0
2026-10-07T01:26:51.545030+00:00,3157.99,1,1,1,11.25,0,1,1
2026-10-07T01:31:38.034320+00:00,936.53,1,0,1,3.84,0,1,1
2026-10-07T01:33:38.409031+00:00,1883.55,1,1,1,2.66,1,0,0
2026-10-07T01:34:13.597811+00:00,815.13,1,0,0,1.11,0,0,0
2026-10-07T01:35:49.285227+00:00,6722.03,1,0,0,7.17,0,1,0
2026-10-07T01:40:48.697481+00:00,22827.55,1,4,2,6.19,0,0,1
2026-10-07T01:41:53.413409+00:00,875.58,1,0,4,5.28,0,1,1
2026-10-07T01:45:08.242555+00:00,194.66,1,0,1,2.18,0,1,1
2026-10-07T01:46:54.735914+00:00,3663.86,1,1,1,6.4,3,0,1
2026-10-07T01:52:42.057033+00:00,833.18,1,1,1,7.9,0,1,1
2026-10-07T01:55:12.013940+00:00,28000.0,1,0,2,1.53,1,0,1
2026-10-07T01:57:35.989174+00:00,2501.37,1,0,4,1.6,0,0,1
2026-10-07T02:05:35.610651+00:00,1151.36,2,0,0,11.91,0,1,0
2026-10-07T02:09:30.981380+00:00,3490.41,2,0,0,5.69,0,0,0
2026-10-07T02:14:27.899490+00:00,1090.04,2,0,4,1.57,0,1,1
2026-10-07T02:16:21.859006+00:00,5552.24,2,0,2,0.58,0,0,0
2026-10-07T02:19:41.768938+00:00,22068.82,2,0,1,2.88,0,0,1
2026-10-07T02:21:12.485854+00:00,27479.81,2,0,1,2.65,0,0,1
2026-10-07T02:22:47.010552+00:00,3033.56,2,0,0,6.26,0,0,0
2026-10-07T02:26:51.381021+00:00,6013.72,2,0,3,0.7,0,0,1
2026-10-07T02:27:40.567126+00:00,301.93,2,0,0,1.69,0,0,0
2026-10-07T02:45:32.102155+00:00,1430.14,2,0,2,11.19,0,1,1
2026-10-07T02:48:43.190954+00:00,4339.86,2,0,1,5.12,0,0,0
2026-10-07T02:54:43.516697+00:00,3466.02,2,1,1,9.22,0,0,0
2026-10-07T02:54:44.963294+00:00,751.11,2,1,0,3.4,0,0,0
2026-10-07T02:56:56.171505+00:00,1469.19,2,0,1,1.09,0,1,1
2026-10-07T02:57:11.443898+00:00,1038.46,2,0,2,0.65,0,1,0
2026-10-07T03:02:55.441766+00:00,3100.92,3,0,0,5.74,1,0,0
2026-10-07T03:04:46.642258+00:00,1411.88,3,1,2,5.09,0,1,0
2026-10-07T03:09:05.003014+00:00,1243.02,3,0,3,2.64,0,0,1
2026-10-07T03:09:36.334410+00:00,803.71,3,0,0,3.41,0,0,0
2026-10-07T03:22:40.671485+00:00,1743.15,3,0,3,2.85,0,0,1
2026-10-07T03:28:11.991002+00:00,756.12,3,0,1,12.27,0,0,0
2026-10-07T03:28:51.331448+00:00,10572.87,3,2,3,3.86,0,0,1
2026-10-07T03:31:35.729822+00:00,597.05,3,0,0,1.42,0,1,0
2026-10-07T03:33:37.437931+00:00,7885.14,3,0,2,1.19,0,0,0
2026-10-07T03:35:32.804348+00:00,19027.56,3,0,0,1.77,0,0,1
2026-10-07T03:37:48.919449+00:00,1578.72,3,0,1,3.58,0,0,0
2026-10-07T03:42:48.300612+00:00,901.86,3,0,3,4.6,0,0,0
2026-10-07T03:44:43.561782+00:00,3291.78,3,0,3,0.28,0,0,1
